#VRML V2.0 utf8
# 3D model generated by easyeda2kicad.py (https://github.com/uPesy/easyeda2kicad.py)

Shape{
    appearance Appearance {
        material  Material 	{
            diffuseColor 1.0 1.0 0.0
            specularColor 0.5019607843137255 0.5019607843137255 0.0
            ambientIntensity 0.886
            transparency 0.0
            shininess 0.5
        }
    }
    geometry IndexedFaceSet {
        ccw TRUE
        solid FALSE
        coord DEF co Coordinate {
            point [
                -3.5138 -1.6634 0.0709, -3.5138 -1.4272 0.0709, -3.5728 -1.6634 0.0709, -3.5728 -1.4272 0.0709, -3.5138 -1.6634 0.0315, -3.5728 -1.6634 0.0315, -3.5138 -1.4272 0.0315, -3.5728 -1.4272 0.0315, -3.5728 -1.4096 0.0335, -3.5138 -1.4096 0.0335, -3.5728 -1.393 0.0393, -3.5138 -1.393 0.0393, -3.5728 -1.3781 0.0487, -3.5138 -1.3781 0.0487, -3.5728 -1.3656 0.0611, -3.5138 -1.3656 0.0611, -3.5728 -1.3562 0.0761, -3.5138 -1.3562 0.0761, -3.5728 -1.3504 0.0927, -3.5138 -1.3504 0.0927, -3.5728 -1.3484 0.1102, -3.5138 -1.3484 0.1102, -3.5138 -1.3484 0.8583, -3.5728 -1.3484 0.8583, -3.5138 -1.3465 0.8758, -3.5728 -1.3465 0.8758, -3.5138 -1.3406 0.8924, -3.5728 -1.3406 0.8924, -3.5138 -1.3313 0.9074, -3.5728 -1.3313 0.9074, -3.5138 -1.3188 0.9198, -3.5728 -1.3188 0.9198, -3.5138 -1.3039 0.9292, -3.5728 -1.3039 0.9292, -3.5138 -1.2872 0.935, -3.5728 -1.2872 0.935, -3.5138 -1.2697 0.937, -3.5728 -1.2697 0.937, -3.5138 -0.561 0.937, -3.5728 -0.561 0.937, -3.5138 -0.4492 0.9788, -3.5728 -0.4492 0.9788, -3.5138 -0.326 0.937, -3.5728 -0.326 0.937, -3.5138 -0.2002 0.937, -3.5728 -0.2002 0.937, -3.5138 -0.2002 0.9764, -3.5728 -0.2002 0.9764, -3.5138 -0.3195 0.9764, -3.5728 -0.3195 0.9764, -3.5138 -0.4498 1.0206, -3.5728 -0.4498 1.0206, -3.5138 -0.5681 0.9764, -3.5728 -0.5681 0.9764, -3.5138 -1.2697 0.9764, -3.5728 -1.2697 0.9764, -3.5728 -1.296 0.9734, -3.5138 -1.296 0.9734, -3.5728 -1.3209 0.9647, -3.5138 -1.3209 0.9647, -3.5728 -1.3433 0.9506, -3.5138 -1.3433 0.9506, -3.5728 -1.362 0.9319, -3.5138 -1.362 0.9319, -3.5728 -1.3761 0.9095, -3.5138 -1.3761 0.9095, -3.5728 -1.3848 0.8846, -3.5138 -1.3848 0.8846, -3.5728 -1.3878 0.8583, -3.5138 -1.3878 0.8583, -3.5138 -1.3878 0.1102, -3.5728 -1.3878 0.1102, -3.5138 -1.3888 0.1015, -3.5728 -1.3888 0.1015, -3.5138 -1.3917 0.0932, -3.5728 -1.3917 0.0932, -3.5138 -1.3964 0.0857, -3.5728 -1.3964 0.0857, -3.5138 -1.4026 0.0795, -3.5728 -1.4026 0.0795, -3.5138 -1.4101 0.0748, -3.5728 -1.4101 0.0748, -3.5138 -1.4184 0.0719, -3.5728 -1.4184 0.0719, -3.3169 -1.6634 0.0709, -3.3169 -1.4272 0.0709, -3.376 -1.6634 0.0709, -3.376 -1.4272 0.0709, -3.3169 -1.6634 0.0315, -3.376 -1.6634 0.0315, -3.3169 -1.4272 0.0315, -3.376 -1.4272 0.0315, -3.376 -1.4096 0.0335, -3.3169 -1.4096 0.0335, -3.376 -1.393 0.0393, -3.3169 -1.393 0.0393, -3.376 -1.3781 0.0487, -3.3169 -1.3781 0.0487, -3.376 -1.3656 0.0611, -3.3169 -1.3656 0.0611, -3.376 -1.3562 0.0761, -3.3169 -1.3562 0.0761, -3.376 -1.3504 0.0927, -3.3169 -1.3504 0.0927, -3.376 -1.3484 0.1102, -3.3169 -1.3484 0.1102, -3.3169 -1.3484 0.8583, -3.376 -1.3484 0.8583, -3.3169 -1.3465 0.8758, -3.376 -1.3465 0.8758, -3.3169 -1.3406 0.8924, -3.376 -1.3406 0.8924, -3.3169 -1.3313 0.9074, -3.376 -1.3313 0.9074, -3.3169 -1.3188 0.9198, -3.376 -1.3188 0.9198, -3.3169 -1.3039 0.9292, -3.376 -1.3039 0.9292, -3.3169 -1.2872 0.935, -3.376 -1.2872 0.935, -3.3169 -1.2697 0.937, -3.376 -1.2697 0.937, -3.3169 -0.561 0.937, -3.376 -0.561 0.937, -3.3169 -0.4492 0.9788, -3.376 -0.4492 0.9788, -3.3169 -0.326 0.937, -3.376 -0.326 0.937, -3.3169 -0.2002 0.937, -3.376 -0.2002 0.937, -3.3169 -0.2002 0.9764, -3.376 -0.2002 0.9764, -3.3169 -0.3195 0.9764, -3.376 -0.3195 0.9764, -3.3169 -0.4498 1.0206, -3.376 -0.4498 1.0206, -3.3169 -0.5681 0.9764, -3.376 -0.5681 0.9764, -3.3169 -1.2697 0.9764, -3.376 -1.2697 0.9764, -3.376 -1.296 0.9734, -3.3169 -1.296 0.9734, -3.376 -1.3209 0.9647, -3.3169 -1.3209 0.9647, -3.376 -1.3433 0.9506, -3.3169 -1.3433 0.9506, -3.376 -1.362 0.9319, -3.3169 -1.362 0.9319, -3.376 -1.3761 0.9095, -3.3169 -1.3761 0.9095, -3.376 -1.3848 0.8846, -3.3169 -1.3848 0.8846, -3.376 -1.3878 0.8583, -3.3169 -1.3878 0.8583, -3.3169 -1.3878 0.1102, -3.376 -1.3878 0.1102, -3.3169 -1.3888 0.1015, -3.376 -1.3888 0.1015, -3.3169 -1.3917 0.0932, -3.376 -1.3917 0.0932, -3.3169 -1.3964 0.0857, -3.376 -1.3964 0.0857, -3.3169 -1.4026 0.0795, -3.376 -1.4026 0.0795, -3.3169 -1.4101 0.0748, -3.376 -1.4101 0.0748, -3.3169 -1.4184 0.0719, -3.376 -1.4184 0.0719, -3.1201 -1.6634 0.0709, -3.1201 -1.4272 0.0709, -3.1791 -1.6634 0.0709, -3.1791 -1.4272 0.0709, -3.1201 -1.6634 0.0315, -3.1791 -1.6634 0.0315, -3.1201 -1.4272 0.0315, -3.1791 -1.4272 0.0315, -3.1791 -1.4096 0.0335, -3.1201 -1.4096 0.0335, -3.1791 -1.393 0.0393, -3.1201 -1.393 0.0393, -3.1791 -1.3781 0.0487, -3.1201 -1.3781 0.0487, -3.1791 -1.3656 0.0611, -3.1201 -1.3656 0.0611, -3.1791 -1.3562 0.0761, -3.1201 -1.3562 0.0761, -3.1791 -1.3504 0.0927, -3.1201 -1.3504 0.0927, -3.1791 -1.3484 0.1102, -3.1201 -1.3484 0.1102, -3.1201 -1.3484 0.8583, -3.1791 -1.3484 0.8583, -3.1201 -1.3465 0.8758, -3.1791 -1.3465 0.8758, -3.1201 -1.3406 0.8924, -3.1791 -1.3406 0.8924, -3.1201 -1.3313 0.9074, -3.1791 -1.3313 0.9074, -3.1201 -1.3188 0.9198, -3.1791 -1.3188 0.9198, -3.1201 -1.3039 0.9292, -3.1791 -1.3039 0.9292, -3.1201 -1.2872 0.935, -3.1791 -1.2872 0.935, -3.1201 -1.2697 0.937, -3.1791 -1.2697 0.937, -3.1201 -0.561 0.937, -3.1791 -0.561 0.937, -3.1201 -0.4492 0.9788, -3.1791 -0.4492 0.9788, -3.1201 -0.326 0.937, -3.1791 -0.326 0.937, -3.1201 -0.2002 0.937, -3.1791 -0.2002 0.937, -3.1201 -0.2002 0.9764, -3.1791 -0.2002 0.9764, -3.1201 -0.3195 0.9764, -3.1791 -0.3195 0.9764, -3.1201 -0.4498 1.0206, -3.1791 -0.4498 1.0206, -3.1201 -0.5681 0.9764, -3.1791 -0.5681 0.9764, -3.1201 -1.2697 0.9764, -3.1791 -1.2697 0.9764, -3.1791 -1.296 0.9734, -3.1201 -1.296 0.9734, -3.1791 -1.3209 0.9647, -3.1201 -1.3209 0.9647, -3.1791 -1.3433 0.9506, -3.1201 -1.3433 0.9506, -3.1791 -1.362 0.9319, -3.1201 -1.362 0.9319, -3.1791 -1.3761 0.9095, -3.1201 -1.3761 0.9095, -3.1791 -1.3848 0.8846, -3.1201 -1.3848 0.8846, -3.1791 -1.3878 0.8583, -3.1201 -1.3878 0.8583, -3.1201 -1.3878 0.1102, -3.1791 -1.3878 0.1102, -3.1201 -1.3888 0.1015, -3.1791 -1.3888 0.1015, -3.1201 -1.3917 0.0932, -3.1791 -1.3917 0.0932, -3.1201 -1.3964 0.0857, -3.1791 -1.3964 0.0857, -3.1201 -1.4026 0.0795, -3.1791 -1.4026 0.0795, -3.1201 -1.4101 0.0748, -3.1791 -1.4101 0.0748, -3.1201 -1.4184 0.0719, -3.1791 -1.4184 0.0719, -2.9232 -1.6634 0.0709, -2.9232 -1.4272 0.0709, -2.9823 -1.6634 0.0709, -2.9823 -1.4272 0.0709, -2.9232 -1.6634 0.0315, -2.9823 -1.6634 0.0315, -2.9232 -1.4272 0.0315, -2.9823 -1.4272 0.0315, -2.9823 -1.4096 0.0335, -2.9232 -1.4096 0.0335, -2.9823 -1.393 0.0393, -2.9232 -1.393 0.0393, -2.9823 -1.3781 0.0487, -2.9232 -1.3781 0.0487, -2.9823 -1.3656 0.0611, -2.9232 -1.3656 0.0611, -2.9823 -1.3562 0.0761, -2.9232 -1.3562 0.0761, -2.9823 -1.3504 0.0927, -2.9232 -1.3504 0.0927, -2.9823 -1.3484 0.1102, -2.9232 -1.3484 0.1102, -2.9232 -1.3484 0.8583, -2.9823 -1.3484 0.8583, -2.9232 -1.3465 0.8758, -2.9823 -1.3465 0.8758, -2.9232 -1.3406 0.8924, -2.9823 -1.3406 0.8924, -2.9232 -1.3313 0.9074, -2.9823 -1.3313 0.9074, -2.9232 -1.3188 0.9198, -2.9823 -1.3188 0.9198, -2.9232 -1.3039 0.9292, -2.9823 -1.3039 0.9292, -2.9232 -1.2872 0.935, -2.9823 -1.2872 0.935, -2.9232 -1.2697 0.937, -2.9823 -1.2697 0.937, -2.9232 -0.561 0.937, -2.9823 -0.561 0.937, -2.9232 -0.4492 0.9788, -2.9823 -0.4492 0.9788, -2.9232 -0.326 0.937, -2.9823 -0.326 0.937, -2.9232 -0.2002 0.937, -2.9823 -0.2002 0.937, -2.9232 -0.2002 0.9764, -2.9823 -0.2002 0.9764, -2.9232 -0.3195 0.9764, -2.9823 -0.3195 0.9764, -2.9232 -0.4498 1.0206, -2.9823 -0.4498 1.0206, -2.9232 -0.5681 0.9764, -2.9823 -0.5681 0.9764, -2.9232 -1.2697 0.9764, -2.9823 -1.2697 0.9764, -2.9823 -1.296 0.9734, -2.9232 -1.296 0.9734, -2.9823 -1.3209 0.9647, -2.9232 -1.3209 0.9647, -2.9823 -1.3433 0.9506, -2.9232 -1.3433 0.9506, -2.9823 -1.362 0.9319, -2.9232 -1.362 0.9319, -2.9823 -1.3761 0.9095, -2.9232 -1.3761 0.9095, -2.9823 -1.3848 0.8846, -2.9232 -1.3848 0.8846, -2.9823 -1.3878 0.8583, -2.9232 -1.3878 0.8583, -2.9232 -1.3878 0.1102, -2.9823 -1.3878 0.1102, -2.9232 -1.3888 0.1015, -2.9823 -1.3888 0.1015, -2.9232 -1.3917 0.0932, -2.9823 -1.3917 0.0932, -2.9232 -1.3964 0.0857, -2.9823 -1.3964 0.0857, -2.9232 -1.4026 0.0795, -2.9823 -1.4026 0.0795, -2.9232 -1.4101 0.0748, -2.9823 -1.4101 0.0748, -2.9232 -1.4184 0.0719, -2.9823 -1.4184 0.0719, -2.7264 -1.6634 0.0709, -2.7264 -1.4272 0.0709, -2.7854 -1.6634 0.0709, -2.7854 -1.4272 0.0709, -2.7264 -1.6634 0.0315, -2.7854 -1.6634 0.0315, -2.7264 -1.4272 0.0315, -2.7854 -1.4272 0.0315, -2.7854 -1.4096 0.0335, -2.7264 -1.4096 0.0335, -2.7854 -1.393 0.0393, -2.7264 -1.393 0.0393, -2.7854 -1.3781 0.0487, -2.7264 -1.3781 0.0487, -2.7854 -1.3656 0.0611, -2.7264 -1.3656 0.0611, -2.7854 -1.3562 0.0761, -2.7264 -1.3562 0.0761, -2.7854 -1.3504 0.0927, -2.7264 -1.3504 0.0927, -2.7854 -1.3484 0.1102, -2.7264 -1.3484 0.1102, -2.7264 -1.3484 0.8583, -2.7854 -1.3484 0.8583, -2.7264 -1.3465 0.8758, -2.7854 -1.3465 0.8758, -2.7264 -1.3406 0.8924, -2.7854 -1.3406 0.8924, -2.7264 -1.3313 0.9074, -2.7854 -1.3313 0.9074, -2.7264 -1.3188 0.9198, -2.7854 -1.3188 0.9198, -2.7264 -1.3039 0.9292, -2.7854 -1.3039 0.9292, -2.7264 -1.2872 0.935, -2.7854 -1.2872 0.935, -2.7264 -1.2697 0.937, -2.7854 -1.2697 0.937, -2.7264 -0.561 0.937, -2.7854 -0.561 0.937, -2.7264 -0.4492 0.9788, -2.7854 -0.4492 0.9788, -2.7264 -0.326 0.937, -2.7854 -0.326 0.937, -2.7264 -0.2002 0.937, -2.7854 -0.2002 0.937, -2.7264 -0.2002 0.9764, -2.7854 -0.2002 0.9764, -2.7264 -0.3195 0.9764, -2.7854 -0.3195 0.9764, -2.7264 -0.4498 1.0206, -2.7854 -0.4498 1.0206, -2.7264 -0.5681 0.9764, -2.7854 -0.5681 0.9764, -2.7264 -1.2697 0.9764, -2.7854 -1.2697 0.9764, -2.7854 -1.296 0.9734, -2.7264 -1.296 0.9734, -2.7854 -1.3209 0.9647, -2.7264 -1.3209 0.9647, -2.7854 -1.3433 0.9506, -2.7264 -1.3433 0.9506, -2.7854 -1.362 0.9319, -2.7264 -1.362 0.9319, -2.7854 -1.3761 0.9095, -2.7264 -1.3761 0.9095, -2.7854 -1.3848 0.8846, -2.7264 -1.3848 0.8846, -2.7854 -1.3878 0.8583, -2.7264 -1.3878 0.8583, -2.7264 -1.3878 0.1102, -2.7854 -1.3878 0.1102, -2.7264 -1.3888 0.1015, -2.7854 -1.3888 0.1015, -2.7264 -1.3917 0.0932, -2.7854 -1.3917 0.0932, -2.7264 -1.3964 0.0857, -2.7854 -1.3964 0.0857, -2.7264 -1.4026 0.0795, -2.7854 -1.4026 0.0795, -2.7264 -1.4101 0.0748, -2.7854 -1.4101 0.0748, -2.7264 -1.4184 0.0719, -2.7854 -1.4184 0.0719, -2.5295 -1.6634 0.0709, -2.5295 -1.4272 0.0709, -2.5886 -1.6634 0.0709, -2.5886 -1.4272 0.0709, -2.5295 -1.6634 0.0315, -2.5886 -1.6634 0.0315, -2.5295 -1.4272 0.0315, -2.5886 -1.4272 0.0315, -2.5886 -1.4096 0.0335, -2.5295 -1.4096 0.0335, -2.5886 -1.393 0.0393, -2.5295 -1.393 0.0393, -2.5886 -1.3781 0.0487, -2.5295 -1.3781 0.0487, -2.5886 -1.3656 0.0611, -2.5295 -1.3656 0.0611, -2.5886 -1.3562 0.0761, -2.5295 -1.3562 0.0761, -2.5886 -1.3504 0.0927, -2.5295 -1.3504 0.0927, -2.5886 -1.3484 0.1102, -2.5295 -1.3484 0.1102, -2.5295 -1.3484 0.8583, -2.5886 -1.3484 0.8583, -2.5295 -1.3465 0.8758, -2.5886 -1.3465 0.8758, -2.5295 -1.3406 0.8924, -2.5886 -1.3406 0.8924, -2.5295 -1.3313 0.9074, -2.5886 -1.3313 0.9074, -2.5295 -1.3188 0.9198, -2.5886 -1.3188 0.9198, -2.5295 -1.3039 0.9292, -2.5886 -1.3039 0.9292, -2.5295 -1.2872 0.935, -2.5886 -1.2872 0.935, -2.5295 -1.2697 0.937, -2.5886 -1.2697 0.937, -2.5295 -0.561 0.937, -2.5886 -0.561 0.937, -2.5295 -0.4492 0.9788, -2.5886 -0.4492 0.9788, -2.5295 -0.326 0.937, -2.5886 -0.326 0.937, -2.5295 -0.2002 0.937, -2.5886 -0.2002 0.937, -2.5295 -0.2002 0.9764, -2.5886 -0.2002 0.9764, -2.5295 -0.3195 0.9764, -2.5886 -0.3195 0.9764, -2.5295 -0.4498 1.0206, -2.5886 -0.4498 1.0206, -2.5295 -0.5681 0.9764, -2.5886 -0.5681 0.9764, -2.5295 -1.2697 0.9764, -2.5886 -1.2697 0.9764, -2.5886 -1.296 0.9734, -2.5295 -1.296 0.9734, -2.5886 -1.3209 0.9647, -2.5295 -1.3209 0.9647, -2.5886 -1.3433 0.9506, -2.5295 -1.3433 0.9506, -2.5886 -1.362 0.9319, -2.5295 -1.362 0.9319, -2.5886 -1.3761 0.9095, -2.5295 -1.3761 0.9095, -2.5886 -1.3848 0.8846, -2.5295 -1.3848 0.8846, -2.5886 -1.3878 0.8583, -2.5295 -1.3878 0.8583, -2.5295 -1.3878 0.1102, -2.5886 -1.3878 0.1102, -2.5295 -1.3888 0.1015, -2.5886 -1.3888 0.1015, -2.5295 -1.3917 0.0932, -2.5886 -1.3917 0.0932, -2.5295 -1.3964 0.0857, -2.5886 -1.3964 0.0857, -2.5295 -1.4026 0.0795, -2.5886 -1.4026 0.0795, -2.5295 -1.4101 0.0748, -2.5886 -1.4101 0.0748, -2.5295 -1.4184 0.0719, -2.5886 -1.4184 0.0719, -2.3327 -1.6634 0.0709, -2.3327 -1.4272 0.0709, -2.3917 -1.6634 0.0709, -2.3917 -1.4272 0.0709, -2.3327 -1.6634 0.0315, -2.3917 -1.6634 0.0315, -2.3327 -1.4272 0.0315, -2.3917 -1.4272 0.0315, -2.3917 -1.4096 0.0335, -2.3327 -1.4096 0.0335, -2.3917 -1.393 0.0393, -2.3327 -1.393 0.0393, -2.3917 -1.3781 0.0487, -2.3327 -1.3781 0.0487, -2.3917 -1.3656 0.0611, -2.3327 -1.3656 0.0611, -2.3917 -1.3562 0.0761, -2.3327 -1.3562 0.0761, -2.3917 -1.3504 0.0927, -2.3327 -1.3504 0.0927, -2.3917 -1.3484 0.1102, -2.3327 -1.3484 0.1102, -2.3327 -1.3484 0.8583, -2.3917 -1.3484 0.8583, -2.3327 -1.3465 0.8758, -2.3917 -1.3465 0.8758, -2.3327 -1.3406 0.8924, -2.3917 -1.3406 0.8924, -2.3327 -1.3313 0.9074, -2.3917 -1.3313 0.9074, -2.3327 -1.3188 0.9198, -2.3917 -1.3188 0.9198, -2.3327 -1.3039 0.9292, -2.3917 -1.3039 0.9292, -2.3327 -1.2872 0.935, -2.3917 -1.2872 0.935, -2.3327 -1.2697 0.937, -2.3917 -1.2697 0.937, -2.3327 -0.561 0.937, -2.3917 -0.561 0.937, -2.3327 -0.4492 0.9788, -2.3917 -0.4492 0.9788, -2.3327 -0.326 0.937, -2.3917 -0.326 0.937, -2.3327 -0.2002 0.937, -2.3917 -0.2002 0.937, -2.3327 -0.2002 0.9764, -2.3917 -0.2002 0.9764, -2.3327 -0.3195 0.9764, -2.3917 -0.3195 0.9764, -2.3327 -0.4498 1.0206, -2.3917 -0.4498 1.0206, -2.3327 -0.5681 0.9764, -2.3917 -0.5681 0.9764, -2.3327 -1.2697 0.9764, -2.3917 -1.2697 0.9764, -2.3917 -1.296 0.9734, -2.3327 -1.296 0.9734, -2.3917 -1.3209 0.9647, -2.3327 -1.3209 0.9647, -2.3917 -1.3433 0.9506, -2.3327 -1.3433 0.9506, -2.3917 -1.362 0.9319, -2.3327 -1.362 0.9319, -2.3917 -1.3761 0.9095, -2.3327 -1.3761 0.9095, -2.3917 -1.3848 0.8846, -2.3327 -1.3848 0.8846, -2.3917 -1.3878 0.8583, -2.3327 -1.3878 0.8583, -2.3327 -1.3878 0.1102, -2.3917 -1.3878 0.1102, -2.3327 -1.3888 0.1015, -2.3917 -1.3888 0.1015, -2.3327 -1.3917 0.0932, -2.3917 -1.3917 0.0932, -2.3327 -1.3964 0.0857, -2.3917 -1.3964 0.0857, -2.3327 -1.4026 0.0795, -2.3917 -1.4026 0.0795, -2.3327 -1.4101 0.0748, -2.3917 -1.4101 0.0748, -2.3327 -1.4184 0.0719, -2.3917 -1.4184 0.0719, -2.1358 -1.6634 0.0709, -2.1358 -1.4272 0.0709, -2.1949 -1.6634 0.0709, -2.1949 -1.4272 0.0709, -2.1358 -1.6634 0.0315, -2.1949 -1.6634 0.0315, -2.1358 -1.4272 0.0315, -2.1949 -1.4272 0.0315, -2.1949 -1.4096 0.0335, -2.1358 -1.4096 0.0335, -2.1949 -1.393 0.0393, -2.1358 -1.393 0.0393, -2.1949 -1.3781 0.0487, -2.1358 -1.3781 0.0487, -2.1949 -1.3656 0.0611, -2.1358 -1.3656 0.0611, -2.1949 -1.3562 0.0761, -2.1358 -1.3562 0.0761, -2.1949 -1.3504 0.0927, -2.1358 -1.3504 0.0927, -2.1949 -1.3484 0.1102, -2.1358 -1.3484 0.1102, -2.1358 -1.3484 0.8583, -2.1949 -1.3484 0.8583, -2.1358 -1.3465 0.8758, -2.1949 -1.3465 0.8758, -2.1358 -1.3406 0.8924, -2.1949 -1.3406 0.8924, -2.1358 -1.3313 0.9074, -2.1949 -1.3313 0.9074, -2.1358 -1.3188 0.9198, -2.1949 -1.3188 0.9198, -2.1358 -1.3039 0.9292, -2.1949 -1.3039 0.9292, -2.1358 -1.2872 0.935, -2.1949 -1.2872 0.935, -2.1358 -1.2697 0.937, -2.1949 -1.2697 0.937, -2.1358 -0.561 0.937, -2.1949 -0.561 0.937, -2.1358 -0.4492 0.9788, -2.1949 -0.4492 0.9788, -2.1358 -0.326 0.937, -2.1949 -0.326 0.937, -2.1358 -0.2002 0.937, -2.1949 -0.2002 0.937, -2.1358 -0.2002 0.9764, -2.1949 -0.2002 0.9764, -2.1358 -0.3195 0.9764, -2.1949 -0.3195 0.9764, -2.1358 -0.4498 1.0206, -2.1949 -0.4498 1.0206, -2.1358 -0.5681 0.9764, -2.1949 -0.5681 0.9764, -2.1358 -1.2697 0.9764, -2.1949 -1.2697 0.9764, -2.1949 -1.296 0.9734, -2.1358 -1.296 0.9734, -2.1949 -1.3209 0.9647, -2.1358 -1.3209 0.9647, -2.1949 -1.3433 0.9506, -2.1358 -1.3433 0.9506, -2.1949 -1.362 0.9319, -2.1358 -1.362 0.9319, -2.1949 -1.3761 0.9095, -2.1358 -1.3761 0.9095, -2.1949 -1.3848 0.8846, -2.1358 -1.3848 0.8846, -2.1949 -1.3878 0.8583, -2.1358 -1.3878 0.8583, -2.1358 -1.3878 0.1102, -2.1949 -1.3878 0.1102, -2.1358 -1.3888 0.1015, -2.1949 -1.3888 0.1015, -2.1358 -1.3917 0.0932, -2.1949 -1.3917 0.0932, -2.1358 -1.3964 0.0857, -2.1949 -1.3964 0.0857, -2.1358 -1.4026 0.0795, -2.1949 -1.4026 0.0795, -2.1358 -1.4101 0.0748, -2.1949 -1.4101 0.0748, -2.1358 -1.4184 0.0719, -2.1949 -1.4184 0.0719, -1.939 -1.6634 0.0709, -1.939 -1.4272 0.0709, -1.998 -1.6634 0.0709, -1.998 -1.4272 0.0709, -1.939 -1.6634 0.0315, -1.998 -1.6634 0.0315, -1.939 -1.4272 0.0315, -1.998 -1.4272 0.0315, -1.998 -1.4096 0.0335, -1.939 -1.4096 0.0335, -1.998 -1.393 0.0393, -1.939 -1.393 0.0393, -1.998 -1.3781 0.0487, -1.939 -1.3781 0.0487, -1.998 -1.3656 0.0611, -1.939 -1.3656 0.0611, -1.998 -1.3562 0.0761, -1.939 -1.3562 0.0761, -1.998 -1.3504 0.0927, -1.939 -1.3504 0.0927, -1.998 -1.3484 0.1102, -1.939 -1.3484 0.1102, -1.939 -1.3484 0.8583, -1.998 -1.3484 0.8583, -1.939 -1.3465 0.8758, -1.998 -1.3465 0.8758, -1.939 -1.3406 0.8924, -1.998 -1.3406 0.8924, -1.939 -1.3313 0.9074, -1.998 -1.3313 0.9074, -1.939 -1.3188 0.9198, -1.998 -1.3188 0.9198, -1.939 -1.3039 0.9292, -1.998 -1.3039 0.9292, -1.939 -1.2872 0.935, -1.998 -1.2872 0.935, -1.939 -1.2697 0.937, -1.998 -1.2697 0.937, -1.939 -0.561 0.937, -1.998 -0.561 0.937, -1.939 -0.4492 0.9788, -1.998 -0.4492 0.9788, -1.939 -0.326 0.937, -1.998 -0.326 0.937, -1.939 -0.2002 0.937, -1.998 -0.2002 0.937, -1.939 -0.2002 0.9764, -1.998 -0.2002 0.9764, -1.939 -0.3195 0.9764, -1.998 -0.3195 0.9764, -1.939 -0.4498 1.0206, -1.998 -0.4498 1.0206, -1.939 -0.5681 0.9764, -1.998 -0.5681 0.9764, -1.939 -1.2697 0.9764, -1.998 -1.2697 0.9764, -1.998 -1.296 0.9734, -1.939 -1.296 0.9734, -1.998 -1.3209 0.9647, -1.939 -1.3209 0.9647, -1.998 -1.3433 0.9506, -1.939 -1.3433 0.9506, -1.998 -1.362 0.9319, -1.939 -1.362 0.9319, -1.998 -1.3761 0.9095, -1.939 -1.3761 0.9095, -1.998 -1.3848 0.8846, -1.939 -1.3848 0.8846, -1.998 -1.3878 0.8583, -1.939 -1.3878 0.8583, -1.939 -1.3878 0.1102, -1.998 -1.3878 0.1102, -1.939 -1.3888 0.1015, -1.998 -1.3888 0.1015, -1.939 -1.3917 0.0932, -1.998 -1.3917 0.0932, -1.939 -1.3964 0.0857, -1.998 -1.3964 0.0857, -1.939 -1.4026 0.0795, -1.998 -1.4026 0.0795, -1.939 -1.4101 0.0748, -1.998 -1.4101 0.0748, -1.939 -1.4184 0.0719, -1.998 -1.4184 0.0719, -1.7421 -1.6634 0.0709, -1.7421 -1.4272 0.0709, -1.8012 -1.6634 0.0709, -1.8012 -1.4272 0.0709, -1.7421 -1.6634 0.0315, -1.8012 -1.6634 0.0315, -1.7421 -1.4272 0.0315, -1.8012 -1.4272 0.0315, -1.8012 -1.4096 0.0335, -1.7421 -1.4096 0.0335, -1.8012 -1.393 0.0393, -1.7421 -1.393 0.0393, -1.8012 -1.3781 0.0487, -1.7421 -1.3781 0.0487, -1.8012 -1.3656 0.0611, -1.7421 -1.3656 0.0611, -1.8012 -1.3562 0.0761, -1.7421 -1.3562 0.0761, -1.8012 -1.3504 0.0927, -1.7421 -1.3504 0.0927, -1.8012 -1.3484 0.1102, -1.7421 -1.3484 0.1102, -1.7421 -1.3484 0.8583, -1.8012 -1.3484 0.8583, -1.7421 -1.3465 0.8758, -1.8012 -1.3465 0.8758, -1.7421 -1.3406 0.8924, -1.8012 -1.3406 0.8924, -1.7421 -1.3313 0.9074, -1.8012 -1.3313 0.9074, -1.7421 -1.3188 0.9198, -1.8012 -1.3188 0.9198, -1.7421 -1.3039 0.9292, -1.8012 -1.3039 0.9292, -1.7421 -1.2872 0.935, -1.8012 -1.2872 0.935, -1.7421 -1.2697 0.937, -1.8012 -1.2697 0.937, -1.7421 -0.561 0.937, -1.8012 -0.561 0.937, -1.7421 -0.4492 0.9788, -1.8012 -0.4492 0.9788, -1.7421 -0.326 0.937, -1.8012 -0.326 0.937, -1.7421 -0.2002 0.937, -1.8012 -0.2002 0.937, -1.7421 -0.2002 0.9764, -1.8012 -0.2002 0.9764, -1.7421 -0.3195 0.9764, -1.8012 -0.3195 0.9764, -1.7421 -0.4498 1.0206, -1.8012 -0.4498 1.0206, -1.7421 -0.5681 0.9764, -1.8012 -0.5681 0.9764, -1.7421 -1.2697 0.9764, -1.8012 -1.2697 0.9764, -1.8012 -1.296 0.9734, -1.7421 -1.296 0.9734, -1.8012 -1.3209 0.9647, -1.7421 -1.3209 0.9647, -1.8012 -1.3433 0.9506, -1.7421 -1.3433 0.9506, -1.8012 -1.362 0.9319, -1.7421 -1.362 0.9319, -1.8012 -1.3761 0.9095, -1.7421 -1.3761 0.9095, -1.8012 -1.3848 0.8846, -1.7421 -1.3848 0.8846, -1.8012 -1.3878 0.8583, -1.7421 -1.3878 0.8583, -1.7421 -1.3878 0.1102, -1.8012 -1.3878 0.1102, -1.7421 -1.3888 0.1015, -1.8012 -1.3888 0.1015, -1.7421 -1.3917 0.0932, -1.8012 -1.3917 0.0932, -1.7421 -1.3964 0.0857, -1.8012 -1.3964 0.0857, -1.7421 -1.4026 0.0795, -1.8012 -1.4026 0.0795, -1.7421 -1.4101 0.0748, -1.8012 -1.4101 0.0748, -1.7421 -1.4184 0.0719, -1.8012 -1.4184 0.0719, -1.5453 -1.6634 0.0709, -1.5453 -1.4272 0.0709, -1.6043 -1.6634 0.0709, -1.6043 -1.4272 0.0709, -1.5453 -1.6634 0.0315, -1.6043 -1.6634 0.0315, -1.5453 -1.4272 0.0315, -1.6043 -1.4272 0.0315, -1.6043 -1.4096 0.0335, -1.5453 -1.4096 0.0335, -1.6043 -1.393 0.0393, -1.5453 -1.393 0.0393, -1.6043 -1.3781 0.0487, -1.5453 -1.3781 0.0487, -1.6043 -1.3656 0.0611, -1.5453 -1.3656 0.0611, -1.6043 -1.3562 0.0761, -1.5453 -1.3562 0.0761, -1.6043 -1.3504 0.0927, -1.5453 -1.3504 0.0927, -1.6043 -1.3484 0.1102, -1.5453 -1.3484 0.1102, -1.5453 -1.3484 0.8583, -1.6043 -1.3484 0.8583, -1.5453 -1.3465 0.8758, -1.6043 -1.3465 0.8758, -1.5453 -1.3406 0.8924, -1.6043 -1.3406 0.8924, -1.5453 -1.3313 0.9074, -1.6043 -1.3313 0.9074, -1.5453 -1.3188 0.9198, -1.6043 -1.3188 0.9198, -1.5453 -1.3039 0.9292, -1.6043 -1.3039 0.9292, -1.5453 -1.2872 0.935, -1.6043 -1.2872 0.935, -1.5453 -1.2697 0.937, -1.6043 -1.2697 0.937, -1.5453 -0.561 0.937, -1.6043 -0.561 0.937, -1.5453 -0.4492 0.9788, -1.6043 -0.4492 0.9788, -1.5453 -0.326 0.937, -1.6043 -0.326 0.937, -1.5453 -0.2002 0.937, -1.6043 -0.2002 0.937, -1.5453 -0.2002 0.9764, -1.6043 -0.2002 0.9764, -1.5453 -0.3195 0.9764, -1.6043 -0.3195 0.9764, -1.5453 -0.4498 1.0206, -1.6043 -0.4498 1.0206, -1.5453 -0.5681 0.9764, -1.6043 -0.5681 0.9764, -1.5453 -1.2697 0.9764, -1.6043 -1.2697 0.9764, -1.6043 -1.296 0.9734, -1.5453 -1.296 0.9734, -1.6043 -1.3209 0.9647, -1.5453 -1.3209 0.9647, -1.6043 -1.3433 0.9506, -1.5453 -1.3433 0.9506, -1.6043 -1.362 0.9319, -1.5453 -1.362 0.9319, -1.6043 -1.3761 0.9095, -1.5453 -1.3761 0.9095, -1.6043 -1.3848 0.8846, -1.5453 -1.3848 0.8846, -1.6043 -1.3878 0.8583, -1.5453 -1.3878 0.8583, -1.5453 -1.3878 0.1102, -1.6043 -1.3878 0.1102, -1.5453 -1.3888 0.1015, -1.6043 -1.3888 0.1015, -1.5453 -1.3917 0.0932, -1.6043 -1.3917 0.0932, -1.5453 -1.3964 0.0857, -1.6043 -1.3964 0.0857, -1.5453 -1.4026 0.0795, -1.6043 -1.4026 0.0795, -1.5453 -1.4101 0.0748, -1.6043 -1.4101 0.0748, -1.5453 -1.4184 0.0719, -1.6043 -1.4184 0.0719, -1.3484 -1.6634 0.0709, -1.3484 -1.4272 0.0709, -1.4075 -1.6634 0.0709, -1.4075 -1.4272 0.0709, -1.3484 -1.6634 0.0315, -1.4075 -1.6634 0.0315, -1.3484 -1.4272 0.0315, -1.4075 -1.4272 0.0315, -1.4075 -1.4096 0.0335, -1.3484 -1.4096 0.0335, -1.4075 -1.393 0.0393, -1.3484 -1.393 0.0393, -1.4075 -1.3781 0.0487, -1.3484 -1.3781 0.0487, -1.4075 -1.3656 0.0611, -1.3484 -1.3656 0.0611, -1.4075 -1.3562 0.0761, -1.3484 -1.3562 0.0761, -1.4075 -1.3504 0.0927, -1.3484 -1.3504 0.0927, -1.4075 -1.3484 0.1102, -1.3484 -1.3484 0.1102, -1.3484 -1.3484 0.8583, -1.4075 -1.3484 0.8583, -1.3484 -1.3465 0.8758, -1.4075 -1.3465 0.8758, -1.3484 -1.3406 0.8924, -1.4075 -1.3406 0.8924, -1.3484 -1.3313 0.9074, -1.4075 -1.3313 0.9074, -1.3484 -1.3188 0.9198, -1.4075 -1.3188 0.9198, -1.3484 -1.3039 0.9292, -1.4075 -1.3039 0.9292, -1.3484 -1.2872 0.935, -1.4075 -1.2872 0.935, -1.3484 -1.2697 0.937, -1.4075 -1.2697 0.937, -1.3484 -0.561 0.937, -1.4075 -0.561 0.937, -1.3484 -0.4492 0.9788, -1.4075 -0.4492 0.9788, -1.3484 -0.326 0.937, -1.4075 -0.326 0.937, -1.3484 -0.2002 0.937, -1.4075 -0.2002 0.937, -1.3484 -0.2002 0.9764, -1.4075 -0.2002 0.9764, -1.3484 -0.3195 0.9764, -1.4075 -0.3195 0.9764, -1.3484 -0.4498 1.0206, -1.4075 -0.4498 1.0206, -1.3484 -0.5681 0.9764, -1.4075 -0.5681 0.9764, -1.3484 -1.2697 0.9764, -1.4075 -1.2697 0.9764, -1.4075 -1.296 0.9734, -1.3484 -1.296 0.9734, -1.4075 -1.3209 0.9647, -1.3484 -1.3209 0.9647, -1.4075 -1.3433 0.9506, -1.3484 -1.3433 0.9506, -1.4075 -1.362 0.9319, -1.3484 -1.362 0.9319, -1.4075 -1.3761 0.9095, -1.3484 -1.3761 0.9095, -1.4075 -1.3848 0.8846, -1.3484 -1.3848 0.8846, -1.4075 -1.3878 0.8583, -1.3484 -1.3878 0.8583, -1.3484 -1.3878 0.1102, -1.4075 -1.3878 0.1102, -1.3484 -1.3888 0.1015, -1.4075 -1.3888 0.1015, -1.3484 -1.3917 0.0932, -1.4075 -1.3917 0.0932, -1.3484 -1.3964 0.0857, -1.4075 -1.3964 0.0857, -1.3484 -1.4026 0.0795, -1.4075 -1.4026 0.0795, -1.3484 -1.4101 0.0748, -1.4075 -1.4101 0.0748, -1.3484 -1.4184 0.0719, -1.4075 -1.4184 0.0719, -1.1516 -1.6634 0.0709, -1.1516 -1.4272 0.0709, -1.2106 -1.6634 0.0709, -1.2106 -1.4272 0.0709, -1.1516 -1.6634 0.0315, -1.2106 -1.6634 0.0315, -1.1516 -1.4272 0.0315, -1.2106 -1.4272 0.0315, -1.2106 -1.4096 0.0335, -1.1516 -1.4096 0.0335, -1.2106 -1.393 0.0393, -1.1516 -1.393 0.0393, -1.2106 -1.3781 0.0487, -1.1516 -1.3781 0.0487, -1.2106 -1.3656 0.0611, -1.1516 -1.3656 0.0611, -1.2106 -1.3562 0.0761, -1.1516 -1.3562 0.0761, -1.2106 -1.3504 0.0927, -1.1516 -1.3504 0.0927, -1.2106 -1.3484 0.1102, -1.1516 -1.3484 0.1102, -1.1516 -1.3484 0.8583, -1.2106 -1.3484 0.8583, -1.1516 -1.3465 0.8758, -1.2106 -1.3465 0.8758, -1.1516 -1.3406 0.8924, -1.2106 -1.3406 0.8924, -1.1516 -1.3313 0.9074, -1.2106 -1.3313 0.9074, -1.1516 -1.3188 0.9198, -1.2106 -1.3188 0.9198, -1.1516 -1.3039 0.9292, -1.2106 -1.3039 0.9292, -1.1516 -1.2872 0.935, -1.2106 -1.2872 0.935, -1.1516 -1.2697 0.937, -1.2106 -1.2697 0.937, -1.1516 -0.561 0.937, -1.2106 -0.561 0.937, -1.1516 -0.4492 0.9788, -1.2106 -0.4492 0.9788, -1.1516 -0.326 0.937, -1.2106 -0.326 0.937, -1.1516 -0.2002 0.937, -1.2106 -0.2002 0.937, -1.1516 -0.2002 0.9764, -1.2106 -0.2002 0.9764, -1.1516 -0.3195 0.9764, -1.2106 -0.3195 0.9764, -1.1516 -0.4498 1.0206, -1.2106 -0.4498 1.0206, -1.1516 -0.5681 0.9764, -1.2106 -0.5681 0.9764, -1.1516 -1.2697 0.9764, -1.2106 -1.2697 0.9764, -1.2106 -1.296 0.9734, -1.1516 -1.296 0.9734, -1.2106 -1.3209 0.9647, -1.1516 -1.3209 0.9647, -1.2106 -1.3433 0.9506, -1.1516 -1.3433 0.9506, -1.2106 -1.362 0.9319, -1.1516 -1.362 0.9319, -1.2106 -1.3761 0.9095, -1.1516 -1.3761 0.9095, -1.2106 -1.3848 0.8846, -1.1516 -1.3848 0.8846, -1.2106 -1.3878 0.8583, -1.1516 -1.3878 0.8583, -1.1516 -1.3878 0.1102, -1.2106 -1.3878 0.1102, -1.1516 -1.3888 0.1015, -1.2106 -1.3888 0.1015, -1.1516 -1.3917 0.0932, -1.2106 -1.3917 0.0932, -1.1516 -1.3964 0.0857, -1.2106 -1.3964 0.0857, -1.1516 -1.4026 0.0795, -1.2106 -1.4026 0.0795, -1.1516 -1.4101 0.0748, -1.2106 -1.4101 0.0748, -1.1516 -1.4184 0.0719, -1.2106 -1.4184 0.0719, -0.9547 -1.6634 0.0709, -0.9547 -1.4272 0.0709, -1.0138 -1.6634 0.0709, -1.0138 -1.4272 0.0709, -0.9547 -1.6634 0.0315, -1.0138 -1.6634 0.0315, -0.9547 -1.4272 0.0315, -1.0138 -1.4272 0.0315, -1.0138 -1.4096 0.0335, -0.9547 -1.4096 0.0335, -1.0138 -1.393 0.0393, -0.9547 -1.393 0.0393, -1.0138 -1.3781 0.0487, -0.9547 -1.3781 0.0487, -1.0138 -1.3656 0.0611, -0.9547 -1.3656 0.0611, -1.0138 -1.3562 0.0761, -0.9547 -1.3562 0.0761, -1.0138 -1.3504 0.0927, -0.9547 -1.3504 0.0927, -1.0138 -1.3484 0.1102, -0.9547 -1.3484 0.1102, -0.9547 -1.3484 0.8583, -1.0138 -1.3484 0.8583, -0.9547 -1.3465 0.8758, -1.0138 -1.3465 0.8758, -0.9547 -1.3406 0.8924, -1.0138 -1.3406 0.8924, -0.9547 -1.3313 0.9074, -1.0138 -1.3313 0.9074, -0.9547 -1.3188 0.9198, -1.0138 -1.3188 0.9198, -0.9547 -1.3039 0.9292, -1.0138 -1.3039 0.9292, -0.9547 -1.2872 0.935, -1.0138 -1.2872 0.935, -0.9547 -1.2697 0.937, -1.0138 -1.2697 0.937, -0.9547 -0.561 0.937, -1.0138 -0.561 0.937, -0.9547 -0.4492 0.9788, -1.0138 -0.4492 0.9788, -0.9547 -0.326 0.937, -1.0138 -0.326 0.937, -0.9547 -0.2002 0.937, -1.0138 -0.2002 0.937, -0.9547 -0.2002 0.9764, -1.0138 -0.2002 0.9764, -0.9547 -0.3195 0.9764, -1.0138 -0.3195 0.9764, -0.9547 -0.4498 1.0206, -1.0138 -0.4498 1.0206, -0.9547 -0.5681 0.9764, -1.0138 -0.5681 0.9764, -0.9547 -1.2697 0.9764, -1.0138 -1.2697 0.9764, -1.0138 -1.296 0.9734, -0.9547 -1.296 0.9734, -1.0138 -1.3209 0.9647, -0.9547 -1.3209 0.9647, -1.0138 -1.3433 0.9506, -0.9547 -1.3433 0.9506, -1.0138 -1.362 0.9319, -0.9547 -1.362 0.9319, -1.0138 -1.3761 0.9095, -0.9547 -1.3761 0.9095, -1.0138 -1.3848 0.8846, -0.9547 -1.3848 0.8846, -1.0138 -1.3878 0.8583, -0.9547 -1.3878 0.8583, -0.9547 -1.3878 0.1102, -1.0138 -1.3878 0.1102, -0.9547 -1.3888 0.1015, -1.0138 -1.3888 0.1015, -0.9547 -1.3917 0.0932, -1.0138 -1.3917 0.0932, -0.9547 -1.3964 0.0857, -1.0138 -1.3964 0.0857, -0.9547 -1.4026 0.0795, -1.0138 -1.4026 0.0795, -0.9547 -1.4101 0.0748, -1.0138 -1.4101 0.0748, -0.9547 -1.4184 0.0719, -1.0138 -1.4184 0.0719, -0.7579 -1.6634 0.0709, -0.7579 -1.4272 0.0709, -0.8169 -1.6634 0.0709, -0.8169 -1.4272 0.0709, -0.7579 -1.6634 0.0315, -0.8169 -1.6634 0.0315, -0.7579 -1.4272 0.0315, -0.8169 -1.4272 0.0315, -0.8169 -1.4096 0.0335, -0.7579 -1.4096 0.0335, -0.8169 -1.393 0.0393, -0.7579 -1.393 0.0393, -0.8169 -1.3781 0.0487, -0.7579 -1.3781 0.0487, -0.8169 -1.3656 0.0611, -0.7579 -1.3656 0.0611, -0.8169 -1.3562 0.0761, -0.7579 -1.3562 0.0761, -0.8169 -1.3504 0.0927, -0.7579 -1.3504 0.0927, -0.8169 -1.3484 0.1102, -0.7579 -1.3484 0.1102, -0.7579 -1.3484 0.8583, -0.8169 -1.3484 0.8583, -0.7579 -1.3465 0.8758, -0.8169 -1.3465 0.8758, -0.7579 -1.3406 0.8924, -0.8169 -1.3406 0.8924, -0.7579 -1.3313 0.9074, -0.8169 -1.3313 0.9074, -0.7579 -1.3188 0.9198, -0.8169 -1.3188 0.9198, -0.7579 -1.3039 0.9292, -0.8169 -1.3039 0.9292, -0.7579 -1.2872 0.935, -0.8169 -1.2872 0.935, -0.7579 -1.2697 0.937, -0.8169 -1.2697 0.937, -0.7579 -0.561 0.937, -0.8169 -0.561 0.937, -0.7579 -0.4492 0.9788, -0.8169 -0.4492 0.9788, -0.7579 -0.326 0.937, -0.8169 -0.326 0.937, -0.7579 -0.2002 0.937, -0.8169 -0.2002 0.937, -0.7579 -0.2002 0.9764, -0.8169 -0.2002 0.9764, -0.7579 -0.3195 0.9764, -0.8169 -0.3195 0.9764, -0.7579 -0.4498 1.0206, -0.8169 -0.4498 1.0206, -0.7579 -0.5681 0.9764, -0.8169 -0.5681 0.9764, -0.7579 -1.2697 0.9764, -0.8169 -1.2697 0.9764, -0.8169 -1.296 0.9734, -0.7579 -1.296 0.9734, -0.8169 -1.3209 0.9647, -0.7579 -1.3209 0.9647, -0.8169 -1.3433 0.9506, -0.7579 -1.3433 0.9506, -0.8169 -1.362 0.9319, -0.7579 -1.362 0.9319, -0.8169 -1.3761 0.9095, -0.7579 -1.3761 0.9095, -0.8169 -1.3848 0.8846, -0.7579 -1.3848 0.8846, -0.8169 -1.3878 0.8583, -0.7579 -1.3878 0.8583, -0.7579 -1.3878 0.1102, -0.8169 -1.3878 0.1102, -0.7579 -1.3888 0.1015, -0.8169 -1.3888 0.1015, -0.7579 -1.3917 0.0932, -0.8169 -1.3917 0.0932, -0.7579 -1.3964 0.0857, -0.8169 -1.3964 0.0857, -0.7579 -1.4026 0.0795, -0.8169 -1.4026 0.0795, -0.7579 -1.4101 0.0748, -0.8169 -1.4101 0.0748, -0.7579 -1.4184 0.0719, -0.8169 -1.4184 0.0719, -0.561 -1.6634 0.0709, -0.561 -1.4272 0.0709, -0.6201 -1.6634 0.0709, -0.6201 -1.4272 0.0709, -0.561 -1.6634 0.0315, -0.6201 -1.6634 0.0315, -0.561 -1.4272 0.0315, -0.6201 -1.4272 0.0315, -0.6201 -1.4096 0.0335, -0.561 -1.4096 0.0335, -0.6201 -1.393 0.0393, -0.561 -1.393 0.0393, -0.6201 -1.3781 0.0487, -0.561 -1.3781 0.0487, -0.6201 -1.3656 0.0611, -0.561 -1.3656 0.0611, -0.6201 -1.3562 0.0761, -0.561 -1.3562 0.0761, -0.6201 -1.3504 0.0927, -0.561 -1.3504 0.0927, -0.6201 -1.3484 0.1102, -0.561 -1.3484 0.1102, -0.561 -1.3484 0.8583, -0.6201 -1.3484 0.8583, -0.561 -1.3465 0.8758, -0.6201 -1.3465 0.8758, -0.561 -1.3406 0.8924, -0.6201 -1.3406 0.8924, -0.561 -1.3313 0.9074, -0.6201 -1.3313 0.9074, -0.561 -1.3188 0.9198, -0.6201 -1.3188 0.9198, -0.561 -1.3039 0.9292, -0.6201 -1.3039 0.9292, -0.561 -1.2872 0.935, -0.6201 -1.2872 0.935, -0.561 -1.2697 0.937, -0.6201 -1.2697 0.937, -0.561 -0.561 0.937, -0.6201 -0.561 0.937, -0.561 -0.4492 0.9788, -0.6201 -0.4492 0.9788, -0.561 -0.326 0.937, -0.6201 -0.326 0.937, -0.561 -0.2002 0.937, -0.6201 -0.2002 0.937, -0.561 -0.2002 0.9764, -0.6201 -0.2002 0.9764, -0.561 -0.3195 0.9764, -0.6201 -0.3195 0.9764, -0.561 -0.4498 1.0206, -0.6201 -0.4498 1.0206, -0.561 -0.5681 0.9764, -0.6201 -0.5681 0.9764, -0.561 -1.2697 0.9764, -0.6201 -1.2697 0.9764, -0.6201 -1.296 0.9734, -0.561 -1.296 0.9734, -0.6201 -1.3209 0.9647, -0.561 -1.3209 0.9647, -0.6201 -1.3433 0.9506, -0.561 -1.3433 0.9506, -0.6201 -1.362 0.9319, -0.561 -1.362 0.9319, -0.6201 -1.3761 0.9095, -0.561 -1.3761 0.9095, -0.6201 -1.3848 0.8846, -0.561 -1.3848 0.8846, -0.6201 -1.3878 0.8583, -0.561 -1.3878 0.8583, -0.561 -1.3878 0.1102, -0.6201 -1.3878 0.1102, -0.561 -1.3888 0.1015, -0.6201 -1.3888 0.1015, -0.561 -1.3917 0.0932, -0.6201 -1.3917 0.0932, -0.561 -1.3964 0.0857, -0.6201 -1.3964 0.0857, -0.561 -1.4026 0.0795, -0.6201 -1.4026 0.0795, -0.561 -1.4101 0.0748, -0.6201 -1.4101 0.0748, -0.561 -1.4184 0.0719, -0.6201 -1.4184 0.0719, -0.3642 -1.6634 0.0709, -0.3642 -1.4272 0.0709, -0.4232 -1.6634 0.0709, -0.4232 -1.4272 0.0709, -0.3642 -1.6634 0.0315, -0.4232 -1.6634 0.0315, -0.3642 -1.4272 0.0315, -0.4232 -1.4272 0.0315, -0.4232 -1.4096 0.0335, -0.3642 -1.4096 0.0335, -0.4232 -1.393 0.0393, -0.3642 -1.393 0.0393, -0.4232 -1.3781 0.0487, -0.3642 -1.3781 0.0487, -0.4232 -1.3656 0.0611, -0.3642 -1.3656 0.0611, -0.4232 -1.3562 0.0761, -0.3642 -1.3562 0.0761, -0.4232 -1.3504 0.0927, -0.3642 -1.3504 0.0927, -0.4232 -1.3484 0.1102, -0.3642 -1.3484 0.1102, -0.3642 -1.3484 0.8583, -0.4232 -1.3484 0.8583, -0.3642 -1.3465 0.8758, -0.4232 -1.3465 0.8758, -0.3642 -1.3406 0.8924, -0.4232 -1.3406 0.8924, -0.3642 -1.3313 0.9074, -0.4232 -1.3313 0.9074, -0.3642 -1.3188 0.9198, -0.4232 -1.3188 0.9198, -0.3642 -1.3039 0.9292, -0.4232 -1.3039 0.9292, -0.3642 -1.2872 0.935, -0.4232 -1.2872 0.935, -0.3642 -1.2697 0.937, -0.4232 -1.2697 0.937, -0.3642 -0.561 0.937, -0.4232 -0.561 0.937, -0.3642 -0.4492 0.9788, -0.4232 -0.4492 0.9788, -0.3642 -0.326 0.937, -0.4232 -0.326 0.937, -0.3642 -0.2002 0.937, -0.4232 -0.2002 0.937, -0.3642 -0.2002 0.9764, -0.4232 -0.2002 0.9764, -0.3642 -0.3195 0.9764, -0.4232 -0.3195 0.9764, -0.3642 -0.4498 1.0206, -0.4232 -0.4498 1.0206, -0.3642 -0.5681 0.9764, -0.4232 -0.5681 0.9764, -0.3642 -1.2697 0.9764, -0.4232 -1.2697 0.9764, -0.4232 -1.296 0.9734, -0.3642 -1.296 0.9734, -0.4232 -1.3209 0.9647, -0.3642 -1.3209 0.9647, -0.4232 -1.3433 0.9506, -0.3642 -1.3433 0.9506, -0.4232 -1.362 0.9319, -0.3642 -1.362 0.9319, -0.4232 -1.3761 0.9095, -0.3642 -1.3761 0.9095, -0.4232 -1.3848 0.8846, -0.3642 -1.3848 0.8846, -0.4232 -1.3878 0.8583, -0.3642 -1.3878 0.8583, -0.3642 -1.3878 0.1102, -0.4232 -1.3878 0.1102, -0.3642 -1.3888 0.1015, -0.4232 -1.3888 0.1015, -0.3642 -1.3917 0.0932, -0.4232 -1.3917 0.0932, -0.3642 -1.3964 0.0857, -0.4232 -1.3964 0.0857, -0.3642 -1.4026 0.0795, -0.4232 -1.4026 0.0795, -0.3642 -1.4101 0.0748, -0.4232 -1.4101 0.0748, -0.3642 -1.4184 0.0719, -0.4232 -1.4184 0.0719, -0.1673 -1.6634 0.0709, -0.1673 -1.4272 0.0709, -0.2264 -1.6634 0.0709, -0.2264 -1.4272 0.0709, -0.1673 -1.6634 0.0315, -0.2264 -1.6634 0.0315, -0.1673 -1.4272 0.0315, -0.2264 -1.4272 0.0315, -0.2264 -1.4096 0.0335, -0.1673 -1.4096 0.0335, -0.2264 -1.393 0.0393, -0.1673 -1.393 0.0393, -0.2264 -1.3781 0.0487, -0.1673 -1.3781 0.0487, -0.2264 -1.3656 0.0611, -0.1673 -1.3656 0.0611, -0.2264 -1.3562 0.0761, -0.1673 -1.3562 0.0761, -0.2264 -1.3504 0.0927, -0.1673 -1.3504 0.0927, -0.2264 -1.3484 0.1102, -0.1673 -1.3484 0.1102, -0.1673 -1.3484 0.8583, -0.2264 -1.3484 0.8583, -0.1673 -1.3465 0.8758, -0.2264 -1.3465 0.8758, -0.1673 -1.3406 0.8924, -0.2264 -1.3406 0.8924, -0.1673 -1.3313 0.9074, -0.2264 -1.3313 0.9074, -0.1673 -1.3188 0.9198, -0.2264 -1.3188 0.9198, -0.1673 -1.3039 0.9292, -0.2264 -1.3039 0.9292, -0.1673 -1.2872 0.935, -0.2264 -1.2872 0.935, -0.1673 -1.2697 0.937, -0.2264 -1.2697 0.937, -0.1673 -0.561 0.937, -0.2264 -0.561 0.937, -0.1673 -0.4492 0.9788, -0.2264 -0.4492 0.9788, -0.1673 -0.326 0.937, -0.2264 -0.326 0.937, -0.1673 -0.2002 0.937, -0.2264 -0.2002 0.937, -0.1673 -0.2002 0.9764, -0.2264 -0.2002 0.9764, -0.1673 -0.3195 0.9764, -0.2264 -0.3195 0.9764, -0.1673 -0.4498 1.0206, -0.2264 -0.4498 1.0206, -0.1673 -0.5681 0.9764, -0.2264 -0.5681 0.9764, -0.1673 -1.2697 0.9764, -0.2264 -1.2697 0.9764, -0.2264 -1.296 0.9734, -0.1673 -1.296 0.9734, -0.2264 -1.3209 0.9647, -0.1673 -1.3209 0.9647, -0.2264 -1.3433 0.9506, -0.1673 -1.3433 0.9506, -0.2264 -1.362 0.9319, -0.1673 -1.362 0.9319, -0.2264 -1.3761 0.9095, -0.1673 -1.3761 0.9095, -0.2264 -1.3848 0.8846, -0.1673 -1.3848 0.8846, -0.2264 -1.3878 0.8583, -0.1673 -1.3878 0.8583, -0.1673 -1.3878 0.1102, -0.2264 -1.3878 0.1102, -0.1673 -1.3888 0.1015, -0.2264 -1.3888 0.1015, -0.1673 -1.3917 0.0932, -0.2264 -1.3917 0.0932, -0.1673 -1.3964 0.0857, -0.2264 -1.3964 0.0857, -0.1673 -1.4026 0.0795, -0.2264 -1.4026 0.0795, -0.1673 -1.4101 0.0748, -0.2264 -1.4101 0.0748, -0.1673 -1.4184 0.0719, -0.2264 -1.4184 0.0719, 0.0295 -1.6634 0.0709, 0.0295 -1.4272 0.0709, -0.0295 -1.6634 0.0709, -0.0295 -1.4272 0.0709, 0.0295 -1.6634 0.0315, -0.0295 -1.6634 0.0315, 0.0295 -1.4272 0.0315, -0.0295 -1.4272 0.0315, -0.0295 -1.4096 0.0335, 0.0295 -1.4096 0.0335, -0.0295 -1.393 0.0393, 0.0295 -1.393 0.0393, -0.0295 -1.3781 0.0487, 0.0295 -1.3781 0.0487, -0.0295 -1.3656 0.0611, 0.0295 -1.3656 0.0611, -0.0295 -1.3562 0.0761, 0.0295 -1.3562 0.0761, -0.0295 -1.3504 0.0927, 0.0295 -1.3504 0.0927, -0.0295 -1.3484 0.1102, 0.0295 -1.3484 0.1102, 0.0295 -1.3484 0.8583, -0.0295 -1.3484 0.8583, 0.0295 -1.3465 0.8758, -0.0295 -1.3465 0.8758, 0.0295 -1.3406 0.8924, -0.0295 -1.3406 0.8924, 0.0295 -1.3313 0.9074, -0.0295 -1.3313 0.9074, 0.0295 -1.3188 0.9198, -0.0295 -1.3188 0.9198, 0.0295 -1.3039 0.9292, -0.0295 -1.3039 0.9292, 0.0295 -1.2872 0.935, -0.0295 -1.2872 0.935, 0.0295 -1.2697 0.937, -0.0295 -1.2697 0.937, 0.0295 -0.561 0.937, -0.0295 -0.561 0.937, 0.0295 -0.4492 0.9788, -0.0295 -0.4492 0.9788, 0.0295 -0.326 0.937, -0.0295 -0.326 0.937, 0.0295 -0.2002 0.937, -0.0295 -0.2002 0.937, 0.0295 -0.2002 0.9764, -0.0295 -0.2002 0.9764, 0.0295 -0.3195 0.9764, -0.0295 -0.3195 0.9764, 0.0295 -0.4498 1.0206, -0.0295 -0.4498 1.0206, 0.0295 -0.5681 0.9764, -0.0295 -0.5681 0.9764, 0.0295 -1.2697 0.9764, -0.0295 -1.2697 0.9764, -0.0295 -1.296 0.9734, 0.0295 -1.296 0.9734, -0.0295 -1.3209 0.9647, 0.0295 -1.3209 0.9647, -0.0295 -1.3433 0.9506, 0.0295 -1.3433 0.9506, -0.0295 -1.362 0.9319, 0.0295 -1.362 0.9319, -0.0295 -1.3761 0.9095, 0.0295 -1.3761 0.9095, -0.0295 -1.3848 0.8846, 0.0295 -1.3848 0.8846, -0.0295 -1.3878 0.8583, 0.0295 -1.3878 0.8583, 0.0295 -1.3878 0.1102, -0.0295 -1.3878 0.1102, 0.0295 -1.3888 0.1015, -0.0295 -1.3888 0.1015, 0.0295 -1.3917 0.0932, -0.0295 -1.3917 0.0932, 0.0295 -1.3964 0.0857, -0.0295 -1.3964 0.0857, 0.0295 -1.4026 0.0795, -0.0295 -1.4026 0.0795, 0.0295 -1.4101 0.0748, -0.0295 -1.4101 0.0748, 0.0295 -1.4184 0.0719, -0.0295 -1.4184 0.0719, 0.2264 -1.6634 0.0709, 0.2264 -1.4272 0.0709, 0.1673 -1.6634 0.0709, 0.1673 -1.4272 0.0709, 0.2264 -1.6634 0.0315, 0.1673 -1.6634 0.0315, 0.2264 -1.4272 0.0315, 0.1673 -1.4272 0.0315, 0.1673 -1.4096 0.0335, 0.2264 -1.4096 0.0335, 0.1673 -1.393 0.0393, 0.2264 -1.393 0.0393, 0.1673 -1.3781 0.0487, 0.2264 -1.3781 0.0487, 0.1673 -1.3656 0.0611, 0.2264 -1.3656 0.0611, 0.1673 -1.3562 0.0761, 0.2264 -1.3562 0.0761, 0.1673 -1.3504 0.0927, 0.2264 -1.3504 0.0927, 0.1673 -1.3484 0.1102, 0.2264 -1.3484 0.1102, 0.2264 -1.3484 0.8583, 0.1673 -1.3484 0.8583, 0.2264 -1.3465 0.8758, 0.1673 -1.3465 0.8758, 0.2264 -1.3406 0.8924, 0.1673 -1.3406 0.8924, 0.2264 -1.3313 0.9074, 0.1673 -1.3313 0.9074, 0.2264 -1.3188 0.9198, 0.1673 -1.3188 0.9198, 0.2264 -1.3039 0.9292, 0.1673 -1.3039 0.9292, 0.2264 -1.2872 0.935, 0.1673 -1.2872 0.935, 0.2264 -1.2697 0.937, 0.1673 -1.2697 0.937, 0.2264 -0.561 0.937, 0.1673 -0.561 0.937, 0.2264 -0.4492 0.9788, 0.1673 -0.4492 0.9788, 0.2264 -0.326 0.937, 0.1673 -0.326 0.937, 0.2264 -0.2002 0.937, 0.1673 -0.2002 0.937, 0.2264 -0.2002 0.9764, 0.1673 -0.2002 0.9764, 0.2264 -0.3195 0.9764, 0.1673 -0.3195 0.9764, 0.2264 -0.4498 1.0206, 0.1673 -0.4498 1.0206, 0.2264 -0.5681 0.9764, 0.1673 -0.5681 0.9764, 0.2264 -1.2697 0.9764, 0.1673 -1.2697 0.9764, 0.1673 -1.296 0.9734, 0.2264 -1.296 0.9734, 0.1673 -1.3209 0.9647, 0.2264 -1.3209 0.9647, 0.1673 -1.3433 0.9506, 0.2264 -1.3433 0.9506, 0.1673 -1.362 0.9319, 0.2264 -1.362 0.9319, 0.1673 -1.3761 0.9095, 0.2264 -1.3761 0.9095, 0.1673 -1.3848 0.8846, 0.2264 -1.3848 0.8846, 0.1673 -1.3878 0.8583, 0.2264 -1.3878 0.8583, 0.2264 -1.3878 0.1102, 0.1673 -1.3878 0.1102, 0.2264 -1.3888 0.1015, 0.1673 -1.3888 0.1015, 0.2264 -1.3917 0.0932, 0.1673 -1.3917 0.0932, 0.2264 -1.3964 0.0857, 0.1673 -1.3964 0.0857, 0.2264 -1.4026 0.0795, 0.1673 -1.4026 0.0795, 0.2264 -1.4101 0.0748, 0.1673 -1.4101 0.0748, 0.2264 -1.4184 0.0719, 0.1673 -1.4184 0.0719, 0.4232 -1.6634 0.0709, 0.4232 -1.4272 0.0709, 0.3642 -1.6634 0.0709, 0.3642 -1.4272 0.0709, 0.4232 -1.6634 0.0315, 0.3642 -1.6634 0.0315, 0.4232 -1.4272 0.0315, 0.3642 -1.4272 0.0315, 0.3642 -1.4096 0.0335, 0.4232 -1.4096 0.0335, 0.3642 -1.393 0.0393, 0.4232 -1.393 0.0393, 0.3642 -1.3781 0.0487, 0.4232 -1.3781 0.0487, 0.3642 -1.3656 0.0611, 0.4232 -1.3656 0.0611, 0.3642 -1.3562 0.0761, 0.4232 -1.3562 0.0761, 0.3642 -1.3504 0.0927, 0.4232 -1.3504 0.0927, 0.3642 -1.3484 0.1102, 0.4232 -1.3484 0.1102, 0.4232 -1.3484 0.8583, 0.3642 -1.3484 0.8583, 0.4232 -1.3465 0.8758, 0.3642 -1.3465 0.8758, 0.4232 -1.3406 0.8924, 0.3642 -1.3406 0.8924, 0.4232 -1.3313 0.9074, 0.3642 -1.3313 0.9074, 0.4232 -1.3188 0.9198, 0.3642 -1.3188 0.9198, 0.4232 -1.3039 0.9292, 0.3642 -1.3039 0.9292, 0.4232 -1.2872 0.935, 0.3642 -1.2872 0.935, 0.4232 -1.2697 0.937, 0.3642 -1.2697 0.937, 0.4232 -0.561 0.937, 0.3642 -0.561 0.937, 0.4232 -0.4492 0.9788, 0.3642 -0.4492 0.9788, 0.4232 -0.326 0.937, 0.3642 -0.326 0.937, 0.4232 -0.2002 0.937, 0.3642 -0.2002 0.937, 0.4232 -0.2002 0.9764, 0.3642 -0.2002 0.9764, 0.4232 -0.3195 0.9764, 0.3642 -0.3195 0.9764, 0.4232 -0.4498 1.0206, 0.3642 -0.4498 1.0206, 0.4232 -0.5681 0.9764, 0.3642 -0.5681 0.9764, 0.4232 -1.2697 0.9764, 0.3642 -1.2697 0.9764, 0.3642 -1.296 0.9734, 0.4232 -1.296 0.9734, 0.3642 -1.3209 0.9647, 0.4232 -1.3209 0.9647, 0.3642 -1.3433 0.9506, 0.4232 -1.3433 0.9506, 0.3642 -1.362 0.9319, 0.4232 -1.362 0.9319, 0.3642 -1.3761 0.9095, 0.4232 -1.3761 0.9095, 0.3642 -1.3848 0.8846, 0.4232 -1.3848 0.8846, 0.3642 -1.3878 0.8583, 0.4232 -1.3878 0.8583, 0.4232 -1.3878 0.1102, 0.3642 -1.3878 0.1102, 0.4232 -1.3888 0.1015, 0.3642 -1.3888 0.1015, 0.4232 -1.3917 0.0932, 0.3642 -1.3917 0.0932, 0.4232 -1.3964 0.0857, 0.3642 -1.3964 0.0857, 0.4232 -1.4026 0.0795, 0.3642 -1.4026 0.0795, 0.4232 -1.4101 0.0748, 0.3642 -1.4101 0.0748, 0.4232 -1.4184 0.0719, 0.3642 -1.4184 0.0719, 0.6201 -1.6634 0.0709, 0.6201 -1.4272 0.0709, 0.561 -1.6634 0.0709, 0.561 -1.4272 0.0709, 0.6201 -1.6634 0.0315, 0.561 -1.6634 0.0315, 0.6201 -1.4272 0.0315, 0.561 -1.4272 0.0315, 0.561 -1.4096 0.0335, 0.6201 -1.4096 0.0335, 0.561 -1.393 0.0393, 0.6201 -1.393 0.0393, 0.561 -1.3781 0.0487, 0.6201 -1.3781 0.0487, 0.561 -1.3656 0.0611, 0.6201 -1.3656 0.0611, 0.561 -1.3562 0.0761, 0.6201 -1.3562 0.0761, 0.561 -1.3504 0.0927, 0.6201 -1.3504 0.0927, 0.561 -1.3484 0.1102, 0.6201 -1.3484 0.1102, 0.6201 -1.3484 0.8583, 0.561 -1.3484 0.8583, 0.6201 -1.3465 0.8758, 0.561 -1.3465 0.8758, 0.6201 -1.3406 0.8924, 0.561 -1.3406 0.8924, 0.6201 -1.3313 0.9074, 0.561 -1.3313 0.9074, 0.6201 -1.3188 0.9198, 0.561 -1.3188 0.9198, 0.6201 -1.3039 0.9292, 0.561 -1.3039 0.9292, 0.6201 -1.2872 0.935, 0.561 -1.2872 0.935, 0.6201 -1.2697 0.937, 0.561 -1.2697 0.937, 0.6201 -0.561 0.937, 0.561 -0.561 0.937, 0.6201 -0.4492 0.9788, 0.561 -0.4492 0.9788, 0.6201 -0.326 0.937, 0.561 -0.326 0.937, 0.6201 -0.2002 0.937, 0.561 -0.2002 0.937, 0.6201 -0.2002 0.9764, 0.561 -0.2002 0.9764, 0.6201 -0.3195 0.9764, 0.561 -0.3195 0.9764, 0.6201 -0.4498 1.0206, 0.561 -0.4498 1.0206, 0.6201 -0.5681 0.9764, 0.561 -0.5681 0.9764, 0.6201 -1.2697 0.9764, 0.561 -1.2697 0.9764, 0.561 -1.296 0.9734, 0.6201 -1.296 0.9734, 0.561 -1.3209 0.9647, 0.6201 -1.3209 0.9647, 0.561 -1.3433 0.9506, 0.6201 -1.3433 0.9506, 0.561 -1.362 0.9319, 0.6201 -1.362 0.9319, 0.561 -1.3761 0.9095, 0.6201 -1.3761 0.9095, 0.561 -1.3848 0.8846, 0.6201 -1.3848 0.8846, 0.561 -1.3878 0.8583, 0.6201 -1.3878 0.8583, 0.6201 -1.3878 0.1102, 0.561 -1.3878 0.1102, 0.6201 -1.3888 0.1015, 0.561 -1.3888 0.1015, 0.6201 -1.3917 0.0932, 0.561 -1.3917 0.0932, 0.6201 -1.3964 0.0857, 0.561 -1.3964 0.0857, 0.6201 -1.4026 0.0795, 0.561 -1.4026 0.0795, 0.6201 -1.4101 0.0748, 0.561 -1.4101 0.0748, 0.6201 -1.4184 0.0719, 0.561 -1.4184 0.0719, 0.8169 -1.6634 0.0709, 0.8169 -1.4272 0.0709, 0.7579 -1.6634 0.0709, 0.7579 -1.4272 0.0709, 0.8169 -1.6634 0.0315, 0.7579 -1.6634 0.0315, 0.8169 -1.4272 0.0315, 0.7579 -1.4272 0.0315, 0.7579 -1.4096 0.0335, 0.8169 -1.4096 0.0335, 0.7579 -1.393 0.0393, 0.8169 -1.393 0.0393, 0.7579 -1.3781 0.0487, 0.8169 -1.3781 0.0487, 0.7579 -1.3656 0.0611, 0.8169 -1.3656 0.0611, 0.7579 -1.3562 0.0761, 0.8169 -1.3562 0.0761, 0.7579 -1.3504 0.0927, 0.8169 -1.3504 0.0927, 0.7579 -1.3484 0.1102, 0.8169 -1.3484 0.1102, 0.8169 -1.3484 0.8583, 0.7579 -1.3484 0.8583, 0.8169 -1.3465 0.8758, 0.7579 -1.3465 0.8758, 0.8169 -1.3406 0.8924, 0.7579 -1.3406 0.8924, 0.8169 -1.3313 0.9074, 0.7579 -1.3313 0.9074, 0.8169 -1.3188 0.9198, 0.7579 -1.3188 0.9198, 0.8169 -1.3039 0.9292, 0.7579 -1.3039 0.9292, 0.8169 -1.2872 0.935, 0.7579 -1.2872 0.935, 0.8169 -1.2697 0.937, 0.7579 -1.2697 0.937, 0.8169 -0.561 0.937, 0.7579 -0.561 0.937, 0.8169 -0.4492 0.9788, 0.7579 -0.4492 0.9788, 0.8169 -0.326 0.937, 0.7579 -0.326 0.937, 0.8169 -0.2002 0.937, 0.7579 -0.2002 0.937, 0.8169 -0.2002 0.9764, 0.7579 -0.2002 0.9764, 0.8169 -0.3195 0.9764, 0.7579 -0.3195 0.9764, 0.8169 -0.4498 1.0206, 0.7579 -0.4498 1.0206, 0.8169 -0.5681 0.9764, 0.7579 -0.5681 0.9764, 0.8169 -1.2697 0.9764, 0.7579 -1.2697 0.9764, 0.7579 -1.296 0.9734, 0.8169 -1.296 0.9734, 0.7579 -1.3209 0.9647, 0.8169 -1.3209 0.9647, 0.7579 -1.3433 0.9506, 0.8169 -1.3433 0.9506, 0.7579 -1.362 0.9319, 0.8169 -1.362 0.9319, 0.7579 -1.3761 0.9095, 0.8169 -1.3761 0.9095, 0.7579 -1.3848 0.8846, 0.8169 -1.3848 0.8846, 0.7579 -1.3878 0.8583, 0.8169 -1.3878 0.8583, 0.8169 -1.3878 0.1102, 0.7579 -1.3878 0.1102, 0.8169 -1.3888 0.1015, 0.7579 -1.3888 0.1015, 0.8169 -1.3917 0.0932, 0.7579 -1.3917 0.0932, 0.8169 -1.3964 0.0857, 0.7579 -1.3964 0.0857, 0.8169 -1.4026 0.0795, 0.7579 -1.4026 0.0795, 0.8169 -1.4101 0.0748, 0.7579 -1.4101 0.0748, 0.8169 -1.4184 0.0719, 0.7579 -1.4184 0.0719, 1.0138 -1.6634 0.0709, 1.0138 -1.4272 0.0709, 0.9547 -1.6634 0.0709, 0.9547 -1.4272 0.0709, 1.0138 -1.6634 0.0315, 0.9547 -1.6634 0.0315, 1.0138 -1.4272 0.0315, 0.9547 -1.4272 0.0315, 0.9547 -1.4096 0.0335, 1.0138 -1.4096 0.0335, 0.9547 -1.393 0.0393, 1.0138 -1.393 0.0393, 0.9547 -1.3781 0.0487, 1.0138 -1.3781 0.0487, 0.9547 -1.3656 0.0611, 1.0138 -1.3656 0.0611, 0.9547 -1.3562 0.0761, 1.0138 -1.3562 0.0761, 0.9547 -1.3504 0.0927, 1.0138 -1.3504 0.0927, 0.9547 -1.3484 0.1102, 1.0138 -1.3484 0.1102, 1.0138 -1.3484 0.8583, 0.9547 -1.3484 0.8583, 1.0138 -1.3465 0.8758, 0.9547 -1.3465 0.8758, 1.0138 -1.3406 0.8924, 0.9547 -1.3406 0.8924, 1.0138 -1.3313 0.9074, 0.9547 -1.3313 0.9074, 1.0138 -1.3188 0.9198, 0.9547 -1.3188 0.9198, 1.0138 -1.3039 0.9292, 0.9547 -1.3039 0.9292, 1.0138 -1.2872 0.935, 0.9547 -1.2872 0.935, 1.0138 -1.2697 0.937, 0.9547 -1.2697 0.937, 1.0138 -0.561 0.937, 0.9547 -0.561 0.937, 1.0138 -0.4492 0.9788, 0.9547 -0.4492 0.9788, 1.0138 -0.326 0.937, 0.9547 -0.326 0.937, 1.0138 -0.2002 0.937, 0.9547 -0.2002 0.937, 1.0138 -0.2002 0.9764, 0.9547 -0.2002 0.9764, 1.0138 -0.3195 0.9764, 0.9547 -0.3195 0.9764, 1.0138 -0.4498 1.0206, 0.9547 -0.4498 1.0206, 1.0138 -0.5681 0.9764, 0.9547 -0.5681 0.9764, 1.0138 -1.2697 0.9764, 0.9547 -1.2697 0.9764, 0.9547 -1.296 0.9734, 1.0138 -1.296 0.9734, 0.9547 -1.3209 0.9647, 1.0138 -1.3209 0.9647, 0.9547 -1.3433 0.9506, 1.0138 -1.3433 0.9506, 0.9547 -1.362 0.9319, 1.0138 -1.362 0.9319, 0.9547 -1.3761 0.9095, 1.0138 -1.3761 0.9095, 0.9547 -1.3848 0.8846, 1.0138 -1.3848 0.8846, 0.9547 -1.3878 0.8583, 1.0138 -1.3878 0.8583, 1.0138 -1.3878 0.1102, 0.9547 -1.3878 0.1102, 1.0138 -1.3888 0.1015, 0.9547 -1.3888 0.1015, 1.0138 -1.3917 0.0932, 0.9547 -1.3917 0.0932, 1.0138 -1.3964 0.0857, 0.9547 -1.3964 0.0857, 1.0138 -1.4026 0.0795, 0.9547 -1.4026 0.0795, 1.0138 -1.4101 0.0748, 0.9547 -1.4101 0.0748, 1.0138 -1.4184 0.0719, 0.9547 -1.4184 0.0719, 1.2106 -1.6634 0.0709, 1.2106 -1.4272 0.0709, 1.1516 -1.6634 0.0709, 1.1516 -1.4272 0.0709, 1.2106 -1.6634 0.0315, 1.1516 -1.6634 0.0315, 1.2106 -1.4272 0.0315, 1.1516 -1.4272 0.0315, 1.1516 -1.4096 0.0335, 1.2106 -1.4096 0.0335, 1.1516 -1.393 0.0393, 1.2106 -1.393 0.0393, 1.1516 -1.3781 0.0487, 1.2106 -1.3781 0.0487, 1.1516 -1.3656 0.0611, 1.2106 -1.3656 0.0611, 1.1516 -1.3562 0.0761, 1.2106 -1.3562 0.0761, 1.1516 -1.3504 0.0927, 1.2106 -1.3504 0.0927, 1.1516 -1.3484 0.1102, 1.2106 -1.3484 0.1102, 1.2106 -1.3484 0.8583, 1.1516 -1.3484 0.8583, 1.2106 -1.3465 0.8758, 1.1516 -1.3465 0.8758, 1.2106 -1.3406 0.8924, 1.1516 -1.3406 0.8924, 1.2106 -1.3313 0.9074, 1.1516 -1.3313 0.9074, 1.2106 -1.3188 0.9198, 1.1516 -1.3188 0.9198, 1.2106 -1.3039 0.9292, 1.1516 -1.3039 0.9292, 1.2106 -1.2872 0.935, 1.1516 -1.2872 0.935, 1.2106 -1.2697 0.937, 1.1516 -1.2697 0.937, 1.2106 -0.561 0.937, 1.1516 -0.561 0.937, 1.2106 -0.4492 0.9788, 1.1516 -0.4492 0.9788, 1.2106 -0.326 0.937, 1.1516 -0.326 0.937, 1.2106 -0.2002 0.937, 1.1516 -0.2002 0.937, 1.2106 -0.2002 0.9764, 1.1516 -0.2002 0.9764, 1.2106 -0.3195 0.9764, 1.1516 -0.3195 0.9764, 1.2106 -0.4498 1.0206, 1.1516 -0.4498 1.0206, 1.2106 -0.5681 0.9764, 1.1516 -0.5681 0.9764, 1.2106 -1.2697 0.9764, 1.1516 -1.2697 0.9764, 1.1516 -1.296 0.9734, 1.2106 -1.296 0.9734, 1.1516 -1.3209 0.9647, 1.2106 -1.3209 0.9647, 1.1516 -1.3433 0.9506, 1.2106 -1.3433 0.9506, 1.1516 -1.362 0.9319, 1.2106 -1.362 0.9319, 1.1516 -1.3761 0.9095, 1.2106 -1.3761 0.9095, 1.1516 -1.3848 0.8846, 1.2106 -1.3848 0.8846, 1.1516 -1.3878 0.8583, 1.2106 -1.3878 0.8583, 1.2106 -1.3878 0.1102, 1.1516 -1.3878 0.1102, 1.2106 -1.3888 0.1015, 1.1516 -1.3888 0.1015, 1.2106 -1.3917 0.0932, 1.1516 -1.3917 0.0932, 1.2106 -1.3964 0.0857, 1.1516 -1.3964 0.0857, 1.2106 -1.4026 0.0795, 1.1516 -1.4026 0.0795, 1.2106 -1.4101 0.0748, 1.1516 -1.4101 0.0748, 1.2106 -1.4184 0.0719, 1.1516 -1.4184 0.0719, 1.4075 -1.6634 0.0709, 1.4075 -1.4272 0.0709, 1.3484 -1.6634 0.0709, 1.3484 -1.4272 0.0709, 1.4075 -1.6634 0.0315, 1.3484 -1.6634 0.0315, 1.4075 -1.4272 0.0315, 1.3484 -1.4272 0.0315, 1.3484 -1.4096 0.0335, 1.4075 -1.4096 0.0335, 1.3484 -1.393 0.0393, 1.4075 -1.393 0.0393, 1.3484 -1.3781 0.0487, 1.4075 -1.3781 0.0487, 1.3484 -1.3656 0.0611, 1.4075 -1.3656 0.0611, 1.3484 -1.3562 0.0761, 1.4075 -1.3562 0.0761, 1.3484 -1.3504 0.0927, 1.4075 -1.3504 0.0927, 1.3484 -1.3484 0.1102, 1.4075 -1.3484 0.1102, 1.4075 -1.3484 0.8583, 1.3484 -1.3484 0.8583, 1.4075 -1.3465 0.8758, 1.3484 -1.3465 0.8758, 1.4075 -1.3406 0.8924, 1.3484 -1.3406 0.8924, 1.4075 -1.3313 0.9074, 1.3484 -1.3313 0.9074, 1.4075 -1.3188 0.9198, 1.3484 -1.3188 0.9198, 1.4075 -1.3039 0.9292, 1.3484 -1.3039 0.9292, 1.4075 -1.2872 0.935, 1.3484 -1.2872 0.935, 1.4075 -1.2697 0.937, 1.3484 -1.2697 0.937, 1.4075 -0.561 0.937, 1.3484 -0.561 0.937, 1.4075 -0.4492 0.9788, 1.3484 -0.4492 0.9788, 1.4075 -0.326 0.937, 1.3484 -0.326 0.937, 1.4075 -0.2002 0.937, 1.3484 -0.2002 0.937, 1.4075 -0.2002 0.9764, 1.3484 -0.2002 0.9764, 1.4075 -0.3195 0.9764, 1.3484 -0.3195 0.9764, 1.4075 -0.4498 1.0206, 1.3484 -0.4498 1.0206, 1.4075 -0.5681 0.9764, 1.3484 -0.5681 0.9764, 1.4075 -1.2697 0.9764, 1.3484 -1.2697 0.9764, 1.3484 -1.296 0.9734, 1.4075 -1.296 0.9734, 1.3484 -1.3209 0.9647, 1.4075 -1.3209 0.9647, 1.3484 -1.3433 0.9506, 1.4075 -1.3433 0.9506, 1.3484 -1.362 0.9319, 1.4075 -1.362 0.9319, 1.3484 -1.3761 0.9095, 1.4075 -1.3761 0.9095, 1.3484 -1.3848 0.8846, 1.4075 -1.3848 0.8846, 1.3484 -1.3878 0.8583, 1.4075 -1.3878 0.8583, 1.4075 -1.3878 0.1102, 1.3484 -1.3878 0.1102, 1.4075 -1.3888 0.1015, 1.3484 -1.3888 0.1015, 1.4075 -1.3917 0.0932, 1.3484 -1.3917 0.0932, 1.4075 -1.3964 0.0857, 1.3484 -1.3964 0.0857, 1.4075 -1.4026 0.0795, 1.3484 -1.4026 0.0795, 1.4075 -1.4101 0.0748, 1.3484 -1.4101 0.0748, 1.4075 -1.4184 0.0719, 1.3484 -1.4184 0.0719, 1.6043 -1.6634 0.0709, 1.6043 -1.4272 0.0709, 1.5453 -1.6634 0.0709, 1.5453 -1.4272 0.0709, 1.6043 -1.6634 0.0315, 1.5453 -1.6634 0.0315, 1.6043 -1.4272 0.0315, 1.5453 -1.4272 0.0315, 1.5453 -1.4096 0.0335, 1.6043 -1.4096 0.0335, 1.5453 -1.393 0.0393, 1.6043 -1.393 0.0393, 1.5453 -1.3781 0.0487, 1.6043 -1.3781 0.0487, 1.5453 -1.3656 0.0611, 1.6043 -1.3656 0.0611, 1.5453 -1.3562 0.0761, 1.6043 -1.3562 0.0761, 1.5453 -1.3504 0.0927, 1.6043 -1.3504 0.0927, 1.5453 -1.3484 0.1102, 1.6043 -1.3484 0.1102, 1.6043 -1.3484 0.8583, 1.5453 -1.3484 0.8583, 1.6043 -1.3465 0.8758, 1.5453 -1.3465 0.8758, 1.6043 -1.3406 0.8924, 1.5453 -1.3406 0.8924, 1.6043 -1.3313 0.9074, 1.5453 -1.3313 0.9074, 1.6043 -1.3188 0.9198, 1.5453 -1.3188 0.9198, 1.6043 -1.3039 0.9292, 1.5453 -1.3039 0.9292, 1.6043 -1.2872 0.935, 1.5453 -1.2872 0.935, 1.6043 -1.2697 0.937, 1.5453 -1.2697 0.937, 1.6043 -0.561 0.937, 1.5453 -0.561 0.937, 1.6043 -0.4492 0.9788, 1.5453 -0.4492 0.9788, 1.6043 -0.326 0.937, 1.5453 -0.326 0.937, 1.6043 -0.2002 0.937, 1.5453 -0.2002 0.937, 1.6043 -0.2002 0.9764, 1.5453 -0.2002 0.9764, 1.6043 -0.3195 0.9764, 1.5453 -0.3195 0.9764, 1.6043 -0.4498 1.0206, 1.5453 -0.4498 1.0206, 1.6043 -0.5681 0.9764, 1.5453 -0.5681 0.9764, 1.6043 -1.2697 0.9764, 1.5453 -1.2697 0.9764, 1.5453 -1.296 0.9734, 1.6043 -1.296 0.9734, 1.5453 -1.3209 0.9647, 1.6043 -1.3209 0.9647, 1.5453 -1.3433 0.9506, 1.6043 -1.3433 0.9506, 1.5453 -1.362 0.9319, 1.6043 -1.362 0.9319, 1.5453 -1.3761 0.9095, 1.6043 -1.3761 0.9095, 1.5453 -1.3848 0.8846, 1.6043 -1.3848 0.8846, 1.5453 -1.3878 0.8583, 1.6043 -1.3878 0.8583, 1.6043 -1.3878 0.1102, 1.5453 -1.3878 0.1102, 1.6043 -1.3888 0.1015, 1.5453 -1.3888 0.1015, 1.6043 -1.3917 0.0932, 1.5453 -1.3917 0.0932, 1.6043 -1.3964 0.0857, 1.5453 -1.3964 0.0857, 1.6043 -1.4026 0.0795, 1.5453 -1.4026 0.0795, 1.6043 -1.4101 0.0748, 1.5453 -1.4101 0.0748, 1.6043 -1.4184 0.0719, 1.5453 -1.4184 0.0719, 1.8012 -1.6634 0.0709, 1.8012 -1.4272 0.0709, 1.7421 -1.6634 0.0709, 1.7421 -1.4272 0.0709, 1.8012 -1.6634 0.0315, 1.7421 -1.6634 0.0315, 1.8012 -1.4272 0.0315, 1.7421 -1.4272 0.0315, 1.7421 -1.4096 0.0335, 1.8012 -1.4096 0.0335, 1.7421 -1.393 0.0393, 1.8012 -1.393 0.0393, 1.7421 -1.3781 0.0487, 1.8012 -1.3781 0.0487, 1.7421 -1.3656 0.0611, 1.8012 -1.3656 0.0611, 1.7421 -1.3562 0.0761, 1.8012 -1.3562 0.0761, 1.7421 -1.3504 0.0927, 1.8012 -1.3504 0.0927, 1.7421 -1.3484 0.1102, 1.8012 -1.3484 0.1102, 1.8012 -1.3484 0.8583, 1.7421 -1.3484 0.8583, 1.8012 -1.3465 0.8758, 1.7421 -1.3465 0.8758, 1.8012 -1.3406 0.8924, 1.7421 -1.3406 0.8924, 1.8012 -1.3313 0.9074, 1.7421 -1.3313 0.9074, 1.8012 -1.3188 0.9198, 1.7421 -1.3188 0.9198, 1.8012 -1.3039 0.9292, 1.7421 -1.3039 0.9292, 1.8012 -1.2872 0.935, 1.7421 -1.2872 0.935, 1.8012 -1.2697 0.937, 1.7421 -1.2697 0.937, 1.8012 -0.561 0.937, 1.7421 -0.561 0.937, 1.8012 -0.4492 0.9788, 1.7421 -0.4492 0.9788, 1.8012 -0.326 0.937, 1.7421 -0.326 0.937, 1.8012 -0.2002 0.937, 1.7421 -0.2002 0.937, 1.8012 -0.2002 0.9764, 1.7421 -0.2002 0.9764, 1.8012 -0.3195 0.9764, 1.7421 -0.3195 0.9764, 1.8012 -0.4498 1.0206, 1.7421 -0.4498 1.0206, 1.8012 -0.5681 0.9764, 1.7421 -0.5681 0.9764, 1.8012 -1.2697 0.9764, 1.7421 -1.2697 0.9764, 1.7421 -1.296 0.9734, 1.8012 -1.296 0.9734, 1.7421 -1.3209 0.9647, 1.8012 -1.3209 0.9647, 1.7421 -1.3433 0.9506, 1.8012 -1.3433 0.9506, 1.7421 -1.362 0.9319, 1.8012 -1.362 0.9319, 1.7421 -1.3761 0.9095, 1.8012 -1.3761 0.9095, 1.7421 -1.3848 0.8846, 1.8012 -1.3848 0.8846, 1.7421 -1.3878 0.8583, 1.8012 -1.3878 0.8583, 1.8012 -1.3878 0.1102, 1.7421 -1.3878 0.1102, 1.8012 -1.3888 0.1015, 1.7421 -1.3888 0.1015, 1.8012 -1.3917 0.0932, 1.7421 -1.3917 0.0932, 1.8012 -1.3964 0.0857, 1.7421 -1.3964 0.0857, 1.8012 -1.4026 0.0795, 1.7421 -1.4026 0.0795, 1.8012 -1.4101 0.0748, 1.7421 -1.4101 0.0748, 1.8012 -1.4184 0.0719, 1.7421 -1.4184 0.0719, 1.998 -1.6634 0.0709, 1.998 -1.4272 0.0709, 1.939 -1.6634 0.0709, 1.939 -1.4272 0.0709, 1.998 -1.6634 0.0315, 1.939 -1.6634 0.0315, 1.998 -1.4272 0.0315, 1.939 -1.4272 0.0315, 1.939 -1.4096 0.0335, 1.998 -1.4096 0.0335, 1.939 -1.393 0.0393, 1.998 -1.393 0.0393, 1.939 -1.3781 0.0487, 1.998 -1.3781 0.0487, 1.939 -1.3656 0.0611, 1.998 -1.3656 0.0611, 1.939 -1.3562 0.0761, 1.998 -1.3562 0.0761, 1.939 -1.3504 0.0927, 1.998 -1.3504 0.0927, 1.939 -1.3484 0.1102, 1.998 -1.3484 0.1102, 1.998 -1.3484 0.8583, 1.939 -1.3484 0.8583, 1.998 -1.3465 0.8758, 1.939 -1.3465 0.8758, 1.998 -1.3406 0.8924, 1.939 -1.3406 0.8924, 1.998 -1.3313 0.9074, 1.939 -1.3313 0.9074, 1.998 -1.3188 0.9198, 1.939 -1.3188 0.9198, 1.998 -1.3039 0.9292, 1.939 -1.3039 0.9292, 1.998 -1.2872 0.935, 1.939 -1.2872 0.935, 1.998 -1.2697 0.937, 1.939 -1.2697 0.937, 1.998 -0.561 0.937, 1.939 -0.561 0.937, 1.998 -0.4492 0.9788, 1.939 -0.4492 0.9788, 1.998 -0.326 0.937, 1.939 -0.326 0.937, 1.998 -0.2002 0.937, 1.939 -0.2002 0.937, 1.998 -0.2002 0.9764, 1.939 -0.2002 0.9764, 1.998 -0.3195 0.9764, 1.939 -0.3195 0.9764, 1.998 -0.4498 1.0206, 1.939 -0.4498 1.0206, 1.998 -0.5681 0.9764, 1.939 -0.5681 0.9764, 1.998 -1.2697 0.9764, 1.939 -1.2697 0.9764, 1.939 -1.296 0.9734, 1.998 -1.296 0.9734, 1.939 -1.3209 0.9647, 1.998 -1.3209 0.9647, 1.939 -1.3433 0.9506, 1.998 -1.3433 0.9506, 1.939 -1.362 0.9319, 1.998 -1.362 0.9319, 1.939 -1.3761 0.9095, 1.998 -1.3761 0.9095, 1.939 -1.3848 0.8846, 1.998 -1.3848 0.8846, 1.939 -1.3878 0.8583, 1.998 -1.3878 0.8583, 1.998 -1.3878 0.1102, 1.939 -1.3878 0.1102, 1.998 -1.3888 0.1015, 1.939 -1.3888 0.1015, 1.998 -1.3917 0.0932, 1.939 -1.3917 0.0932, 1.998 -1.3964 0.0857, 1.939 -1.3964 0.0857, 1.998 -1.4026 0.0795, 1.939 -1.4026 0.0795, 1.998 -1.4101 0.0748, 1.939 -1.4101 0.0748, 1.998 -1.4184 0.0719, 1.939 -1.4184 0.0719, 2.9823 -1.6634 0.0709, 2.9823 -1.4272 0.0709, 2.9232 -1.6634 0.0709, 2.9232 -1.4272 0.0709, 2.9823 -1.6634 0.0315, 2.9232 -1.6634 0.0315, 2.9823 -1.4272 0.0315, 2.9232 -1.4272 0.0315, 2.9232 -1.4096 0.0335, 2.9823 -1.4096 0.0335, 2.9232 -1.393 0.0393, 2.9823 -1.393 0.0393, 2.9232 -1.3781 0.0487, 2.9823 -1.3781 0.0487, 2.9232 -1.3656 0.0611, 2.9823 -1.3656 0.0611, 2.9232 -1.3562 0.0761, 2.9823 -1.3562 0.0761, 2.9232 -1.3504 0.0927, 2.9823 -1.3504 0.0927, 2.9232 -1.3484 0.1102, 2.9823 -1.3484 0.1102, 2.9823 -1.3484 0.8583, 2.9232 -1.3484 0.8583, 2.9823 -1.3465 0.8758, 2.9232 -1.3465 0.8758, 2.9823 -1.3406 0.8924, 2.9232 -1.3406 0.8924, 2.9823 -1.3313 0.9074, 2.9232 -1.3313 0.9074, 2.9823 -1.3188 0.9198, 2.9232 -1.3188 0.9198, 2.9823 -1.3039 0.9292, 2.9232 -1.3039 0.9292, 2.9823 -1.2872 0.935, 2.9232 -1.2872 0.935, 2.9823 -1.2697 0.937, 2.9232 -1.2697 0.937, 2.9823 -0.561 0.937, 2.9232 -0.561 0.937, 2.9823 -0.4492 0.9788, 2.9232 -0.4492 0.9788, 2.9823 -0.326 0.937, 2.9232 -0.326 0.937, 2.9823 -0.2002 0.937, 2.9232 -0.2002 0.937, 2.9823 -0.2002 0.9764, 2.9232 -0.2002 0.9764, 2.9823 -0.3195 0.9764, 2.9232 -0.3195 0.9764, 2.9823 -0.4498 1.0206, 2.9232 -0.4498 1.0206, 2.9823 -0.5681 0.9764, 2.9232 -0.5681 0.9764, 2.9823 -1.2697 0.9764, 2.9232 -1.2697 0.9764, 2.9232 -1.296 0.9734, 2.9823 -1.296 0.9734, 2.9232 -1.3209 0.9647, 2.9823 -1.3209 0.9647, 2.9232 -1.3433 0.9506, 2.9823 -1.3433 0.9506, 2.9232 -1.362 0.9319, 2.9823 -1.362 0.9319, 2.9232 -1.3761 0.9095, 2.9823 -1.3761 0.9095, 2.9232 -1.3848 0.8846, 2.9823 -1.3848 0.8846, 2.9232 -1.3878 0.8583, 2.9823 -1.3878 0.8583, 2.9823 -1.3878 0.1102, 2.9232 -1.3878 0.1102, 2.9823 -1.3888 0.1015, 2.9232 -1.3888 0.1015, 2.9823 -1.3917 0.0932, 2.9232 -1.3917 0.0932, 2.9823 -1.3964 0.0857, 2.9232 -1.3964 0.0857, 2.9823 -1.4026 0.0795, 2.9232 -1.4026 0.0795, 2.9823 -1.4101 0.0748, 2.9232 -1.4101 0.0748, 2.9823 -1.4184 0.0719, 2.9232 -1.4184 0.0719, 3.1791 -1.6634 0.0709, 3.1791 -1.4272 0.0709, 3.1201 -1.6634 0.0709, 3.1201 -1.4272 0.0709, 3.1791 -1.6634 0.0315, 3.1201 -1.6634 0.0315, 3.1791 -1.4272 0.0315, 3.1201 -1.4272 0.0315, 3.1201 -1.4096 0.0335, 3.1791 -1.4096 0.0335, 3.1201 -1.393 0.0393, 3.1791 -1.393 0.0393, 3.1201 -1.3781 0.0487, 3.1791 -1.3781 0.0487, 3.1201 -1.3656 0.0611, 3.1791 -1.3656 0.0611, 3.1201 -1.3562 0.0761, 3.1791 -1.3562 0.0761, 3.1201 -1.3504 0.0927, 3.1791 -1.3504 0.0927, 3.1201 -1.3484 0.1102, 3.1791 -1.3484 0.1102, 3.1791 -1.3484 0.8583, 3.1201 -1.3484 0.8583, 3.1791 -1.3465 0.8758, 3.1201 -1.3465 0.8758, 3.1791 -1.3406 0.8924, 3.1201 -1.3406 0.8924, 3.1791 -1.3313 0.9074, 3.1201 -1.3313 0.9074, 3.1791 -1.3188 0.9198, 3.1201 -1.3188 0.9198, 3.1791 -1.3039 0.9292, 3.1201 -1.3039 0.9292, 3.1791 -1.2872 0.935, 3.1201 -1.2872 0.935, 3.1791 -1.2697 0.937, 3.1201 -1.2697 0.937, 3.1791 -0.561 0.937, 3.1201 -0.561 0.937, 3.1791 -0.4492 0.9788, 3.1201 -0.4492 0.9788, 3.1791 -0.326 0.937, 3.1201 -0.326 0.937, 3.1791 -0.2002 0.937, 3.1201 -0.2002 0.937, 3.1791 -0.2002 0.9764, 3.1201 -0.2002 0.9764, 3.1791 -0.3195 0.9764, 3.1201 -0.3195 0.9764, 3.1791 -0.4498 1.0206, 3.1201 -0.4498 1.0206, 3.1791 -0.5681 0.9764, 3.1201 -0.5681 0.9764, 3.1791 -1.2697 0.9764, 3.1201 -1.2697 0.9764, 3.1201 -1.296 0.9734, 3.1791 -1.296 0.9734, 3.1201 -1.3209 0.9647, 3.1791 -1.3209 0.9647, 3.1201 -1.3433 0.9506, 3.1791 -1.3433 0.9506, 3.1201 -1.362 0.9319, 3.1791 -1.362 0.9319, 3.1201 -1.3761 0.9095, 3.1791 -1.3761 0.9095, 3.1201 -1.3848 0.8846, 3.1791 -1.3848 0.8846, 3.1201 -1.3878 0.8583, 3.1791 -1.3878 0.8583, 3.1791 -1.3878 0.1102, 3.1201 -1.3878 0.1102, 3.1791 -1.3888 0.1015, 3.1201 -1.3888 0.1015, 3.1791 -1.3917 0.0932, 3.1201 -1.3917 0.0932, 3.1791 -1.3964 0.0857, 3.1201 -1.3964 0.0857, 3.1791 -1.4026 0.0795, 3.1201 -1.4026 0.0795, 3.1791 -1.4101 0.0748, 3.1201 -1.4101 0.0748, 3.1791 -1.4184 0.0719, 3.1201 -1.4184 0.0719, 3.376 -1.6634 0.0709, 3.376 -1.4272 0.0709, 3.3169 -1.6634 0.0709, 3.3169 -1.4272 0.0709, 3.376 -1.6634 0.0315, 3.3169 -1.6634 0.0315, 3.376 -1.4272 0.0315, 3.3169 -1.4272 0.0315, 3.3169 -1.4096 0.0335, 3.376 -1.4096 0.0335, 3.3169 -1.393 0.0393, 3.376 -1.393 0.0393, 3.3169 -1.3781 0.0487, 3.376 -1.3781 0.0487, 3.3169 -1.3656 0.0611, 3.376 -1.3656 0.0611, 3.3169 -1.3562 0.0761, 3.376 -1.3562 0.0761, 3.3169 -1.3504 0.0927, 3.376 -1.3504 0.0927, 3.3169 -1.3484 0.1102, 3.376 -1.3484 0.1102, 3.376 -1.3484 0.8583, 3.3169 -1.3484 0.8583, 3.376 -1.3465 0.8758, 3.3169 -1.3465 0.8758, 3.376 -1.3406 0.8924, 3.3169 -1.3406 0.8924, 3.376 -1.3313 0.9074, 3.3169 -1.3313 0.9074, 3.376 -1.3188 0.9198, 3.3169 -1.3188 0.9198, 3.376 -1.3039 0.9292, 3.3169 -1.3039 0.9292, 3.376 -1.2872 0.935, 3.3169 -1.2872 0.935, 3.376 -1.2697 0.937, 3.3169 -1.2697 0.937, 3.376 -0.561 0.937, 3.3169 -0.561 0.937, 3.376 -0.4492 0.9788, 3.3169 -0.4492 0.9788, 3.376 -0.326 0.937, 3.3169 -0.326 0.937, 3.376 -0.2002 0.937, 3.3169 -0.2002 0.937, 3.376 -0.2002 0.9764, 3.3169 -0.2002 0.9764, 3.376 -0.3195 0.9764, 3.3169 -0.3195 0.9764, 3.376 -0.4498 1.0206, 3.3169 -0.4498 1.0206, 3.376 -0.5681 0.9764, 3.3169 -0.5681 0.9764, 3.376 -1.2697 0.9764, 3.3169 -1.2697 0.9764, 3.3169 -1.296 0.9734, 3.376 -1.296 0.9734, 3.3169 -1.3209 0.9647, 3.376 -1.3209 0.9647, 3.3169 -1.3433 0.9506, 3.376 -1.3433 0.9506, 3.3169 -1.362 0.9319, 3.376 -1.362 0.9319, 3.3169 -1.3761 0.9095, 3.376 -1.3761 0.9095, 3.3169 -1.3848 0.8846, 3.376 -1.3848 0.8846, 3.3169 -1.3878 0.8583, 3.376 -1.3878 0.8583, 3.376 -1.3878 0.1102, 3.3169 -1.3878 0.1102, 3.376 -1.3888 0.1015, 3.3169 -1.3888 0.1015, 3.376 -1.3917 0.0932, 3.3169 -1.3917 0.0932, 3.376 -1.3964 0.0857, 3.3169 -1.3964 0.0857, 3.376 -1.4026 0.0795, 3.3169 -1.4026 0.0795, 3.376 -1.4101 0.0748, 3.3169 -1.4101 0.0748, 3.376 -1.4184 0.0719, 3.3169 -1.4184 0.0719, 3.5728 -1.6634 0.0709, 3.5728 -1.4272 0.0709, 3.5138 -1.6634 0.0709, 3.5138 -1.4272 0.0709, 3.5728 -1.6634 0.0315, 3.5138 -1.6634 0.0315, 3.5728 -1.4272 0.0315, 3.5138 -1.4272 0.0315, 3.5138 -1.4096 0.0335, 3.5728 -1.4096 0.0335, 3.5138 -1.393 0.0393, 3.5728 -1.393 0.0393, 3.5138 -1.3781 0.0487, 3.5728 -1.3781 0.0487, 3.5138 -1.3656 0.0611, 3.5728 -1.3656 0.0611, 3.5138 -1.3562 0.0761, 3.5728 -1.3562 0.0761, 3.5138 -1.3504 0.0927, 3.5728 -1.3504 0.0927, 3.5138 -1.3484 0.1102, 3.5728 -1.3484 0.1102, 3.5728 -1.3484 0.8583, 3.5138 -1.3484 0.8583, 3.5728 -1.3465 0.8758, 3.5138 -1.3465 0.8758, 3.5728 -1.3406 0.8924, 3.5138 -1.3406 0.8924, 3.5728 -1.3313 0.9074, 3.5138 -1.3313 0.9074, 3.5728 -1.3188 0.9198, 3.5138 -1.3188 0.9198, 3.5728 -1.3039 0.9292, 3.5138 -1.3039 0.9292, 3.5728 -1.2872 0.935, 3.5138 -1.2872 0.935, 3.5728 -1.2697 0.937, 3.5138 -1.2697 0.937, 3.5728 -0.561 0.937, 3.5138 -0.561 0.937, 3.5728 -0.4492 0.9788, 3.5138 -0.4492 0.9788, 3.5728 -0.326 0.937, 3.5138 -0.326 0.937, 3.5728 -0.2002 0.937, 3.5138 -0.2002 0.937, 3.5728 -0.2002 0.9764, 3.5138 -0.2002 0.9764, 3.5728 -0.3195 0.9764, 3.5138 -0.3195 0.9764, 3.5728 -0.4498 1.0206, 3.5138 -0.4498 1.0206, 3.5728 -0.5681 0.9764, 3.5138 -0.5681 0.9764, 3.5728 -1.2697 0.9764, 3.5138 -1.2697 0.9764, 3.5138 -1.296 0.9734, 3.5728 -1.296 0.9734, 3.5138 -1.3209 0.9647, 3.5728 -1.3209 0.9647, 3.5138 -1.3433 0.9506, 3.5728 -1.3433 0.9506, 3.5138 -1.362 0.9319, 3.5728 -1.362 0.9319, 3.5138 -1.3761 0.9095, 3.5728 -1.3761 0.9095, 3.5138 -1.3848 0.8846, 3.5728 -1.3848 0.8846, 3.5138 -1.3878 0.8583, 3.5728 -1.3878 0.8583, 3.5728 -1.3878 0.1102, 3.5138 -1.3878 0.1102, 3.5728 -1.3888 0.1015, 3.5138 -1.3888 0.1015, 3.5728 -1.3917 0.0932, 3.5138 -1.3917 0.0932, 3.5728 -1.3964 0.0857, 3.5138 -1.3964 0.0857, 3.5728 -1.4026 0.0795, 3.5138 -1.4026 0.0795, 3.5728 -1.4101 0.0748, 3.5138 -1.4101 0.0748, 3.5728 -1.4184 0.0719, 3.5138 -1.4184 0.0719, 3.6772 -0.526 1.3701, 3.6772 -0.4099 1.3701, 3.6063 -0.526 1.3701, 3.6063 -0.4099 1.3701, 3.6772 -0.526 1.3307, 3.6063 -0.526 1.3307, 3.6772 -0.4099 1.3307, 3.6063 -0.4099 1.3307, 3.6772 -0.3954 1.3294, 3.6063 -0.3954 1.3294, 3.6772 -0.3814 1.3254, 3.6063 -0.3814 1.3254, 3.6772 -0.3684 1.3188, 3.6063 -0.3684 1.3188, 3.6772 -0.2868 1.2682, 3.6063 -0.2868 1.2682, 3.6063 -0.2707 1.2606, 3.6772 -0.2707 1.2606, 3.6063 -0.2534 1.2567, 3.6772 -0.2534 1.2567, 3.6063 -0.2356 1.2569, 3.6772 -0.2356 1.2569, 3.6063 -0.2183 1.2611, 3.6772 -0.2183 1.2611, 3.6063 -0.2024 1.269, 3.6772 -0.2024 1.269, 3.6772 -0.1267 1.318, 3.6063 -0.1267 1.318, 3.6772 -0.1134 1.325, 3.6063 -0.1134 1.325, 3.6772 -0.0989 1.3293, 3.6063 -0.0989 1.3293, 3.6772 -0.0839 1.3307, 3.6063 -0.0839 1.3307, 3.6772 1.1516 1.3307, 3.6063 1.1516 1.3307, 3.6772 1.1691 1.3287, 3.6063 1.1691 1.3287, 3.6772 1.1857 1.3229, 3.6063 1.1857 1.3229, 3.6772 1.2007 1.3135, 3.6063 1.2007 1.3135, 3.6772 1.2131 1.3011, 3.6063 1.2131 1.3011, 3.6772 1.2225 1.2861, 3.6063 1.2225 1.2861, 3.6772 1.2283 1.2695, 3.6063 1.2283 1.2695, 3.6772 1.2303 1.252, 3.6063 1.2303 1.252, 3.6772 1.2303 0.1102, 3.6063 1.2303 0.1102, 3.6063 1.2323 0.0927, 3.6772 1.2323 0.0927, 3.6063 1.2381 0.0761, 3.6772 1.2381 0.0761, 3.6063 1.2475 0.0611, 3.6772 1.2475 0.0611, 3.6063 1.26 0.0487, 3.6772 1.26 0.0487, 3.6063 1.2749 0.0393, 3.6772 1.2749 0.0393, 3.6063 1.2915 0.0335, 3.6772 1.2915 0.0335, 3.6063 1.3091 0.0315, 3.6772 1.3091 0.0315, 3.6772 1.624 0.0315, 3.6063 1.624 0.0315, 3.6772 1.624 0.0709, 3.6063 1.624 0.0709, 3.6772 1.3091 0.0709, 3.6063 1.3091 0.0709, 3.6772 1.3003 0.0719, 3.6063 1.3003 0.0719, 3.6772 1.292 0.0748, 3.6063 1.292 0.0748, 3.6772 1.2845 0.0795, 3.6063 1.2845 0.0795, 3.6772 1.2783 0.0857, 3.6063 1.2783 0.0857, 3.6772 1.2736 0.0932, 3.6063 1.2736 0.0932, 3.6772 1.2707 0.1015, 3.6063 1.2707 0.1015, 3.6772 1.2697 0.1102, 3.6063 1.2697 0.1102, 3.6772 1.2697 1.252, 3.6063 1.2697 1.252, 3.6063 1.2667 1.2783, 3.6772 1.2667 1.2783, 3.6063 1.258 1.3032, 3.6772 1.258 1.3032, 3.6063 1.2439 1.3256, 3.6772 1.2439 1.3256, 3.6063 1.2252 1.3443, 3.6772 1.2252 1.3443, 3.6063 1.2028 1.3584, 3.6772 1.2028 1.3584, 3.6063 1.1779 1.3671, 3.6772 1.1779 1.3671, 3.6063 1.1516 1.3701, 3.6772 1.1516 1.3701, 3.6772 -0.0839 1.3701, 3.6063 -0.0839 1.3701, 3.6063 -0.1064 1.3679, 3.6772 -0.1064 1.3679, 3.6063 -0.1281 1.3615, 3.6772 -0.1281 1.3615, 3.6063 -0.1482 1.3511, 3.6772 -0.1482 1.3511, 3.6772 -0.2238 1.302, 3.6063 -0.2238 1.302, 3.6772 -0.2318 1.2981, 3.6063 -0.2318 1.2981, 3.6772 -0.2404 1.296, 3.6063 -0.2404 1.296, 3.6772 -0.2493 1.2959, 3.6063 -0.2493 1.2959, 3.6772 -0.258 1.2978, 3.6063 -0.258 1.2978, 3.6772 -0.266 1.3016, 3.6063 -0.266 1.3016, 3.6772 -0.3476 1.3523, 3.6063 -0.3476 1.3523, 3.6063 -0.3671 1.3621, 3.6772 -0.3671 1.3621, 3.6063 -0.3882 1.3681, 3.6772 -0.3882 1.3681, 3.4803 -0.526 1.3701, 3.4803 -0.4099 1.3701, 3.4094 -0.526 1.3701, 3.4094 -0.4099 1.3701, 3.4803 -0.526 1.3307, 3.4094 -0.526 1.3307, 3.4803 -0.4099 1.3307, 3.4094 -0.4099 1.3307, 3.4803 -0.3954 1.3294, 3.4094 -0.3954 1.3294, 3.4803 -0.3814 1.3254, 3.4094 -0.3814 1.3254, 3.4803 -0.3684 1.3188, 3.4094 -0.3684 1.3188, 3.4803 -0.2868 1.2682, 3.4094 -0.2868 1.2682, 3.4094 -0.2707 1.2606, 3.4803 -0.2707 1.2606, 3.4094 -0.2534 1.2567, 3.4803 -0.2534 1.2567, 3.4094 -0.2356 1.2569, 3.4803 -0.2356 1.2569, 3.4094 -0.2183 1.2611, 3.4803 -0.2183 1.2611, 3.4094 -0.2024 1.269, 3.4803 -0.2024 1.269, 3.4803 -0.1267 1.318, 3.4094 -0.1267 1.318, 3.4803 -0.1134 1.325, 3.4094 -0.1134 1.325, 3.4803 -0.0989 1.3293, 3.4094 -0.0989 1.3293, 3.4803 -0.0839 1.3307, 3.4094 -0.0839 1.3307, 3.4803 1.1516 1.3307, 3.4094 1.1516 1.3307, 3.4803 1.1691 1.3287, 3.4094 1.1691 1.3287, 3.4803 1.1857 1.3229, 3.4094 1.1857 1.3229, 3.4803 1.2007 1.3135, 3.4094 1.2007 1.3135, 3.4803 1.2131 1.3011, 3.4094 1.2131 1.3011, 3.4803 1.2225 1.2861, 3.4094 1.2225 1.2861, 3.4803 1.2283 1.2695, 3.4094 1.2283 1.2695, 3.4803 1.2303 1.252, 3.4094 1.2303 1.252, 3.4803 1.2303 0.1102, 3.4094 1.2303 0.1102, 3.4094 1.2323 0.0927, 3.4803 1.2323 0.0927, 3.4094 1.2381 0.0761, 3.4803 1.2381 0.0761, 3.4094 1.2475 0.0611, 3.4803 1.2475 0.0611, 3.4094 1.26 0.0487, 3.4803 1.26 0.0487, 3.4094 1.2749 0.0393, 3.4803 1.2749 0.0393, 3.4094 1.2915 0.0335, 3.4803 1.2915 0.0335, 3.4094 1.3091 0.0315, 3.4803 1.3091 0.0315, 3.4803 1.624 0.0315, 3.4094 1.624 0.0315, 3.4803 1.624 0.0709, 3.4094 1.624 0.0709, 3.4803 1.3091 0.0709, 3.4094 1.3091 0.0709, 3.4803 1.3003 0.0719, 3.4094 1.3003 0.0719, 3.4803 1.292 0.0748, 3.4094 1.292 0.0748, 3.4803 1.2845 0.0795, 3.4094 1.2845 0.0795, 3.4803 1.2783 0.0857, 3.4094 1.2783 0.0857, 3.4803 1.2736 0.0932, 3.4094 1.2736 0.0932, 3.4803 1.2707 0.1015, 3.4094 1.2707 0.1015, 3.4803 1.2697 0.1102, 3.4094 1.2697 0.1102, 3.4803 1.2697 1.252, 3.4094 1.2697 1.252, 3.4094 1.2667 1.2783, 3.4803 1.2667 1.2783, 3.4094 1.258 1.3032, 3.4803 1.258 1.3032, 3.4094 1.2439 1.3256, 3.4803 1.2439 1.3256, 3.4094 1.2252 1.3443, 3.4803 1.2252 1.3443, 3.4094 1.2028 1.3584, 3.4803 1.2028 1.3584, 3.4094 1.1779 1.3671, 3.4803 1.1779 1.3671, 3.4094 1.1516 1.3701, 3.4803 1.1516 1.3701, 3.4803 -0.0839 1.3701, 3.4094 -0.0839 1.3701, 3.4094 -0.1064 1.3679, 3.4803 -0.1064 1.3679, 3.4094 -0.1281 1.3615, 3.4803 -0.1281 1.3615, 3.4094 -0.1482 1.3511, 3.4803 -0.1482 1.3511, 3.4803 -0.2238 1.302, 3.4094 -0.2238 1.302, 3.4803 -0.2318 1.2981, 3.4094 -0.2318 1.2981, 3.4803 -0.2404 1.296, 3.4094 -0.2404 1.296, 3.4803 -0.2493 1.2959, 3.4094 -0.2493 1.2959, 3.4803 -0.258 1.2978, 3.4094 -0.258 1.2978, 3.4803 -0.266 1.3016, 3.4094 -0.266 1.3016, 3.4803 -0.3476 1.3523, 3.4094 -0.3476 1.3523, 3.4094 -0.3671 1.3621, 3.4803 -0.3671 1.3621, 3.4094 -0.3882 1.3681, 3.4803 -0.3882 1.3681, 3.2835 -0.526 1.3701, 3.2835 -0.4099 1.3701, 3.2126 -0.526 1.3701, 3.2126 -0.4099 1.3701, 3.2835 -0.526 1.3307, 3.2126 -0.526 1.3307, 3.2835 -0.4099 1.3307, 3.2126 -0.4099 1.3307, 3.2835 -0.3954 1.3294, 3.2126 -0.3954 1.3294, 3.2835 -0.3814 1.3254, 3.2126 -0.3814 1.3254, 3.2835 -0.3684 1.3188, 3.2126 -0.3684 1.3188, 3.2835 -0.2868 1.2682, 3.2126 -0.2868 1.2682, 3.2126 -0.2707 1.2606, 3.2835 -0.2707 1.2606, 3.2126 -0.2534 1.2567, 3.2835 -0.2534 1.2567, 3.2126 -0.2356 1.2569, 3.2835 -0.2356 1.2569, 3.2126 -0.2183 1.2611, 3.2835 -0.2183 1.2611, 3.2126 -0.2024 1.269, 3.2835 -0.2024 1.269, 3.2835 -0.1267 1.318, 3.2126 -0.1267 1.318, 3.2835 -0.1134 1.325, 3.2126 -0.1134 1.325, 3.2835 -0.0989 1.3293, 3.2126 -0.0989 1.3293, 3.2835 -0.0839 1.3307, 3.2126 -0.0839 1.3307, 3.2835 1.1516 1.3307, 3.2126 1.1516 1.3307, 3.2835 1.1691 1.3287, 3.2126 1.1691 1.3287, 3.2835 1.1857 1.3229, 3.2126 1.1857 1.3229, 3.2835 1.2007 1.3135, 3.2126 1.2007 1.3135, 3.2835 1.2131 1.3011, 3.2126 1.2131 1.3011, 3.2835 1.2225 1.2861, 3.2126 1.2225 1.2861, 3.2835 1.2283 1.2695, 3.2126 1.2283 1.2695, 3.2835 1.2303 1.252, 3.2126 1.2303 1.252, 3.2835 1.2303 0.1102, 3.2126 1.2303 0.1102, 3.2126 1.2323 0.0927, 3.2835 1.2323 0.0927, 3.2126 1.2381 0.0761, 3.2835 1.2381 0.0761, 3.2126 1.2475 0.0611, 3.2835 1.2475 0.0611, 3.2126 1.26 0.0487, 3.2835 1.26 0.0487, 3.2126 1.2749 0.0393, 3.2835 1.2749 0.0393, 3.2126 1.2915 0.0335, 3.2835 1.2915 0.0335, 3.2126 1.3091 0.0315, 3.2835 1.3091 0.0315, 3.2835 1.624 0.0315, 3.2126 1.624 0.0315, 3.2835 1.624 0.0709, 3.2126 1.624 0.0709, 3.2835 1.3091 0.0709, 3.2126 1.3091 0.0709, 3.2835 1.3003 0.0719, 3.2126 1.3003 0.0719, 3.2835 1.292 0.0748, 3.2126 1.292 0.0748, 3.2835 1.2845 0.0795, 3.2126 1.2845 0.0795, 3.2835 1.2783 0.0857, 3.2126 1.2783 0.0857, 3.2835 1.2736 0.0932, 3.2126 1.2736 0.0932, 3.2835 1.2707 0.1015, 3.2126 1.2707 0.1015, 3.2835 1.2697 0.1102, 3.2126 1.2697 0.1102, 3.2835 1.2697 1.252, 3.2126 1.2697 1.252, 3.2126 1.2667 1.2783, 3.2835 1.2667 1.2783, 3.2126 1.258 1.3032, 3.2835 1.258 1.3032, 3.2126 1.2439 1.3256, 3.2835 1.2439 1.3256, 3.2126 1.2252 1.3443, 3.2835 1.2252 1.3443, 3.2126 1.2028 1.3584, 3.2835 1.2028 1.3584, 3.2126 1.1779 1.3671, 3.2835 1.1779 1.3671, 3.2126 1.1516 1.3701, 3.2835 1.1516 1.3701, 3.2835 -0.0839 1.3701, 3.2126 -0.0839 1.3701, 3.2126 -0.1064 1.3679, 3.2835 -0.1064 1.3679, 3.2126 -0.1281 1.3615, 3.2835 -0.1281 1.3615, 3.2126 -0.1482 1.3511, 3.2835 -0.1482 1.3511, 3.2835 -0.2238 1.302, 3.2126 -0.2238 1.302, 3.2835 -0.2318 1.2981, 3.2126 -0.2318 1.2981, 3.2835 -0.2404 1.296, 3.2126 -0.2404 1.296, 3.2835 -0.2493 1.2959, 3.2126 -0.2493 1.2959, 3.2835 -0.258 1.2978, 3.2126 -0.258 1.2978, 3.2835 -0.266 1.3016, 3.2126 -0.266 1.3016, 3.2835 -0.3476 1.3523, 3.2126 -0.3476 1.3523, 3.2126 -0.3671 1.3621, 3.2835 -0.3671 1.3621, 3.2126 -0.3882 1.3681, 3.2835 -0.3882 1.3681, 3.0866 -0.526 1.3701, 3.0866 -0.4099 1.3701, 3.0157 -0.526 1.3701, 3.0157 -0.4099 1.3701, 3.0866 -0.526 1.3307, 3.0157 -0.526 1.3307, 3.0866 -0.4099 1.3307, 3.0157 -0.4099 1.3307, 3.0866 -0.3954 1.3294, 3.0157 -0.3954 1.3294, 3.0866 -0.3814 1.3254, 3.0157 -0.3814 1.3254, 3.0866 -0.3684 1.3188, 3.0157 -0.3684 1.3188, 3.0866 -0.2868 1.2682, 3.0157 -0.2868 1.2682, 3.0157 -0.2707 1.2606, 3.0866 -0.2707 1.2606, 3.0157 -0.2534 1.2567, 3.0866 -0.2534 1.2567, 3.0157 -0.2356 1.2569, 3.0866 -0.2356 1.2569, 3.0157 -0.2183 1.2611, 3.0866 -0.2183 1.2611, 3.0157 -0.2024 1.269, 3.0866 -0.2024 1.269, 3.0866 -0.1267 1.318, 3.0157 -0.1267 1.318, 3.0866 -0.1134 1.325, 3.0157 -0.1134 1.325, 3.0866 -0.0989 1.3293, 3.0157 -0.0989 1.3293, 3.0866 -0.0839 1.3307, 3.0157 -0.0839 1.3307, 3.0866 1.1516 1.3307, 3.0157 1.1516 1.3307, 3.0866 1.1691 1.3287, 3.0157 1.1691 1.3287, 3.0866 1.1857 1.3229, 3.0157 1.1857 1.3229, 3.0866 1.2007 1.3135, 3.0157 1.2007 1.3135, 3.0866 1.2131 1.3011, 3.0157 1.2131 1.3011, 3.0866 1.2225 1.2861, 3.0157 1.2225 1.2861, 3.0866 1.2283 1.2695, 3.0157 1.2283 1.2695, 3.0866 1.2303 1.252, 3.0157 1.2303 1.252, 3.0866 1.2303 0.1102, 3.0157 1.2303 0.1102, 3.0157 1.2323 0.0927, 3.0866 1.2323 0.0927, 3.0157 1.2381 0.0761, 3.0866 1.2381 0.0761, 3.0157 1.2475 0.0611, 3.0866 1.2475 0.0611, 3.0157 1.26 0.0487, 3.0866 1.26 0.0487, 3.0157 1.2749 0.0393, 3.0866 1.2749 0.0393, 3.0157 1.2915 0.0335, 3.0866 1.2915 0.0335, 3.0157 1.3091 0.0315, 3.0866 1.3091 0.0315, 3.0866 1.624 0.0315, 3.0157 1.624 0.0315, 3.0866 1.624 0.0709, 3.0157 1.624 0.0709, 3.0866 1.3091 0.0709, 3.0157 1.3091 0.0709, 3.0866 1.3003 0.0719, 3.0157 1.3003 0.0719, 3.0866 1.292 0.0748, 3.0157 1.292 0.0748, 3.0866 1.2845 0.0795, 3.0157 1.2845 0.0795, 3.0866 1.2783 0.0857, 3.0157 1.2783 0.0857, 3.0866 1.2736 0.0932, 3.0157 1.2736 0.0932, 3.0866 1.2707 0.1015, 3.0157 1.2707 0.1015, 3.0866 1.2697 0.1102, 3.0157 1.2697 0.1102, 3.0866 1.2697 1.252, 3.0157 1.2697 1.252, 3.0157 1.2667 1.2783, 3.0866 1.2667 1.2783, 3.0157 1.258 1.3032, 3.0866 1.258 1.3032, 3.0157 1.2439 1.3256, 3.0866 1.2439 1.3256, 3.0157 1.2252 1.3443, 3.0866 1.2252 1.3443, 3.0157 1.2028 1.3584, 3.0866 1.2028 1.3584, 3.0157 1.1779 1.3671, 3.0866 1.1779 1.3671, 3.0157 1.1516 1.3701, 3.0866 1.1516 1.3701, 3.0866 -0.0839 1.3701, 3.0157 -0.0839 1.3701, 3.0157 -0.1064 1.3679, 3.0866 -0.1064 1.3679, 3.0157 -0.1281 1.3615, 3.0866 -0.1281 1.3615, 3.0157 -0.1482 1.3511, 3.0866 -0.1482 1.3511, 3.0866 -0.2238 1.302, 3.0157 -0.2238 1.302, 3.0866 -0.2318 1.2981, 3.0157 -0.2318 1.2981, 3.0866 -0.2404 1.296, 3.0157 -0.2404 1.296, 3.0866 -0.2493 1.2959, 3.0157 -0.2493 1.2959, 3.0866 -0.258 1.2978, 3.0157 -0.258 1.2978, 3.0866 -0.266 1.3016, 3.0157 -0.266 1.3016, 3.0866 -0.3476 1.3523, 3.0157 -0.3476 1.3523, 3.0157 -0.3671 1.3621, 3.0866 -0.3671 1.3621, 3.0157 -0.3882 1.3681, 3.0866 -0.3882 1.3681, 2.8898 -0.526 1.3701, 2.8898 -0.4099 1.3701, 2.8189 -0.526 1.3701, 2.8189 -0.4099 1.3701, 2.8898 -0.526 1.3307, 2.8189 -0.526 1.3307, 2.8898 -0.4099 1.3307, 2.8189 -0.4099 1.3307, 2.8898 -0.3954 1.3294, 2.8189 -0.3954 1.3294, 2.8898 -0.3814 1.3254, 2.8189 -0.3814 1.3254, 2.8898 -0.3684 1.3188, 2.8189 -0.3684 1.3188, 2.8898 -0.2868 1.2682, 2.8189 -0.2868 1.2682, 2.8189 -0.2707 1.2606, 2.8898 -0.2707 1.2606, 2.8189 -0.2534 1.2567, 2.8898 -0.2534 1.2567, 2.8189 -0.2356 1.2569, 2.8898 -0.2356 1.2569, 2.8189 -0.2183 1.2611, 2.8898 -0.2183 1.2611, 2.8189 -0.2024 1.269, 2.8898 -0.2024 1.269, 2.8898 -0.1267 1.318, 2.8189 -0.1267 1.318, 2.8898 -0.1134 1.325, 2.8189 -0.1134 1.325, 2.8898 -0.0989 1.3293, 2.8189 -0.0989 1.3293, 2.8898 -0.0839 1.3307, 2.8189 -0.0839 1.3307, 2.8898 1.1516 1.3307, 2.8189 1.1516 1.3307, 2.8898 1.1691 1.3287, 2.8189 1.1691 1.3287, 2.8898 1.1857 1.3229, 2.8189 1.1857 1.3229, 2.8898 1.2007 1.3135, 2.8189 1.2007 1.3135, 2.8898 1.2131 1.3011, 2.8189 1.2131 1.3011, 2.8898 1.2225 1.2861, 2.8189 1.2225 1.2861, 2.8898 1.2283 1.2695, 2.8189 1.2283 1.2695, 2.8898 1.2303 1.252, 2.8189 1.2303 1.252, 2.8898 1.2303 0.1102, 2.8189 1.2303 0.1102, 2.8189 1.2323 0.0927, 2.8898 1.2323 0.0927, 2.8189 1.2381 0.0761, 2.8898 1.2381 0.0761, 2.8189 1.2475 0.0611, 2.8898 1.2475 0.0611, 2.8189 1.26 0.0487, 2.8898 1.26 0.0487, 2.8189 1.2749 0.0393, 2.8898 1.2749 0.0393, 2.8189 1.2915 0.0335, 2.8898 1.2915 0.0335, 2.8189 1.3091 0.0315, 2.8898 1.3091 0.0315, 2.8898 1.624 0.0315, 2.8189 1.624 0.0315, 2.8898 1.624 0.0709, 2.8189 1.624 0.0709, 2.8898 1.3091 0.0709, 2.8189 1.3091 0.0709, 2.8898 1.3003 0.0719, 2.8189 1.3003 0.0719, 2.8898 1.292 0.0748, 2.8189 1.292 0.0748, 2.8898 1.2845 0.0795, 2.8189 1.2845 0.0795, 2.8898 1.2783 0.0857, 2.8189 1.2783 0.0857, 2.8898 1.2736 0.0932, 2.8189 1.2736 0.0932, 2.8898 1.2707 0.1015, 2.8189 1.2707 0.1015, 2.8898 1.2697 0.1102, 2.8189 1.2697 0.1102, 2.8898 1.2697 1.252, 2.8189 1.2697 1.252, 2.8189 1.2667 1.2783, 2.8898 1.2667 1.2783, 2.8189 1.258 1.3032, 2.8898 1.258 1.3032, 2.8189 1.2439 1.3256, 2.8898 1.2439 1.3256, 2.8189 1.2252 1.3443, 2.8898 1.2252 1.3443, 2.8189 1.2028 1.3584, 2.8898 1.2028 1.3584, 2.8189 1.1779 1.3671, 2.8898 1.1779 1.3671, 2.8189 1.1516 1.3701, 2.8898 1.1516 1.3701, 2.8898 -0.0839 1.3701, 2.8189 -0.0839 1.3701, 2.8189 -0.1064 1.3679, 2.8898 -0.1064 1.3679, 2.8189 -0.1281 1.3615, 2.8898 -0.1281 1.3615, 2.8189 -0.1482 1.3511, 2.8898 -0.1482 1.3511, 2.8898 -0.2238 1.302, 2.8189 -0.2238 1.302, 2.8898 -0.2318 1.2981, 2.8189 -0.2318 1.2981, 2.8898 -0.2404 1.296, 2.8189 -0.2404 1.296, 2.8898 -0.2493 1.2959, 2.8189 -0.2493 1.2959, 2.8898 -0.258 1.2978, 2.8189 -0.258 1.2978, 2.8898 -0.266 1.3016, 2.8189 -0.266 1.3016, 2.8898 -0.3476 1.3523, 2.8189 -0.3476 1.3523, 2.8189 -0.3671 1.3621, 2.8898 -0.3671 1.3621, 2.8189 -0.3882 1.3681, 2.8898 -0.3882 1.3681, 1.9055 -0.526 1.3701, 1.9055 -0.4099 1.3701, 1.8346 -0.526 1.3701, 1.8346 -0.4099 1.3701, 1.9055 -0.526 1.3307, 1.8346 -0.526 1.3307, 1.9055 -0.4099 1.3307, 1.8346 -0.4099 1.3307, 1.9055 -0.3954 1.3294, 1.8346 -0.3954 1.3294, 1.9055 -0.3814 1.3254, 1.8346 -0.3814 1.3254, 1.9055 -0.3684 1.3188, 1.8346 -0.3684 1.3188, 1.9055 -0.2868 1.2682, 1.8346 -0.2868 1.2682, 1.8346 -0.2707 1.2606, 1.9055 -0.2707 1.2606, 1.8346 -0.2534 1.2567, 1.9055 -0.2534 1.2567, 1.8346 -0.2356 1.2569, 1.9055 -0.2356 1.2569, 1.8346 -0.2183 1.2611, 1.9055 -0.2183 1.2611, 1.8346 -0.2024 1.269, 1.9055 -0.2024 1.269, 1.9055 -0.1267 1.318, 1.8346 -0.1267 1.318, 1.9055 -0.1134 1.325, 1.8346 -0.1134 1.325, 1.9055 -0.0989 1.3293, 1.8346 -0.0989 1.3293, 1.9055 -0.0839 1.3307, 1.8346 -0.0839 1.3307, 1.9055 1.1516 1.3307, 1.8346 1.1516 1.3307, 1.9055 1.1691 1.3287, 1.8346 1.1691 1.3287, 1.9055 1.1857 1.3229, 1.8346 1.1857 1.3229, 1.9055 1.2007 1.3135, 1.8346 1.2007 1.3135, 1.9055 1.2131 1.3011, 1.8346 1.2131 1.3011, 1.9055 1.2225 1.2861, 1.8346 1.2225 1.2861, 1.9055 1.2283 1.2695, 1.8346 1.2283 1.2695, 1.9055 1.2303 1.252, 1.8346 1.2303 1.252, 1.9055 1.2303 0.1102, 1.8346 1.2303 0.1102, 1.8346 1.2323 0.0927, 1.9055 1.2323 0.0927, 1.8346 1.2381 0.0761, 1.9055 1.2381 0.0761, 1.8346 1.2475 0.0611, 1.9055 1.2475 0.0611, 1.8346 1.26 0.0487, 1.9055 1.26 0.0487, 1.8346 1.2749 0.0393, 1.9055 1.2749 0.0393, 1.8346 1.2915 0.0335, 1.9055 1.2915 0.0335, 1.8346 1.3091 0.0315, 1.9055 1.3091 0.0315, 1.9055 1.624 0.0315, 1.8346 1.624 0.0315, 1.9055 1.624 0.0709, 1.8346 1.624 0.0709, 1.9055 1.3091 0.0709, 1.8346 1.3091 0.0709, 1.9055 1.3003 0.0719, 1.8346 1.3003 0.0719, 1.9055 1.292 0.0748, 1.8346 1.292 0.0748, 1.9055 1.2845 0.0795, 1.8346 1.2845 0.0795, 1.9055 1.2783 0.0857, 1.8346 1.2783 0.0857, 1.9055 1.2736 0.0932, 1.8346 1.2736 0.0932, 1.9055 1.2707 0.1015, 1.8346 1.2707 0.1015, 1.9055 1.2697 0.1102, 1.8346 1.2697 0.1102, 1.9055 1.2697 1.252, 1.8346 1.2697 1.252, 1.8346 1.2667 1.2783, 1.9055 1.2667 1.2783, 1.8346 1.258 1.3032, 1.9055 1.258 1.3032, 1.8346 1.2439 1.3256, 1.9055 1.2439 1.3256, 1.8346 1.2252 1.3443, 1.9055 1.2252 1.3443, 1.8346 1.2028 1.3584, 1.9055 1.2028 1.3584, 1.8346 1.1779 1.3671, 1.9055 1.1779 1.3671, 1.8346 1.1516 1.3701, 1.9055 1.1516 1.3701, 1.9055 -0.0839 1.3701, 1.8346 -0.0839 1.3701, 1.8346 -0.1064 1.3679, 1.9055 -0.1064 1.3679, 1.8346 -0.1281 1.3615, 1.9055 -0.1281 1.3615, 1.8346 -0.1482 1.3511, 1.9055 -0.1482 1.3511, 1.9055 -0.2238 1.302, 1.8346 -0.2238 1.302, 1.9055 -0.2318 1.2981, 1.8346 -0.2318 1.2981, 1.9055 -0.2404 1.296, 1.8346 -0.2404 1.296, 1.9055 -0.2493 1.2959, 1.8346 -0.2493 1.2959, 1.9055 -0.258 1.2978, 1.8346 -0.258 1.2978, 1.9055 -0.266 1.3016, 1.8346 -0.266 1.3016, 1.9055 -0.3476 1.3523, 1.8346 -0.3476 1.3523, 1.8346 -0.3671 1.3621, 1.9055 -0.3671 1.3621, 1.8346 -0.3882 1.3681, 1.9055 -0.3882 1.3681, 1.7087 -0.526 1.3701, 1.7087 -0.4099 1.3701, 1.6378 -0.526 1.3701, 1.6378 -0.4099 1.3701, 1.7087 -0.526 1.3307, 1.6378 -0.526 1.3307, 1.7087 -0.4099 1.3307, 1.6378 -0.4099 1.3307, 1.7087 -0.3954 1.3294, 1.6378 -0.3954 1.3294, 1.7087 -0.3814 1.3254, 1.6378 -0.3814 1.3254, 1.7087 -0.3684 1.3188, 1.6378 -0.3684 1.3188, 1.7087 -0.2868 1.2682, 1.6378 -0.2868 1.2682, 1.6378 -0.2707 1.2606, 1.7087 -0.2707 1.2606, 1.6378 -0.2534 1.2567, 1.7087 -0.2534 1.2567, 1.6378 -0.2356 1.2569, 1.7087 -0.2356 1.2569, 1.6378 -0.2183 1.2611, 1.7087 -0.2183 1.2611, 1.6378 -0.2024 1.269, 1.7087 -0.2024 1.269, 1.7087 -0.1267 1.318, 1.6378 -0.1267 1.318, 1.7087 -0.1134 1.325, 1.6378 -0.1134 1.325, 1.7087 -0.0989 1.3293, 1.6378 -0.0989 1.3293, 1.7087 -0.0839 1.3307, 1.6378 -0.0839 1.3307, 1.7087 1.1516 1.3307, 1.6378 1.1516 1.3307, 1.7087 1.1691 1.3287, 1.6378 1.1691 1.3287, 1.7087 1.1857 1.3229, 1.6378 1.1857 1.3229, 1.7087 1.2007 1.3135, 1.6378 1.2007 1.3135, 1.7087 1.2131 1.3011, 1.6378 1.2131 1.3011, 1.7087 1.2225 1.2861, 1.6378 1.2225 1.2861, 1.7087 1.2283 1.2695, 1.6378 1.2283 1.2695, 1.7087 1.2303 1.252, 1.6378 1.2303 1.252, 1.7087 1.2303 0.1102, 1.6378 1.2303 0.1102, 1.6378 1.2323 0.0927, 1.7087 1.2323 0.0927, 1.6378 1.2381 0.0761, 1.7087 1.2381 0.0761, 1.6378 1.2475 0.0611, 1.7087 1.2475 0.0611, 1.6378 1.26 0.0487, 1.7087 1.26 0.0487, 1.6378 1.2749 0.0393, 1.7087 1.2749 0.0393, 1.6378 1.2915 0.0335, 1.7087 1.2915 0.0335, 1.6378 1.3091 0.0315, 1.7087 1.3091 0.0315, 1.7087 1.624 0.0315, 1.6378 1.624 0.0315, 1.7087 1.624 0.0709, 1.6378 1.624 0.0709, 1.7087 1.3091 0.0709, 1.6378 1.3091 0.0709, 1.7087 1.3003 0.0719, 1.6378 1.3003 0.0719, 1.7087 1.292 0.0748, 1.6378 1.292 0.0748, 1.7087 1.2845 0.0795, 1.6378 1.2845 0.0795, 1.7087 1.2783 0.0857, 1.6378 1.2783 0.0857, 1.7087 1.2736 0.0932, 1.6378 1.2736 0.0932, 1.7087 1.2707 0.1015, 1.6378 1.2707 0.1015, 1.7087 1.2697 0.1102, 1.6378 1.2697 0.1102, 1.7087 1.2697 1.252, 1.6378 1.2697 1.252, 1.6378 1.2667 1.2783, 1.7087 1.2667 1.2783, 1.6378 1.258 1.3032, 1.7087 1.258 1.3032, 1.6378 1.2439 1.3256, 1.7087 1.2439 1.3256, 1.6378 1.2252 1.3443, 1.7087 1.2252 1.3443, 1.6378 1.2028 1.3584, 1.7087 1.2028 1.3584, 1.6378 1.1779 1.3671, 1.7087 1.1779 1.3671, 1.6378 1.1516 1.3701, 1.7087 1.1516 1.3701, 1.7087 -0.0839 1.3701, 1.6378 -0.0839 1.3701, 1.6378 -0.1064 1.3679, 1.7087 -0.1064 1.3679, 1.6378 -0.1281 1.3615, 1.7087 -0.1281 1.3615, 1.6378 -0.1482 1.3511, 1.7087 -0.1482 1.3511, 1.7087 -0.2238 1.302, 1.6378 -0.2238 1.302, 1.7087 -0.2318 1.2981, 1.6378 -0.2318 1.2981, 1.7087 -0.2404 1.296, 1.6378 -0.2404 1.296, 1.7087 -0.2493 1.2959, 1.6378 -0.2493 1.2959, 1.7087 -0.258 1.2978, 1.6378 -0.258 1.2978, 1.7087 -0.266 1.3016, 1.6378 -0.266 1.3016, 1.7087 -0.3476 1.3523, 1.6378 -0.3476 1.3523, 1.6378 -0.3671 1.3621, 1.7087 -0.3671 1.3621, 1.6378 -0.3882 1.3681, 1.7087 -0.3882 1.3681, 1.5118 -0.526 1.3701, 1.5118 -0.4099 1.3701, 1.4409 -0.526 1.3701, 1.4409 -0.4099 1.3701, 1.5118 -0.526 1.3307, 1.4409 -0.526 1.3307, 1.5118 -0.4099 1.3307, 1.4409 -0.4099 1.3307, 1.5118 -0.3954 1.3294, 1.4409 -0.3954 1.3294, 1.5118 -0.3814 1.3254, 1.4409 -0.3814 1.3254, 1.5118 -0.3684 1.3188, 1.4409 -0.3684 1.3188, 1.5118 -0.2868 1.2682, 1.4409 -0.2868 1.2682, 1.4409 -0.2707 1.2606, 1.5118 -0.2707 1.2606, 1.4409 -0.2534 1.2567, 1.5118 -0.2534 1.2567, 1.4409 -0.2356 1.2569, 1.5118 -0.2356 1.2569, 1.4409 -0.2183 1.2611, 1.5118 -0.2183 1.2611, 1.4409 -0.2024 1.269, 1.5118 -0.2024 1.269, 1.5118 -0.1267 1.318, 1.4409 -0.1267 1.318, 1.5118 -0.1134 1.325, 1.4409 -0.1134 1.325, 1.5118 -0.0989 1.3293, 1.4409 -0.0989 1.3293, 1.5118 -0.0839 1.3307, 1.4409 -0.0839 1.3307, 1.5118 1.1516 1.3307, 1.4409 1.1516 1.3307, 1.5118 1.1691 1.3287, 1.4409 1.1691 1.3287, 1.5118 1.1857 1.3229, 1.4409 1.1857 1.3229, 1.5118 1.2007 1.3135, 1.4409 1.2007 1.3135, 1.5118 1.2131 1.3011, 1.4409 1.2131 1.3011, 1.5118 1.2225 1.2861, 1.4409 1.2225 1.2861, 1.5118 1.2283 1.2695, 1.4409 1.2283 1.2695, 1.5118 1.2303 1.252, 1.4409 1.2303 1.252, 1.5118 1.2303 0.1102, 1.4409 1.2303 0.1102, 1.4409 1.2323 0.0927, 1.5118 1.2323 0.0927, 1.4409 1.2381 0.0761, 1.5118 1.2381 0.0761, 1.4409 1.2475 0.0611, 1.5118 1.2475 0.0611, 1.4409 1.26 0.0487, 1.5118 1.26 0.0487, 1.4409 1.2749 0.0393, 1.5118 1.2749 0.0393, 1.4409 1.2915 0.0335, 1.5118 1.2915 0.0335, 1.4409 1.3091 0.0315, 1.5118 1.3091 0.0315, 1.5118 1.624 0.0315, 1.4409 1.624 0.0315, 1.5118 1.624 0.0709, 1.4409 1.624 0.0709, 1.5118 1.3091 0.0709, 1.4409 1.3091 0.0709, 1.5118 1.3003 0.0719, 1.4409 1.3003 0.0719, 1.5118 1.292 0.0748, 1.4409 1.292 0.0748, 1.5118 1.2845 0.0795, 1.4409 1.2845 0.0795, 1.5118 1.2783 0.0857, 1.4409 1.2783 0.0857, 1.5118 1.2736 0.0932, 1.4409 1.2736 0.0932, 1.5118 1.2707 0.1015, 1.4409 1.2707 0.1015, 1.5118 1.2697 0.1102, 1.4409 1.2697 0.1102, 1.5118 1.2697 1.252, 1.4409 1.2697 1.252, 1.4409 1.2667 1.2783, 1.5118 1.2667 1.2783, 1.4409 1.258 1.3032, 1.5118 1.258 1.3032, 1.4409 1.2439 1.3256, 1.5118 1.2439 1.3256, 1.4409 1.2252 1.3443, 1.5118 1.2252 1.3443, 1.4409 1.2028 1.3584, 1.5118 1.2028 1.3584, 1.4409 1.1779 1.3671, 1.5118 1.1779 1.3671, 1.4409 1.1516 1.3701, 1.5118 1.1516 1.3701, 1.5118 -0.0839 1.3701, 1.4409 -0.0839 1.3701, 1.4409 -0.1064 1.3679, 1.5118 -0.1064 1.3679, 1.4409 -0.1281 1.3615, 1.5118 -0.1281 1.3615, 1.4409 -0.1482 1.3511, 1.5118 -0.1482 1.3511, 1.5118 -0.2238 1.302, 1.4409 -0.2238 1.302, 1.5118 -0.2318 1.2981, 1.4409 -0.2318 1.2981, 1.5118 -0.2404 1.296, 1.4409 -0.2404 1.296, 1.5118 -0.2493 1.2959, 1.4409 -0.2493 1.2959, 1.5118 -0.258 1.2978, 1.4409 -0.258 1.2978, 1.5118 -0.266 1.3016, 1.4409 -0.266 1.3016, 1.5118 -0.3476 1.3523, 1.4409 -0.3476 1.3523, 1.4409 -0.3671 1.3621, 1.5118 -0.3671 1.3621, 1.4409 -0.3882 1.3681, 1.5118 -0.3882 1.3681, 1.315 -0.526 1.3701, 1.315 -0.4099 1.3701, 1.2441 -0.526 1.3701, 1.2441 -0.4099 1.3701, 1.315 -0.526 1.3307, 1.2441 -0.526 1.3307, 1.315 -0.4099 1.3307, 1.2441 -0.4099 1.3307, 1.315 -0.3954 1.3294, 1.2441 -0.3954 1.3294, 1.315 -0.3814 1.3254, 1.2441 -0.3814 1.3254, 1.315 -0.3684 1.3188, 1.2441 -0.3684 1.3188, 1.315 -0.2868 1.2682, 1.2441 -0.2868 1.2682, 1.2441 -0.2707 1.2606, 1.315 -0.2707 1.2606, 1.2441 -0.2534 1.2567, 1.315 -0.2534 1.2567, 1.2441 -0.2356 1.2569, 1.315 -0.2356 1.2569, 1.2441 -0.2183 1.2611, 1.315 -0.2183 1.2611, 1.2441 -0.2024 1.269, 1.315 -0.2024 1.269, 1.315 -0.1267 1.318, 1.2441 -0.1267 1.318, 1.315 -0.1134 1.325, 1.2441 -0.1134 1.325, 1.315 -0.0989 1.3293, 1.2441 -0.0989 1.3293, 1.315 -0.0839 1.3307, 1.2441 -0.0839 1.3307, 1.315 1.1516 1.3307, 1.2441 1.1516 1.3307, 1.315 1.1691 1.3287, 1.2441 1.1691 1.3287, 1.315 1.1857 1.3229, 1.2441 1.1857 1.3229, 1.315 1.2007 1.3135, 1.2441 1.2007 1.3135, 1.315 1.2131 1.3011, 1.2441 1.2131 1.3011, 1.315 1.2225 1.2861, 1.2441 1.2225 1.2861, 1.315 1.2283 1.2695, 1.2441 1.2283 1.2695, 1.315 1.2303 1.252, 1.2441 1.2303 1.252, 1.315 1.2303 0.1102, 1.2441 1.2303 0.1102, 1.2441 1.2323 0.0927, 1.315 1.2323 0.0927, 1.2441 1.2381 0.0761, 1.315 1.2381 0.0761, 1.2441 1.2475 0.0611, 1.315 1.2475 0.0611, 1.2441 1.26 0.0487, 1.315 1.26 0.0487, 1.2441 1.2749 0.0393, 1.315 1.2749 0.0393, 1.2441 1.2915 0.0335, 1.315 1.2915 0.0335, 1.2441 1.3091 0.0315, 1.315 1.3091 0.0315, 1.315 1.624 0.0315, 1.2441 1.624 0.0315, 1.315 1.624 0.0709, 1.2441 1.624 0.0709, 1.315 1.3091 0.0709, 1.2441 1.3091 0.0709, 1.315 1.3003 0.0719, 1.2441 1.3003 0.0719, 1.315 1.292 0.0748, 1.2441 1.292 0.0748, 1.315 1.2845 0.0795, 1.2441 1.2845 0.0795, 1.315 1.2783 0.0857, 1.2441 1.2783 0.0857, 1.315 1.2736 0.0932, 1.2441 1.2736 0.0932, 1.315 1.2707 0.1015, 1.2441 1.2707 0.1015, 1.315 1.2697 0.1102, 1.2441 1.2697 0.1102, 1.315 1.2697 1.252, 1.2441 1.2697 1.252, 1.2441 1.2667 1.2783, 1.315 1.2667 1.2783, 1.2441 1.258 1.3032, 1.315 1.258 1.3032, 1.2441 1.2439 1.3256, 1.315 1.2439 1.3256, 1.2441 1.2252 1.3443, 1.315 1.2252 1.3443, 1.2441 1.2028 1.3584, 1.315 1.2028 1.3584, 1.2441 1.1779 1.3671, 1.315 1.1779 1.3671, 1.2441 1.1516 1.3701, 1.315 1.1516 1.3701, 1.315 -0.0839 1.3701, 1.2441 -0.0839 1.3701, 1.2441 -0.1064 1.3679, 1.315 -0.1064 1.3679, 1.2441 -0.1281 1.3615, 1.315 -0.1281 1.3615, 1.2441 -0.1482 1.3511, 1.315 -0.1482 1.3511, 1.315 -0.2238 1.302, 1.2441 -0.2238 1.302, 1.315 -0.2318 1.2981, 1.2441 -0.2318 1.2981, 1.315 -0.2404 1.296, 1.2441 -0.2404 1.296, 1.315 -0.2493 1.2959, 1.2441 -0.2493 1.2959, 1.315 -0.258 1.2978, 1.2441 -0.258 1.2978, 1.315 -0.266 1.3016, 1.2441 -0.266 1.3016, 1.315 -0.3476 1.3523, 1.2441 -0.3476 1.3523, 1.2441 -0.3671 1.3621, 1.315 -0.3671 1.3621, 1.2441 -0.3882 1.3681, 1.315 -0.3882 1.3681, 1.1181 -0.526 1.3701, 1.1181 -0.4099 1.3701, 1.0472 -0.526 1.3701, 1.0472 -0.4099 1.3701, 1.1181 -0.526 1.3307, 1.0472 -0.526 1.3307, 1.1181 -0.4099 1.3307, 1.0472 -0.4099 1.3307, 1.1181 -0.3954 1.3294, 1.0472 -0.3954 1.3294, 1.1181 -0.3814 1.3254, 1.0472 -0.3814 1.3254, 1.1181 -0.3684 1.3188, 1.0472 -0.3684 1.3188, 1.1181 -0.2868 1.2682, 1.0472 -0.2868 1.2682, 1.0472 -0.2707 1.2606, 1.1181 -0.2707 1.2606, 1.0472 -0.2534 1.2567, 1.1181 -0.2534 1.2567, 1.0472 -0.2356 1.2569, 1.1181 -0.2356 1.2569, 1.0472 -0.2183 1.2611, 1.1181 -0.2183 1.2611, 1.0472 -0.2024 1.269, 1.1181 -0.2024 1.269, 1.1181 -0.1267 1.318, 1.0472 -0.1267 1.318, 1.1181 -0.1134 1.325, 1.0472 -0.1134 1.325, 1.1181 -0.0989 1.3293, 1.0472 -0.0989 1.3293, 1.1181 -0.0839 1.3307, 1.0472 -0.0839 1.3307, 1.1181 1.1516 1.3307, 1.0472 1.1516 1.3307, 1.1181 1.1691 1.3287, 1.0472 1.1691 1.3287, 1.1181 1.1857 1.3229, 1.0472 1.1857 1.3229, 1.1181 1.2007 1.3135, 1.0472 1.2007 1.3135, 1.1181 1.2131 1.3011, 1.0472 1.2131 1.3011, 1.1181 1.2225 1.2861, 1.0472 1.2225 1.2861, 1.1181 1.2283 1.2695, 1.0472 1.2283 1.2695, 1.1181 1.2303 1.252, 1.0472 1.2303 1.252, 1.1181 1.2303 0.1102, 1.0472 1.2303 0.1102, 1.0472 1.2323 0.0927, 1.1181 1.2323 0.0927, 1.0472 1.2381 0.0761, 1.1181 1.2381 0.0761, 1.0472 1.2475 0.0611, 1.1181 1.2475 0.0611, 1.0472 1.26 0.0487, 1.1181 1.26 0.0487, 1.0472 1.2749 0.0393, 1.1181 1.2749 0.0393, 1.0472 1.2915 0.0335, 1.1181 1.2915 0.0335, 1.0472 1.3091 0.0315, 1.1181 1.3091 0.0315, 1.1181 1.624 0.0315, 1.0472 1.624 0.0315, 1.1181 1.624 0.0709, 1.0472 1.624 0.0709, 1.1181 1.3091 0.0709, 1.0472 1.3091 0.0709, 1.1181 1.3003 0.0719, 1.0472 1.3003 0.0719, 1.1181 1.292 0.0748, 1.0472 1.292 0.0748, 1.1181 1.2845 0.0795, 1.0472 1.2845 0.0795, 1.1181 1.2783 0.0857, 1.0472 1.2783 0.0857, 1.1181 1.2736 0.0932, 1.0472 1.2736 0.0932, 1.1181 1.2707 0.1015, 1.0472 1.2707 0.1015, 1.1181 1.2697 0.1102, 1.0472 1.2697 0.1102, 1.1181 1.2697 1.252, 1.0472 1.2697 1.252, 1.0472 1.2667 1.2783, 1.1181 1.2667 1.2783, 1.0472 1.258 1.3032, 1.1181 1.258 1.3032, 1.0472 1.2439 1.3256, 1.1181 1.2439 1.3256, 1.0472 1.2252 1.3443, 1.1181 1.2252 1.3443, 1.0472 1.2028 1.3584, 1.1181 1.2028 1.3584, 1.0472 1.1779 1.3671, 1.1181 1.1779 1.3671, 1.0472 1.1516 1.3701, 1.1181 1.1516 1.3701, 1.1181 -0.0839 1.3701, 1.0472 -0.0839 1.3701, 1.0472 -0.1064 1.3679, 1.1181 -0.1064 1.3679, 1.0472 -0.1281 1.3615, 1.1181 -0.1281 1.3615, 1.0472 -0.1482 1.3511, 1.1181 -0.1482 1.3511, 1.1181 -0.2238 1.302, 1.0472 -0.2238 1.302, 1.1181 -0.2318 1.2981, 1.0472 -0.2318 1.2981, 1.1181 -0.2404 1.296, 1.0472 -0.2404 1.296, 1.1181 -0.2493 1.2959, 1.0472 -0.2493 1.2959, 1.1181 -0.258 1.2978, 1.0472 -0.258 1.2978, 1.1181 -0.266 1.3016, 1.0472 -0.266 1.3016, 1.1181 -0.3476 1.3523, 1.0472 -0.3476 1.3523, 1.0472 -0.3671 1.3621, 1.1181 -0.3671 1.3621, 1.0472 -0.3882 1.3681, 1.1181 -0.3882 1.3681, 0.9213 -0.526 1.3701, 0.9213 -0.4099 1.3701, 0.8504 -0.526 1.3701, 0.8504 -0.4099 1.3701, 0.9213 -0.526 1.3307, 0.8504 -0.526 1.3307, 0.9213 -0.4099 1.3307, 0.8504 -0.4099 1.3307, 0.9213 -0.3954 1.3294, 0.8504 -0.3954 1.3294, 0.9213 -0.3814 1.3254, 0.8504 -0.3814 1.3254, 0.9213 -0.3684 1.3188, 0.8504 -0.3684 1.3188, 0.9213 -0.2868 1.2682, 0.8504 -0.2868 1.2682, 0.8504 -0.2707 1.2606, 0.9213 -0.2707 1.2606, 0.8504 -0.2534 1.2567, 0.9213 -0.2534 1.2567, 0.8504 -0.2356 1.2569, 0.9213 -0.2356 1.2569, 0.8504 -0.2183 1.2611, 0.9213 -0.2183 1.2611, 0.8504 -0.2024 1.269, 0.9213 -0.2024 1.269, 0.9213 -0.1267 1.318, 0.8504 -0.1267 1.318, 0.9213 -0.1134 1.325, 0.8504 -0.1134 1.325, 0.9213 -0.0989 1.3293, 0.8504 -0.0989 1.3293, 0.9213 -0.0839 1.3307, 0.8504 -0.0839 1.3307, 0.9213 1.1516 1.3307, 0.8504 1.1516 1.3307, 0.9213 1.1691 1.3287, 0.8504 1.1691 1.3287, 0.9213 1.1857 1.3229, 0.8504 1.1857 1.3229, 0.9213 1.2007 1.3135, 0.8504 1.2007 1.3135, 0.9213 1.2131 1.3011, 0.8504 1.2131 1.3011, 0.9213 1.2225 1.2861, 0.8504 1.2225 1.2861, 0.9213 1.2283 1.2695, 0.8504 1.2283 1.2695, 0.9213 1.2303 1.252, 0.8504 1.2303 1.252, 0.9213 1.2303 0.1102, 0.8504 1.2303 0.1102, 0.8504 1.2323 0.0927, 0.9213 1.2323 0.0927, 0.8504 1.2381 0.0761, 0.9213 1.2381 0.0761, 0.8504 1.2475 0.0611, 0.9213 1.2475 0.0611, 0.8504 1.26 0.0487, 0.9213 1.26 0.0487, 0.8504 1.2749 0.0393, 0.9213 1.2749 0.0393, 0.8504 1.2915 0.0335, 0.9213 1.2915 0.0335, 0.8504 1.3091 0.0315, 0.9213 1.3091 0.0315, 0.9213 1.624 0.0315, 0.8504 1.624 0.0315, 0.9213 1.624 0.0709, 0.8504 1.624 0.0709, 0.9213 1.3091 0.0709, 0.8504 1.3091 0.0709, 0.9213 1.3003 0.0719, 0.8504 1.3003 0.0719, 0.9213 1.292 0.0748, 0.8504 1.292 0.0748, 0.9213 1.2845 0.0795, 0.8504 1.2845 0.0795, 0.9213 1.2783 0.0857, 0.8504 1.2783 0.0857, 0.9213 1.2736 0.0932, 0.8504 1.2736 0.0932, 0.9213 1.2707 0.1015, 0.8504 1.2707 0.1015, 0.9213 1.2697 0.1102, 0.8504 1.2697 0.1102, 0.9213 1.2697 1.252, 0.8504 1.2697 1.252, 0.8504 1.2667 1.2783, 0.9213 1.2667 1.2783, 0.8504 1.258 1.3032, 0.9213 1.258 1.3032, 0.8504 1.2439 1.3256, 0.9213 1.2439 1.3256, 0.8504 1.2252 1.3443, 0.9213 1.2252 1.3443, 0.8504 1.2028 1.3584, 0.9213 1.2028 1.3584, 0.8504 1.1779 1.3671, 0.9213 1.1779 1.3671, 0.8504 1.1516 1.3701, 0.9213 1.1516 1.3701, 0.9213 -0.0839 1.3701, 0.8504 -0.0839 1.3701, 0.8504 -0.1064 1.3679, 0.9213 -0.1064 1.3679, 0.8504 -0.1281 1.3615, 0.9213 -0.1281 1.3615, 0.8504 -0.1482 1.3511, 0.9213 -0.1482 1.3511, 0.9213 -0.2238 1.302, 0.8504 -0.2238 1.302, 0.9213 -0.2318 1.2981, 0.8504 -0.2318 1.2981, 0.9213 -0.2404 1.296, 0.8504 -0.2404 1.296, 0.9213 -0.2493 1.2959, 0.8504 -0.2493 1.2959, 0.9213 -0.258 1.2978, 0.8504 -0.258 1.2978, 0.9213 -0.266 1.3016, 0.8504 -0.266 1.3016, 0.9213 -0.3476 1.3523, 0.8504 -0.3476 1.3523, 0.8504 -0.3671 1.3621, 0.9213 -0.3671 1.3621, 0.8504 -0.3882 1.3681, 0.9213 -0.3882 1.3681, 0.7244 -0.526 1.3701, 0.7244 -0.4099 1.3701, 0.6535 -0.526 1.3701, 0.6535 -0.4099 1.3701, 0.7244 -0.526 1.3307, 0.6535 -0.526 1.3307, 0.7244 -0.4099 1.3307, 0.6535 -0.4099 1.3307, 0.7244 -0.3954 1.3294, 0.6535 -0.3954 1.3294, 0.7244 -0.3814 1.3254, 0.6535 -0.3814 1.3254, 0.7244 -0.3684 1.3188, 0.6535 -0.3684 1.3188, 0.7244 -0.2868 1.2682, 0.6535 -0.2868 1.2682, 0.6535 -0.2707 1.2606, 0.7244 -0.2707 1.2606, 0.6535 -0.2534 1.2567, 0.7244 -0.2534 1.2567, 0.6535 -0.2356 1.2569, 0.7244 -0.2356 1.2569, 0.6535 -0.2183 1.2611, 0.7244 -0.2183 1.2611, 0.6535 -0.2024 1.269, 0.7244 -0.2024 1.269, 0.7244 -0.1267 1.318, 0.6535 -0.1267 1.318, 0.7244 -0.1134 1.325, 0.6535 -0.1134 1.325, 0.7244 -0.0989 1.3293, 0.6535 -0.0989 1.3293, 0.7244 -0.0839 1.3307, 0.6535 -0.0839 1.3307, 0.7244 1.1516 1.3307, 0.6535 1.1516 1.3307, 0.7244 1.1691 1.3287, 0.6535 1.1691 1.3287, 0.7244 1.1857 1.3229, 0.6535 1.1857 1.3229, 0.7244 1.2007 1.3135, 0.6535 1.2007 1.3135, 0.7244 1.2131 1.3011, 0.6535 1.2131 1.3011, 0.7244 1.2225 1.2861, 0.6535 1.2225 1.2861, 0.7244 1.2283 1.2695, 0.6535 1.2283 1.2695, 0.7244 1.2303 1.252, 0.6535 1.2303 1.252, 0.7244 1.2303 0.1102, 0.6535 1.2303 0.1102, 0.6535 1.2323 0.0927, 0.7244 1.2323 0.0927, 0.6535 1.2381 0.0761, 0.7244 1.2381 0.0761, 0.6535 1.2475 0.0611, 0.7244 1.2475 0.0611, 0.6535 1.26 0.0487, 0.7244 1.26 0.0487, 0.6535 1.2749 0.0393, 0.7244 1.2749 0.0393, 0.6535 1.2915 0.0335, 0.7244 1.2915 0.0335, 0.6535 1.3091 0.0315, 0.7244 1.3091 0.0315, 0.7244 1.624 0.0315, 0.6535 1.624 0.0315, 0.7244 1.624 0.0709, 0.6535 1.624 0.0709, 0.7244 1.3091 0.0709, 0.6535 1.3091 0.0709, 0.7244 1.3003 0.0719, 0.6535 1.3003 0.0719, 0.7244 1.292 0.0748, 0.6535 1.292 0.0748, 0.7244 1.2845 0.0795, 0.6535 1.2845 0.0795, 0.7244 1.2783 0.0857, 0.6535 1.2783 0.0857, 0.7244 1.2736 0.0932, 0.6535 1.2736 0.0932, 0.7244 1.2707 0.1015, 0.6535 1.2707 0.1015, 0.7244 1.2697 0.1102, 0.6535 1.2697 0.1102, 0.7244 1.2697 1.252, 0.6535 1.2697 1.252, 0.6535 1.2667 1.2783, 0.7244 1.2667 1.2783, 0.6535 1.258 1.3032, 0.7244 1.258 1.3032, 0.6535 1.2439 1.3256, 0.7244 1.2439 1.3256, 0.6535 1.2252 1.3443, 0.7244 1.2252 1.3443, 0.6535 1.2028 1.3584, 0.7244 1.2028 1.3584, 0.6535 1.1779 1.3671, 0.7244 1.1779 1.3671, 0.6535 1.1516 1.3701, 0.7244 1.1516 1.3701, 0.7244 -0.0839 1.3701, 0.6535 -0.0839 1.3701, 0.6535 -0.1064 1.3679, 0.7244 -0.1064 1.3679, 0.6535 -0.1281 1.3615, 0.7244 -0.1281 1.3615, 0.6535 -0.1482 1.3511, 0.7244 -0.1482 1.3511, 0.7244 -0.2238 1.302, 0.6535 -0.2238 1.302, 0.7244 -0.2318 1.2981, 0.6535 -0.2318 1.2981, 0.7244 -0.2404 1.296, 0.6535 -0.2404 1.296, 0.7244 -0.2493 1.2959, 0.6535 -0.2493 1.2959, 0.7244 -0.258 1.2978, 0.6535 -0.258 1.2978, 0.7244 -0.266 1.3016, 0.6535 -0.266 1.3016, 0.7244 -0.3476 1.3523, 0.6535 -0.3476 1.3523, 0.6535 -0.3671 1.3621, 0.7244 -0.3671 1.3621, 0.6535 -0.3882 1.3681, 0.7244 -0.3882 1.3681, 0.5276 -0.526 1.3701, 0.5276 -0.4099 1.3701, 0.4567 -0.526 1.3701, 0.4567 -0.4099 1.3701, 0.5276 -0.526 1.3307, 0.4567 -0.526 1.3307, 0.5276 -0.4099 1.3307, 0.4567 -0.4099 1.3307, 0.5276 -0.3954 1.3294, 0.4567 -0.3954 1.3294, 0.5276 -0.3814 1.3254, 0.4567 -0.3814 1.3254, 0.5276 -0.3684 1.3188, 0.4567 -0.3684 1.3188, 0.5276 -0.2868 1.2682, 0.4567 -0.2868 1.2682, 0.4567 -0.2707 1.2606, 0.5276 -0.2707 1.2606, 0.4567 -0.2534 1.2567, 0.5276 -0.2534 1.2567, 0.4567 -0.2356 1.2569, 0.5276 -0.2356 1.2569, 0.4567 -0.2183 1.2611, 0.5276 -0.2183 1.2611, 0.4567 -0.2024 1.269, 0.5276 -0.2024 1.269, 0.5276 -0.1267 1.318, 0.4567 -0.1267 1.318, 0.5276 -0.1134 1.325, 0.4567 -0.1134 1.325, 0.5276 -0.0989 1.3293, 0.4567 -0.0989 1.3293, 0.5276 -0.0839 1.3307, 0.4567 -0.0839 1.3307, 0.5276 1.1516 1.3307, 0.4567 1.1516 1.3307, 0.5276 1.1691 1.3287, 0.4567 1.1691 1.3287, 0.5276 1.1857 1.3229, 0.4567 1.1857 1.3229, 0.5276 1.2007 1.3135, 0.4567 1.2007 1.3135, 0.5276 1.2131 1.3011, 0.4567 1.2131 1.3011, 0.5276 1.2225 1.2861, 0.4567 1.2225 1.2861, 0.5276 1.2283 1.2695, 0.4567 1.2283 1.2695, 0.5276 1.2303 1.252, 0.4567 1.2303 1.252, 0.5276 1.2303 0.1102, 0.4567 1.2303 0.1102, 0.4567 1.2323 0.0927, 0.5276 1.2323 0.0927, 0.4567 1.2381 0.0761, 0.5276 1.2381 0.0761, 0.4567 1.2475 0.0611, 0.5276 1.2475 0.0611, 0.4567 1.26 0.0487, 0.5276 1.26 0.0487, 0.4567 1.2749 0.0393, 0.5276 1.2749 0.0393, 0.4567 1.2915 0.0335, 0.5276 1.2915 0.0335, 0.4567 1.3091 0.0315, 0.5276 1.3091 0.0315, 0.5276 1.624 0.0315, 0.4567 1.624 0.0315, 0.5276 1.624 0.0709, 0.4567 1.624 0.0709, 0.5276 1.3091 0.0709, 0.4567 1.3091 0.0709, 0.5276 1.3003 0.0719, 0.4567 1.3003 0.0719, 0.5276 1.292 0.0748, 0.4567 1.292 0.0748, 0.5276 1.2845 0.0795, 0.4567 1.2845 0.0795, 0.5276 1.2783 0.0857, 0.4567 1.2783 0.0857, 0.5276 1.2736 0.0932, 0.4567 1.2736 0.0932, 0.5276 1.2707 0.1015, 0.4567 1.2707 0.1015, 0.5276 1.2697 0.1102, 0.4567 1.2697 0.1102, 0.5276 1.2697 1.252, 0.4567 1.2697 1.252, 0.4567 1.2667 1.2783, 0.5276 1.2667 1.2783, 0.4567 1.258 1.3032, 0.5276 1.258 1.3032, 0.4567 1.2439 1.3256, 0.5276 1.2439 1.3256, 0.4567 1.2252 1.3443, 0.5276 1.2252 1.3443, 0.4567 1.2028 1.3584, 0.5276 1.2028 1.3584, 0.4567 1.1779 1.3671, 0.5276 1.1779 1.3671, 0.4567 1.1516 1.3701, 0.5276 1.1516 1.3701, 0.5276 -0.0839 1.3701, 0.4567 -0.0839 1.3701, 0.4567 -0.1064 1.3679, 0.5276 -0.1064 1.3679, 0.4567 -0.1281 1.3615, 0.5276 -0.1281 1.3615, 0.4567 -0.1482 1.3511, 0.5276 -0.1482 1.3511, 0.5276 -0.2238 1.302, 0.4567 -0.2238 1.302, 0.5276 -0.2318 1.2981, 0.4567 -0.2318 1.2981, 0.5276 -0.2404 1.296, 0.4567 -0.2404 1.296, 0.5276 -0.2493 1.2959, 0.4567 -0.2493 1.2959, 0.5276 -0.258 1.2978, 0.4567 -0.258 1.2978, 0.5276 -0.266 1.3016, 0.4567 -0.266 1.3016, 0.5276 -0.3476 1.3523, 0.4567 -0.3476 1.3523, 0.4567 -0.3671 1.3621, 0.5276 -0.3671 1.3621, 0.4567 -0.3882 1.3681, 0.5276 -0.3882 1.3681, 0.3307 -0.526 1.3701, 0.3307 -0.4099 1.3701, 0.2598 -0.526 1.3701, 0.2598 -0.4099 1.3701, 0.3307 -0.526 1.3307, 0.2598 -0.526 1.3307, 0.3307 -0.4099 1.3307, 0.2598 -0.4099 1.3307, 0.3307 -0.3954 1.3294, 0.2598 -0.3954 1.3294, 0.3307 -0.3814 1.3254, 0.2598 -0.3814 1.3254, 0.3307 -0.3684 1.3188, 0.2598 -0.3684 1.3188, 0.3307 -0.2868 1.2682, 0.2598 -0.2868 1.2682, 0.2598 -0.2707 1.2606, 0.3307 -0.2707 1.2606, 0.2598 -0.2534 1.2567, 0.3307 -0.2534 1.2567, 0.2598 -0.2356 1.2569, 0.3307 -0.2356 1.2569, 0.2598 -0.2183 1.2611, 0.3307 -0.2183 1.2611, 0.2598 -0.2024 1.269, 0.3307 -0.2024 1.269, 0.3307 -0.1267 1.318, 0.2598 -0.1267 1.318, 0.3307 -0.1134 1.325, 0.2598 -0.1134 1.325, 0.3307 -0.0989 1.3293, 0.2598 -0.0989 1.3293, 0.3307 -0.0839 1.3307, 0.2598 -0.0839 1.3307, 0.3307 1.1516 1.3307, 0.2598 1.1516 1.3307, 0.3307 1.1691 1.3287, 0.2598 1.1691 1.3287, 0.3307 1.1857 1.3229, 0.2598 1.1857 1.3229, 0.3307 1.2007 1.3135, 0.2598 1.2007 1.3135, 0.3307 1.2131 1.3011, 0.2598 1.2131 1.3011, 0.3307 1.2225 1.2861, 0.2598 1.2225 1.2861, 0.3307 1.2283 1.2695, 0.2598 1.2283 1.2695, 0.3307 1.2303 1.252, 0.2598 1.2303 1.252, 0.3307 1.2303 0.1102, 0.2598 1.2303 0.1102, 0.2598 1.2323 0.0927, 0.3307 1.2323 0.0927, 0.2598 1.2381 0.0761, 0.3307 1.2381 0.0761, 0.2598 1.2475 0.0611, 0.3307 1.2475 0.0611, 0.2598 1.26 0.0487, 0.3307 1.26 0.0487, 0.2598 1.2749 0.0393, 0.3307 1.2749 0.0393, 0.2598 1.2915 0.0335, 0.3307 1.2915 0.0335, 0.2598 1.3091 0.0315, 0.3307 1.3091 0.0315, 0.3307 1.624 0.0315, 0.2598 1.624 0.0315, 0.3307 1.624 0.0709, 0.2598 1.624 0.0709, 0.3307 1.3091 0.0709, 0.2598 1.3091 0.0709, 0.3307 1.3003 0.0719, 0.2598 1.3003 0.0719, 0.3307 1.292 0.0748, 0.2598 1.292 0.0748, 0.3307 1.2845 0.0795, 0.2598 1.2845 0.0795, 0.3307 1.2783 0.0857, 0.2598 1.2783 0.0857, 0.3307 1.2736 0.0932, 0.2598 1.2736 0.0932, 0.3307 1.2707 0.1015, 0.2598 1.2707 0.1015, 0.3307 1.2697 0.1102, 0.2598 1.2697 0.1102, 0.3307 1.2697 1.252, 0.2598 1.2697 1.252, 0.2598 1.2667 1.2783, 0.3307 1.2667 1.2783, 0.2598 1.258 1.3032, 0.3307 1.258 1.3032, 0.2598 1.2439 1.3256, 0.3307 1.2439 1.3256, 0.2598 1.2252 1.3443, 0.3307 1.2252 1.3443, 0.2598 1.2028 1.3584, 0.3307 1.2028 1.3584, 0.2598 1.1779 1.3671, 0.3307 1.1779 1.3671, 0.2598 1.1516 1.3701, 0.3307 1.1516 1.3701, 0.3307 -0.0839 1.3701, 0.2598 -0.0839 1.3701, 0.2598 -0.1064 1.3679, 0.3307 -0.1064 1.3679, 0.2598 -0.1281 1.3615, 0.3307 -0.1281 1.3615, 0.2598 -0.1482 1.3511, 0.3307 -0.1482 1.3511, 0.3307 -0.2238 1.302, 0.2598 -0.2238 1.302, 0.3307 -0.2318 1.2981, 0.2598 -0.2318 1.2981, 0.3307 -0.2404 1.296, 0.2598 -0.2404 1.296, 0.3307 -0.2493 1.2959, 0.2598 -0.2493 1.2959, 0.3307 -0.258 1.2978, 0.2598 -0.258 1.2978, 0.3307 -0.266 1.3016, 0.2598 -0.266 1.3016, 0.3307 -0.3476 1.3523, 0.2598 -0.3476 1.3523, 0.2598 -0.3671 1.3621, 0.3307 -0.3671 1.3621, 0.2598 -0.3882 1.3681, 0.3307 -0.3882 1.3681, 0.1339 -0.526 1.3701, 0.1339 -0.4099 1.3701, 0.063 -0.526 1.3701, 0.063 -0.4099 1.3701, 0.1339 -0.526 1.3307, 0.063 -0.526 1.3307, 0.1339 -0.4099 1.3307, 0.063 -0.4099 1.3307, 0.1339 -0.3954 1.3294, 0.063 -0.3954 1.3294, 0.1339 -0.3814 1.3254, 0.063 -0.3814 1.3254, 0.1339 -0.3684 1.3188, 0.063 -0.3684 1.3188, 0.1339 -0.2868 1.2682, 0.063 -0.2868 1.2682, 0.063 -0.2707 1.2606, 0.1339 -0.2707 1.2606, 0.063 -0.2534 1.2567, 0.1339 -0.2534 1.2567, 0.063 -0.2356 1.2569, 0.1339 -0.2356 1.2569, 0.063 -0.2183 1.2611, 0.1339 -0.2183 1.2611, 0.063 -0.2024 1.269, 0.1339 -0.2024 1.269, 0.1339 -0.1267 1.318, 0.063 -0.1267 1.318, 0.1339 -0.1134 1.325, 0.063 -0.1134 1.325, 0.1339 -0.0989 1.3293, 0.063 -0.0989 1.3293, 0.1339 -0.0839 1.3307, 0.063 -0.0839 1.3307, 0.1339 1.1516 1.3307, 0.063 1.1516 1.3307, 0.1339 1.1691 1.3287, 0.063 1.1691 1.3287, 0.1339 1.1857 1.3229, 0.063 1.1857 1.3229, 0.1339 1.2007 1.3135, 0.063 1.2007 1.3135, 0.1339 1.2131 1.3011, 0.063 1.2131 1.3011, 0.1339 1.2225 1.2861, 0.063 1.2225 1.2861, 0.1339 1.2283 1.2695, 0.063 1.2283 1.2695, 0.1339 1.2303 1.252, 0.063 1.2303 1.252, 0.1339 1.2303 0.1102, 0.063 1.2303 0.1102, 0.063 1.2323 0.0927, 0.1339 1.2323 0.0927, 0.063 1.2381 0.0761, 0.1339 1.2381 0.0761, 0.063 1.2475 0.0611, 0.1339 1.2475 0.0611, 0.063 1.26 0.0487, 0.1339 1.26 0.0487, 0.063 1.2749 0.0393, 0.1339 1.2749 0.0393, 0.063 1.2915 0.0335, 0.1339 1.2915 0.0335, 0.063 1.3091 0.0315, 0.1339 1.3091 0.0315, 0.1339 1.624 0.0315, 0.063 1.624 0.0315, 0.1339 1.624 0.0709, 0.063 1.624 0.0709, 0.1339 1.3091 0.0709, 0.063 1.3091 0.0709, 0.1339 1.3003 0.0719, 0.063 1.3003 0.0719, 0.1339 1.292 0.0748, 0.063 1.292 0.0748, 0.1339 1.2845 0.0795, 0.063 1.2845 0.0795, 0.1339 1.2783 0.0857, 0.063 1.2783 0.0857, 0.1339 1.2736 0.0932, 0.063 1.2736 0.0932, 0.1339 1.2707 0.1015, 0.063 1.2707 0.1015, 0.1339 1.2697 0.1102, 0.063 1.2697 0.1102, 0.1339 1.2697 1.252, 0.063 1.2697 1.252, 0.063 1.2667 1.2783, 0.1339 1.2667 1.2783, 0.063 1.258 1.3032, 0.1339 1.258 1.3032, 0.063 1.2439 1.3256, 0.1339 1.2439 1.3256, 0.063 1.2252 1.3443, 0.1339 1.2252 1.3443, 0.063 1.2028 1.3584, 0.1339 1.2028 1.3584, 0.063 1.1779 1.3671, 0.1339 1.1779 1.3671, 0.063 1.1516 1.3701, 0.1339 1.1516 1.3701, 0.1339 -0.0839 1.3701, 0.063 -0.0839 1.3701, 0.063 -0.1064 1.3679, 0.1339 -0.1064 1.3679, 0.063 -0.1281 1.3615, 0.1339 -0.1281 1.3615, 0.063 -0.1482 1.3511, 0.1339 -0.1482 1.3511, 0.1339 -0.2238 1.302, 0.063 -0.2238 1.302, 0.1339 -0.2318 1.2981, 0.063 -0.2318 1.2981, 0.1339 -0.2404 1.296, 0.063 -0.2404 1.296, 0.1339 -0.2493 1.2959, 0.063 -0.2493 1.2959, 0.1339 -0.258 1.2978, 0.063 -0.258 1.2978, 0.1339 -0.266 1.3016, 0.063 -0.266 1.3016, 0.1339 -0.3476 1.3523, 0.063 -0.3476 1.3523, 0.063 -0.3671 1.3621, 0.1339 -0.3671 1.3621, 0.063 -0.3882 1.3681, 0.1339 -0.3882 1.3681, -0.063 -0.526 1.3701, -0.063 -0.4099 1.3701, -0.1339 -0.526 1.3701, -0.1339 -0.4099 1.3701, -0.063 -0.526 1.3307, -0.1339 -0.526 1.3307, -0.063 -0.4099 1.3307, -0.1339 -0.4099 1.3307, -0.063 -0.3954 1.3294, -0.1339 -0.3954 1.3294, -0.063 -0.3814 1.3254, -0.1339 -0.3814 1.3254, -0.063 -0.3684 1.3188, -0.1339 -0.3684 1.3188, -0.063 -0.2868 1.2682, -0.1339 -0.2868 1.2682, -0.1339 -0.2707 1.2606, -0.063 -0.2707 1.2606, -0.1339 -0.2534 1.2567, -0.063 -0.2534 1.2567, -0.1339 -0.2356 1.2569, -0.063 -0.2356 1.2569, -0.1339 -0.2183 1.2611, -0.063 -0.2183 1.2611, -0.1339 -0.2024 1.269, -0.063 -0.2024 1.269, -0.063 -0.1267 1.318, -0.1339 -0.1267 1.318, -0.063 -0.1134 1.325, -0.1339 -0.1134 1.325, -0.063 -0.0989 1.3293, -0.1339 -0.0989 1.3293, -0.063 -0.0839 1.3307, -0.1339 -0.0839 1.3307, -0.063 1.1516 1.3307, -0.1339 1.1516 1.3307, -0.063 1.1691 1.3287, -0.1339 1.1691 1.3287, -0.063 1.1857 1.3229, -0.1339 1.1857 1.3229, -0.063 1.2007 1.3135, -0.1339 1.2007 1.3135, -0.063 1.2131 1.3011, -0.1339 1.2131 1.3011, -0.063 1.2225 1.2861, -0.1339 1.2225 1.2861, -0.063 1.2283 1.2695, -0.1339 1.2283 1.2695, -0.063 1.2303 1.252, -0.1339 1.2303 1.252, -0.063 1.2303 0.1102, -0.1339 1.2303 0.1102, -0.1339 1.2323 0.0927, -0.063 1.2323 0.0927, -0.1339 1.2381 0.0761, -0.063 1.2381 0.0761, -0.1339 1.2475 0.0611, -0.063 1.2475 0.0611, -0.1339 1.26 0.0487, -0.063 1.26 0.0487, -0.1339 1.2749 0.0393, -0.063 1.2749 0.0393, -0.1339 1.2915 0.0335, -0.063 1.2915 0.0335, -0.1339 1.3091 0.0315, -0.063 1.3091 0.0315, -0.063 1.624 0.0315, -0.1339 1.624 0.0315, -0.063 1.624 0.0709, -0.1339 1.624 0.0709, -0.063 1.3091 0.0709, -0.1339 1.3091 0.0709, -0.063 1.3003 0.0719, -0.1339 1.3003 0.0719, -0.063 1.292 0.0748, -0.1339 1.292 0.0748, -0.063 1.2845 0.0795, -0.1339 1.2845 0.0795, -0.063 1.2783 0.0857, -0.1339 1.2783 0.0857, -0.063 1.2736 0.0932, -0.1339 1.2736 0.0932, -0.063 1.2707 0.1015, -0.1339 1.2707 0.1015, -0.063 1.2697 0.1102, -0.1339 1.2697 0.1102, -0.063 1.2697 1.252, -0.1339 1.2697 1.252, -0.1339 1.2667 1.2783, -0.063 1.2667 1.2783, -0.1339 1.258 1.3032, -0.063 1.258 1.3032, -0.1339 1.2439 1.3256, -0.063 1.2439 1.3256, -0.1339 1.2252 1.3443, -0.063 1.2252 1.3443, -0.1339 1.2028 1.3584, -0.063 1.2028 1.3584, -0.1339 1.1779 1.3671, -0.063 1.1779 1.3671, -0.1339 1.1516 1.3701, -0.063 1.1516 1.3701, -0.063 -0.0839 1.3701, -0.1339 -0.0839 1.3701, -0.1339 -0.1064 1.3679, -0.063 -0.1064 1.3679, -0.1339 -0.1281 1.3615, -0.063 -0.1281 1.3615, -0.1339 -0.1482 1.3511, -0.063 -0.1482 1.3511, -0.063 -0.2238 1.302, -0.1339 -0.2238 1.302, -0.063 -0.2318 1.2981, -0.1339 -0.2318 1.2981, -0.063 -0.2404 1.296, -0.1339 -0.2404 1.296, -0.063 -0.2493 1.2959, -0.1339 -0.2493 1.2959, -0.063 -0.258 1.2978, -0.1339 -0.258 1.2978, -0.063 -0.266 1.3016, -0.1339 -0.266 1.3016, -0.063 -0.3476 1.3523, -0.1339 -0.3476 1.3523, -0.1339 -0.3671 1.3621, -0.063 -0.3671 1.3621, -0.1339 -0.3882 1.3681, -0.063 -0.3882 1.3681, -0.2598 -0.526 1.3701, -0.2598 -0.4099 1.3701, -0.3307 -0.526 1.3701, -0.3307 -0.4099 1.3701, -0.2598 -0.526 1.3307, -0.3307 -0.526 1.3307, -0.2598 -0.4099 1.3307, -0.3307 -0.4099 1.3307, -0.2598 -0.3954 1.3294, -0.3307 -0.3954 1.3294, -0.2598 -0.3814 1.3254, -0.3307 -0.3814 1.3254, -0.2598 -0.3684 1.3188, -0.3307 -0.3684 1.3188, -0.2598 -0.2868 1.2682, -0.3307 -0.2868 1.2682, -0.3307 -0.2707 1.2606, -0.2598 -0.2707 1.2606, -0.3307 -0.2534 1.2567, -0.2598 -0.2534 1.2567, -0.3307 -0.2356 1.2569, -0.2598 -0.2356 1.2569, -0.3307 -0.2183 1.2611, -0.2598 -0.2183 1.2611, -0.3307 -0.2024 1.269, -0.2598 -0.2024 1.269, -0.2598 -0.1267 1.318, -0.3307 -0.1267 1.318, -0.2598 -0.1134 1.325, -0.3307 -0.1134 1.325, -0.2598 -0.0989 1.3293, -0.3307 -0.0989 1.3293, -0.2598 -0.0839 1.3307, -0.3307 -0.0839 1.3307, -0.2598 1.1516 1.3307, -0.3307 1.1516 1.3307, -0.2598 1.1691 1.3287, -0.3307 1.1691 1.3287, -0.2598 1.1857 1.3229, -0.3307 1.1857 1.3229, -0.2598 1.2007 1.3135, -0.3307 1.2007 1.3135, -0.2598 1.2131 1.3011, -0.3307 1.2131 1.3011, -0.2598 1.2225 1.2861, -0.3307 1.2225 1.2861, -0.2598 1.2283 1.2695, -0.3307 1.2283 1.2695, -0.2598 1.2303 1.252, -0.3307 1.2303 1.252, -0.2598 1.2303 0.1102, -0.3307 1.2303 0.1102, -0.3307 1.2323 0.0927, -0.2598 1.2323 0.0927, -0.3307 1.2381 0.0761, -0.2598 1.2381 0.0761, -0.3307 1.2475 0.0611, -0.2598 1.2475 0.0611, -0.3307 1.26 0.0487, -0.2598 1.26 0.0487, -0.3307 1.2749 0.0393, -0.2598 1.2749 0.0393, -0.3307 1.2915 0.0335, -0.2598 1.2915 0.0335, -0.3307 1.3091 0.0315, -0.2598 1.3091 0.0315, -0.2598 1.624 0.0315, -0.3307 1.624 0.0315, -0.2598 1.624 0.0709, -0.3307 1.624 0.0709, -0.2598 1.3091 0.0709, -0.3307 1.3091 0.0709, -0.2598 1.3003 0.0719, -0.3307 1.3003 0.0719, -0.2598 1.292 0.0748, -0.3307 1.292 0.0748, -0.2598 1.2845 0.0795, -0.3307 1.2845 0.0795, -0.2598 1.2783 0.0857, -0.3307 1.2783 0.0857, -0.2598 1.2736 0.0932, -0.3307 1.2736 0.0932, -0.2598 1.2707 0.1015, -0.3307 1.2707 0.1015, -0.2598 1.2697 0.1102, -0.3307 1.2697 0.1102, -0.2598 1.2697 1.252, -0.3307 1.2697 1.252, -0.3307 1.2667 1.2783, -0.2598 1.2667 1.2783, -0.3307 1.258 1.3032, -0.2598 1.258 1.3032, -0.3307 1.2439 1.3256, -0.2598 1.2439 1.3256, -0.3307 1.2252 1.3443, -0.2598 1.2252 1.3443, -0.3307 1.2028 1.3584, -0.2598 1.2028 1.3584, -0.3307 1.1779 1.3671, -0.2598 1.1779 1.3671, -0.3307 1.1516 1.3701, -0.2598 1.1516 1.3701, -0.2598 -0.0839 1.3701, -0.3307 -0.0839 1.3701, -0.3307 -0.1064 1.3679, -0.2598 -0.1064 1.3679, -0.3307 -0.1281 1.3615, -0.2598 -0.1281 1.3615, -0.3307 -0.1482 1.3511, -0.2598 -0.1482 1.3511, -0.2598 -0.2238 1.302, -0.3307 -0.2238 1.302, -0.2598 -0.2318 1.2981, -0.3307 -0.2318 1.2981, -0.2598 -0.2404 1.296, -0.3307 -0.2404 1.296, -0.2598 -0.2493 1.2959, -0.3307 -0.2493 1.2959, -0.2598 -0.258 1.2978, -0.3307 -0.258 1.2978, -0.2598 -0.266 1.3016, -0.3307 -0.266 1.3016, -0.2598 -0.3476 1.3523, -0.3307 -0.3476 1.3523, -0.3307 -0.3671 1.3621, -0.2598 -0.3671 1.3621, -0.3307 -0.3882 1.3681, -0.2598 -0.3882 1.3681, -0.4567 -0.526 1.3701, -0.4567 -0.4099 1.3701, -0.5276 -0.526 1.3701, -0.5276 -0.4099 1.3701, -0.4567 -0.526 1.3307, -0.5276 -0.526 1.3307, -0.4567 -0.4099 1.3307, -0.5276 -0.4099 1.3307, -0.4567 -0.3954 1.3294, -0.5276 -0.3954 1.3294, -0.4567 -0.3814 1.3254, -0.5276 -0.3814 1.3254, -0.4567 -0.3684 1.3188, -0.5276 -0.3684 1.3188, -0.4567 -0.2868 1.2682, -0.5276 -0.2868 1.2682, -0.5276 -0.2707 1.2606, -0.4567 -0.2707 1.2606, -0.5276 -0.2534 1.2567, -0.4567 -0.2534 1.2567, -0.5276 -0.2356 1.2569, -0.4567 -0.2356 1.2569, -0.5276 -0.2183 1.2611, -0.4567 -0.2183 1.2611, -0.5276 -0.2024 1.269, -0.4567 -0.2024 1.269, -0.4567 -0.1267 1.318, -0.5276 -0.1267 1.318, -0.4567 -0.1134 1.325, -0.5276 -0.1134 1.325, -0.4567 -0.0989 1.3293, -0.5276 -0.0989 1.3293, -0.4567 -0.0839 1.3307, -0.5276 -0.0839 1.3307, -0.4567 1.1516 1.3307, -0.5276 1.1516 1.3307, -0.4567 1.1691 1.3287, -0.5276 1.1691 1.3287, -0.4567 1.1857 1.3229, -0.5276 1.1857 1.3229, -0.4567 1.2007 1.3135, -0.5276 1.2007 1.3135, -0.4567 1.2131 1.3011, -0.5276 1.2131 1.3011, -0.4567 1.2225 1.2861, -0.5276 1.2225 1.2861, -0.4567 1.2283 1.2695, -0.5276 1.2283 1.2695, -0.4567 1.2303 1.252, -0.5276 1.2303 1.252, -0.4567 1.2303 0.1102, -0.5276 1.2303 0.1102, -0.5276 1.2323 0.0927, -0.4567 1.2323 0.0927, -0.5276 1.2381 0.0761, -0.4567 1.2381 0.0761, -0.5276 1.2475 0.0611, -0.4567 1.2475 0.0611, -0.5276 1.26 0.0487, -0.4567 1.26 0.0487, -0.5276 1.2749 0.0393, -0.4567 1.2749 0.0393, -0.5276 1.2915 0.0335, -0.4567 1.2915 0.0335, -0.5276 1.3091 0.0315, -0.4567 1.3091 0.0315, -0.4567 1.624 0.0315, -0.5276 1.624 0.0315, -0.4567 1.624 0.0709, -0.5276 1.624 0.0709, -0.4567 1.3091 0.0709, -0.5276 1.3091 0.0709, -0.4567 1.3003 0.0719, -0.5276 1.3003 0.0719, -0.4567 1.292 0.0748, -0.5276 1.292 0.0748, -0.4567 1.2845 0.0795, -0.5276 1.2845 0.0795, -0.4567 1.2783 0.0857, -0.5276 1.2783 0.0857, -0.4567 1.2736 0.0932, -0.5276 1.2736 0.0932, -0.4567 1.2707 0.1015, -0.5276 1.2707 0.1015, -0.4567 1.2697 0.1102, -0.5276 1.2697 0.1102, -0.4567 1.2697 1.252, -0.5276 1.2697 1.252, -0.5276 1.2667 1.2783, -0.4567 1.2667 1.2783, -0.5276 1.258 1.3032, -0.4567 1.258 1.3032, -0.5276 1.2439 1.3256, -0.4567 1.2439 1.3256, -0.5276 1.2252 1.3443, -0.4567 1.2252 1.3443, -0.5276 1.2028 1.3584, -0.4567 1.2028 1.3584, -0.5276 1.1779 1.3671, -0.4567 1.1779 1.3671, -0.5276 1.1516 1.3701, -0.4567 1.1516 1.3701, -0.4567 -0.0839 1.3701, -0.5276 -0.0839 1.3701, -0.5276 -0.1064 1.3679, -0.4567 -0.1064 1.3679, -0.5276 -0.1281 1.3615, -0.4567 -0.1281 1.3615, -0.5276 -0.1482 1.3511, -0.4567 -0.1482 1.3511, -0.4567 -0.2238 1.302, -0.5276 -0.2238 1.302, -0.4567 -0.2318 1.2981, -0.5276 -0.2318 1.2981, -0.4567 -0.2404 1.296, -0.5276 -0.2404 1.296, -0.4567 -0.2493 1.2959, -0.5276 -0.2493 1.2959, -0.4567 -0.258 1.2978, -0.5276 -0.258 1.2978, -0.4567 -0.266 1.3016, -0.5276 -0.266 1.3016, -0.4567 -0.3476 1.3523, -0.5276 -0.3476 1.3523, -0.5276 -0.3671 1.3621, -0.4567 -0.3671 1.3621, -0.5276 -0.3882 1.3681, -0.4567 -0.3882 1.3681, -0.6535 -0.526 1.3701, -0.6535 -0.4099 1.3701, -0.7244 -0.526 1.3701, -0.7244 -0.4099 1.3701, -0.6535 -0.526 1.3307, -0.7244 -0.526 1.3307, -0.6535 -0.4099 1.3307, -0.7244 -0.4099 1.3307, -0.6535 -0.3954 1.3294, -0.7244 -0.3954 1.3294, -0.6535 -0.3814 1.3254, -0.7244 -0.3814 1.3254, -0.6535 -0.3684 1.3188, -0.7244 -0.3684 1.3188, -0.6535 -0.2868 1.2682, -0.7244 -0.2868 1.2682, -0.7244 -0.2707 1.2606, -0.6535 -0.2707 1.2606, -0.7244 -0.2534 1.2567, -0.6535 -0.2534 1.2567, -0.7244 -0.2356 1.2569, -0.6535 -0.2356 1.2569, -0.7244 -0.2183 1.2611, -0.6535 -0.2183 1.2611, -0.7244 -0.2024 1.269, -0.6535 -0.2024 1.269, -0.6535 -0.1267 1.318, -0.7244 -0.1267 1.318, -0.6535 -0.1134 1.325, -0.7244 -0.1134 1.325, -0.6535 -0.0989 1.3293, -0.7244 -0.0989 1.3293, -0.6535 -0.0839 1.3307, -0.7244 -0.0839 1.3307, -0.6535 1.1516 1.3307, -0.7244 1.1516 1.3307, -0.6535 1.1691 1.3287, -0.7244 1.1691 1.3287, -0.6535 1.1857 1.3229, -0.7244 1.1857 1.3229, -0.6535 1.2007 1.3135, -0.7244 1.2007 1.3135, -0.6535 1.2131 1.3011, -0.7244 1.2131 1.3011, -0.6535 1.2225 1.2861, -0.7244 1.2225 1.2861, -0.6535 1.2283 1.2695, -0.7244 1.2283 1.2695, -0.6535 1.2303 1.252, -0.7244 1.2303 1.252, -0.6535 1.2303 0.1102, -0.7244 1.2303 0.1102, -0.7244 1.2323 0.0927, -0.6535 1.2323 0.0927, -0.7244 1.2381 0.0761, -0.6535 1.2381 0.0761, -0.7244 1.2475 0.0611, -0.6535 1.2475 0.0611, -0.7244 1.26 0.0487, -0.6535 1.26 0.0487, -0.7244 1.2749 0.0393, -0.6535 1.2749 0.0393, -0.7244 1.2915 0.0335, -0.6535 1.2915 0.0335, -0.7244 1.3091 0.0315, -0.6535 1.3091 0.0315, -0.6535 1.624 0.0315, -0.7244 1.624 0.0315, -0.6535 1.624 0.0709, -0.7244 1.624 0.0709, -0.6535 1.3091 0.0709, -0.7244 1.3091 0.0709, -0.6535 1.3003 0.0719, -0.7244 1.3003 0.0719, -0.6535 1.292 0.0748, -0.7244 1.292 0.0748, -0.6535 1.2845 0.0795, -0.7244 1.2845 0.0795, -0.6535 1.2783 0.0857, -0.7244 1.2783 0.0857, -0.6535 1.2736 0.0932, -0.7244 1.2736 0.0932, -0.6535 1.2707 0.1015, -0.7244 1.2707 0.1015, -0.6535 1.2697 0.1102, -0.7244 1.2697 0.1102, -0.6535 1.2697 1.252, -0.7244 1.2697 1.252, -0.7244 1.2667 1.2783, -0.6535 1.2667 1.2783, -0.7244 1.258 1.3032, -0.6535 1.258 1.3032, -0.7244 1.2439 1.3256, -0.6535 1.2439 1.3256, -0.7244 1.2252 1.3443, -0.6535 1.2252 1.3443, -0.7244 1.2028 1.3584, -0.6535 1.2028 1.3584, -0.7244 1.1779 1.3671, -0.6535 1.1779 1.3671, -0.7244 1.1516 1.3701, -0.6535 1.1516 1.3701, -0.6535 -0.0839 1.3701, -0.7244 -0.0839 1.3701, -0.7244 -0.1064 1.3679, -0.6535 -0.1064 1.3679, -0.7244 -0.1281 1.3615, -0.6535 -0.1281 1.3615, -0.7244 -0.1482 1.3511, -0.6535 -0.1482 1.3511, -0.6535 -0.2238 1.302, -0.7244 -0.2238 1.302, -0.6535 -0.2318 1.2981, -0.7244 -0.2318 1.2981, -0.6535 -0.2404 1.296, -0.7244 -0.2404 1.296, -0.6535 -0.2493 1.2959, -0.7244 -0.2493 1.2959, -0.6535 -0.258 1.2978, -0.7244 -0.258 1.2978, -0.6535 -0.266 1.3016, -0.7244 -0.266 1.3016, -0.6535 -0.3476 1.3523, -0.7244 -0.3476 1.3523, -0.7244 -0.3671 1.3621, -0.6535 -0.3671 1.3621, -0.7244 -0.3882 1.3681, -0.6535 -0.3882 1.3681, -0.8504 -0.526 1.3701, -0.8504 -0.4099 1.3701, -0.9213 -0.526 1.3701, -0.9213 -0.4099 1.3701, -0.8504 -0.526 1.3307, -0.9213 -0.526 1.3307, -0.8504 -0.4099 1.3307, -0.9213 -0.4099 1.3307, -0.8504 -0.3954 1.3294, -0.9213 -0.3954 1.3294, -0.8504 -0.3814 1.3254, -0.9213 -0.3814 1.3254, -0.8504 -0.3684 1.3188, -0.9213 -0.3684 1.3188, -0.8504 -0.2868 1.2682, -0.9213 -0.2868 1.2682, -0.9213 -0.2707 1.2606, -0.8504 -0.2707 1.2606, -0.9213 -0.2534 1.2567, -0.8504 -0.2534 1.2567, -0.9213 -0.2356 1.2569, -0.8504 -0.2356 1.2569, -0.9213 -0.2183 1.2611, -0.8504 -0.2183 1.2611, -0.9213 -0.2024 1.269, -0.8504 -0.2024 1.269, -0.8504 -0.1267 1.318, -0.9213 -0.1267 1.318, -0.8504 -0.1134 1.325, -0.9213 -0.1134 1.325, -0.8504 -0.0989 1.3293, -0.9213 -0.0989 1.3293, -0.8504 -0.0839 1.3307, -0.9213 -0.0839 1.3307, -0.8504 1.1516 1.3307, -0.9213 1.1516 1.3307, -0.8504 1.1691 1.3287, -0.9213 1.1691 1.3287, -0.8504 1.1857 1.3229, -0.9213 1.1857 1.3229, -0.8504 1.2007 1.3135, -0.9213 1.2007 1.3135, -0.8504 1.2131 1.3011, -0.9213 1.2131 1.3011, -0.8504 1.2225 1.2861, -0.9213 1.2225 1.2861, -0.8504 1.2283 1.2695, -0.9213 1.2283 1.2695, -0.8504 1.2303 1.252, -0.9213 1.2303 1.252, -0.8504 1.2303 0.1102, -0.9213 1.2303 0.1102, -0.9213 1.2323 0.0927, -0.8504 1.2323 0.0927, -0.9213 1.2381 0.0761, -0.8504 1.2381 0.0761, -0.9213 1.2475 0.0611, -0.8504 1.2475 0.0611, -0.9213 1.26 0.0487, -0.8504 1.26 0.0487, -0.9213 1.2749 0.0393, -0.8504 1.2749 0.0393, -0.9213 1.2915 0.0335, -0.8504 1.2915 0.0335, -0.9213 1.3091 0.0315, -0.8504 1.3091 0.0315, -0.8504 1.624 0.0315, -0.9213 1.624 0.0315, -0.8504 1.624 0.0709, -0.9213 1.624 0.0709, -0.8504 1.3091 0.0709, -0.9213 1.3091 0.0709, -0.8504 1.3003 0.0719, -0.9213 1.3003 0.0719, -0.8504 1.292 0.0748, -0.9213 1.292 0.0748, -0.8504 1.2845 0.0795, -0.9213 1.2845 0.0795, -0.8504 1.2783 0.0857, -0.9213 1.2783 0.0857, -0.8504 1.2736 0.0932, -0.9213 1.2736 0.0932, -0.8504 1.2707 0.1015, -0.9213 1.2707 0.1015, -0.8504 1.2697 0.1102, -0.9213 1.2697 0.1102, -0.8504 1.2697 1.252, -0.9213 1.2697 1.252, -0.9213 1.2667 1.2783, -0.8504 1.2667 1.2783, -0.9213 1.258 1.3032, -0.8504 1.258 1.3032, -0.9213 1.2439 1.3256, -0.8504 1.2439 1.3256, -0.9213 1.2252 1.3443, -0.8504 1.2252 1.3443, -0.9213 1.2028 1.3584, -0.8504 1.2028 1.3584, -0.9213 1.1779 1.3671, -0.8504 1.1779 1.3671, -0.9213 1.1516 1.3701, -0.8504 1.1516 1.3701, -0.8504 -0.0839 1.3701, -0.9213 -0.0839 1.3701, -0.9213 -0.1064 1.3679, -0.8504 -0.1064 1.3679, -0.9213 -0.1281 1.3615, -0.8504 -0.1281 1.3615, -0.9213 -0.1482 1.3511, -0.8504 -0.1482 1.3511, -0.8504 -0.2238 1.302, -0.9213 -0.2238 1.302, -0.8504 -0.2318 1.2981, -0.9213 -0.2318 1.2981, -0.8504 -0.2404 1.296, -0.9213 -0.2404 1.296, -0.8504 -0.2493 1.2959, -0.9213 -0.2493 1.2959, -0.8504 -0.258 1.2978, -0.9213 -0.258 1.2978, -0.8504 -0.266 1.3016, -0.9213 -0.266 1.3016, -0.8504 -0.3476 1.3523, -0.9213 -0.3476 1.3523, -0.9213 -0.3671 1.3621, -0.8504 -0.3671 1.3621, -0.9213 -0.3882 1.3681, -0.8504 -0.3882 1.3681, -1.0472 -0.526 1.3701, -1.0472 -0.4099 1.3701, -1.1181 -0.526 1.3701, -1.1181 -0.4099 1.3701, -1.0472 -0.526 1.3307, -1.1181 -0.526 1.3307, -1.0472 -0.4099 1.3307, -1.1181 -0.4099 1.3307, -1.0472 -0.3954 1.3294, -1.1181 -0.3954 1.3294, -1.0472 -0.3814 1.3254, -1.1181 -0.3814 1.3254, -1.0472 -0.3684 1.3188, -1.1181 -0.3684 1.3188, -1.0472 -0.2868 1.2682, -1.1181 -0.2868 1.2682, -1.1181 -0.2707 1.2606, -1.0472 -0.2707 1.2606, -1.1181 -0.2534 1.2567, -1.0472 -0.2534 1.2567, -1.1181 -0.2356 1.2569, -1.0472 -0.2356 1.2569, -1.1181 -0.2183 1.2611, -1.0472 -0.2183 1.2611, -1.1181 -0.2024 1.269, -1.0472 -0.2024 1.269, -1.0472 -0.1267 1.318, -1.1181 -0.1267 1.318, -1.0472 -0.1134 1.325, -1.1181 -0.1134 1.325, -1.0472 -0.0989 1.3293, -1.1181 -0.0989 1.3293, -1.0472 -0.0839 1.3307, -1.1181 -0.0839 1.3307, -1.0472 1.1516 1.3307, -1.1181 1.1516 1.3307, -1.0472 1.1691 1.3287, -1.1181 1.1691 1.3287, -1.0472 1.1857 1.3229, -1.1181 1.1857 1.3229, -1.0472 1.2007 1.3135, -1.1181 1.2007 1.3135, -1.0472 1.2131 1.3011, -1.1181 1.2131 1.3011, -1.0472 1.2225 1.2861, -1.1181 1.2225 1.2861, -1.0472 1.2283 1.2695, -1.1181 1.2283 1.2695, -1.0472 1.2303 1.252, -1.1181 1.2303 1.252, -1.0472 1.2303 0.1102, -1.1181 1.2303 0.1102, -1.1181 1.2323 0.0927, -1.0472 1.2323 0.0927, -1.1181 1.2381 0.0761, -1.0472 1.2381 0.0761, -1.1181 1.2475 0.0611, -1.0472 1.2475 0.0611, -1.1181 1.26 0.0487, -1.0472 1.26 0.0487, -1.1181 1.2749 0.0393, -1.0472 1.2749 0.0393, -1.1181 1.2915 0.0335, -1.0472 1.2915 0.0335, -1.1181 1.3091 0.0315, -1.0472 1.3091 0.0315, -1.0472 1.624 0.0315, -1.1181 1.624 0.0315, -1.0472 1.624 0.0709, -1.1181 1.624 0.0709, -1.0472 1.3091 0.0709, -1.1181 1.3091 0.0709, -1.0472 1.3003 0.0719, -1.1181 1.3003 0.0719, -1.0472 1.292 0.0748, -1.1181 1.292 0.0748, -1.0472 1.2845 0.0795, -1.1181 1.2845 0.0795, -1.0472 1.2783 0.0857, -1.1181 1.2783 0.0857, -1.0472 1.2736 0.0932, -1.1181 1.2736 0.0932, -1.0472 1.2707 0.1015, -1.1181 1.2707 0.1015, -1.0472 1.2697 0.1102, -1.1181 1.2697 0.1102, -1.0472 1.2697 1.252, -1.1181 1.2697 1.252, -1.1181 1.2667 1.2783, -1.0472 1.2667 1.2783, -1.1181 1.258 1.3032, -1.0472 1.258 1.3032, -1.1181 1.2439 1.3256, -1.0472 1.2439 1.3256, -1.1181 1.2252 1.3443, -1.0472 1.2252 1.3443, -1.1181 1.2028 1.3584, -1.0472 1.2028 1.3584, -1.1181 1.1779 1.3671, -1.0472 1.1779 1.3671, -1.1181 1.1516 1.3701, -1.0472 1.1516 1.3701, -1.0472 -0.0839 1.3701, -1.1181 -0.0839 1.3701, -1.1181 -0.1064 1.3679, -1.0472 -0.1064 1.3679, -1.1181 -0.1281 1.3615, -1.0472 -0.1281 1.3615, -1.1181 -0.1482 1.3511, -1.0472 -0.1482 1.3511, -1.0472 -0.2238 1.302, -1.1181 -0.2238 1.302, -1.0472 -0.2318 1.2981, -1.1181 -0.2318 1.2981, -1.0472 -0.2404 1.296, -1.1181 -0.2404 1.296, -1.0472 -0.2493 1.2959, -1.1181 -0.2493 1.2959, -1.0472 -0.258 1.2978, -1.1181 -0.258 1.2978, -1.0472 -0.266 1.3016, -1.1181 -0.266 1.3016, -1.0472 -0.3476 1.3523, -1.1181 -0.3476 1.3523, -1.1181 -0.3671 1.3621, -1.0472 -0.3671 1.3621, -1.1181 -0.3882 1.3681, -1.0472 -0.3882 1.3681, -1.2441 -0.526 1.3701, -1.2441 -0.4099 1.3701, -1.315 -0.526 1.3701, -1.315 -0.4099 1.3701, -1.2441 -0.526 1.3307, -1.315 -0.526 1.3307, -1.2441 -0.4099 1.3307, -1.315 -0.4099 1.3307, -1.2441 -0.3954 1.3294, -1.315 -0.3954 1.3294, -1.2441 -0.3814 1.3254, -1.315 -0.3814 1.3254, -1.2441 -0.3684 1.3188, -1.315 -0.3684 1.3188, -1.2441 -0.2868 1.2682, -1.315 -0.2868 1.2682, -1.315 -0.2707 1.2606, -1.2441 -0.2707 1.2606, -1.315 -0.2534 1.2567, -1.2441 -0.2534 1.2567, -1.315 -0.2356 1.2569, -1.2441 -0.2356 1.2569, -1.315 -0.2183 1.2611, -1.2441 -0.2183 1.2611, -1.315 -0.2024 1.269, -1.2441 -0.2024 1.269, -1.2441 -0.1267 1.318, -1.315 -0.1267 1.318, -1.2441 -0.1134 1.325, -1.315 -0.1134 1.325, -1.2441 -0.0989 1.3293, -1.315 -0.0989 1.3293, -1.2441 -0.0839 1.3307, -1.315 -0.0839 1.3307, -1.2441 1.1516 1.3307, -1.315 1.1516 1.3307, -1.2441 1.1691 1.3287, -1.315 1.1691 1.3287, -1.2441 1.1857 1.3229, -1.315 1.1857 1.3229, -1.2441 1.2007 1.3135, -1.315 1.2007 1.3135, -1.2441 1.2131 1.3011, -1.315 1.2131 1.3011, -1.2441 1.2225 1.2861, -1.315 1.2225 1.2861, -1.2441 1.2283 1.2695, -1.315 1.2283 1.2695, -1.2441 1.2303 1.252, -1.315 1.2303 1.252, -1.2441 1.2303 0.1102, -1.315 1.2303 0.1102, -1.315 1.2323 0.0927, -1.2441 1.2323 0.0927, -1.315 1.2381 0.0761, -1.2441 1.2381 0.0761, -1.315 1.2475 0.0611, -1.2441 1.2475 0.0611, -1.315 1.26 0.0487, -1.2441 1.26 0.0487, -1.315 1.2749 0.0393, -1.2441 1.2749 0.0393, -1.315 1.2915 0.0335, -1.2441 1.2915 0.0335, -1.315 1.3091 0.0315, -1.2441 1.3091 0.0315, -1.2441 1.624 0.0315, -1.315 1.624 0.0315, -1.2441 1.624 0.0709, -1.315 1.624 0.0709, -1.2441 1.3091 0.0709, -1.315 1.3091 0.0709, -1.2441 1.3003 0.0719, -1.315 1.3003 0.0719, -1.2441 1.292 0.0748, -1.315 1.292 0.0748, -1.2441 1.2845 0.0795, -1.315 1.2845 0.0795, -1.2441 1.2783 0.0857, -1.315 1.2783 0.0857, -1.2441 1.2736 0.0932, -1.315 1.2736 0.0932, -1.2441 1.2707 0.1015, -1.315 1.2707 0.1015, -1.2441 1.2697 0.1102, -1.315 1.2697 0.1102, -1.2441 1.2697 1.252, -1.315 1.2697 1.252, -1.315 1.2667 1.2783, -1.2441 1.2667 1.2783, -1.315 1.258 1.3032, -1.2441 1.258 1.3032, -1.315 1.2439 1.3256, -1.2441 1.2439 1.3256, -1.315 1.2252 1.3443, -1.2441 1.2252 1.3443, -1.315 1.2028 1.3584, -1.2441 1.2028 1.3584, -1.315 1.1779 1.3671, -1.2441 1.1779 1.3671, -1.315 1.1516 1.3701, -1.2441 1.1516 1.3701, -1.2441 -0.0839 1.3701, -1.315 -0.0839 1.3701, -1.315 -0.1064 1.3679, -1.2441 -0.1064 1.3679, -1.315 -0.1281 1.3615, -1.2441 -0.1281 1.3615, -1.315 -0.1482 1.3511, -1.2441 -0.1482 1.3511, -1.2441 -0.2238 1.302, -1.315 -0.2238 1.302, -1.2441 -0.2318 1.2981, -1.315 -0.2318 1.2981, -1.2441 -0.2404 1.296, -1.315 -0.2404 1.296, -1.2441 -0.2493 1.2959, -1.315 -0.2493 1.2959, -1.2441 -0.258 1.2978, -1.315 -0.258 1.2978, -1.2441 -0.266 1.3016, -1.315 -0.266 1.3016, -1.2441 -0.3476 1.3523, -1.315 -0.3476 1.3523, -1.315 -0.3671 1.3621, -1.2441 -0.3671 1.3621, -1.315 -0.3882 1.3681, -1.2441 -0.3882 1.3681, -1.4409 -0.526 1.3701, -1.4409 -0.4099 1.3701, -1.5118 -0.526 1.3701, -1.5118 -0.4099 1.3701, -1.4409 -0.526 1.3307, -1.5118 -0.526 1.3307, -1.4409 -0.4099 1.3307, -1.5118 -0.4099 1.3307, -1.4409 -0.3954 1.3294, -1.5118 -0.3954 1.3294, -1.4409 -0.3814 1.3254, -1.5118 -0.3814 1.3254, -1.4409 -0.3684 1.3188, -1.5118 -0.3684 1.3188, -1.4409 -0.2868 1.2682, -1.5118 -0.2868 1.2682, -1.5118 -0.2707 1.2606, -1.4409 -0.2707 1.2606, -1.5118 -0.2534 1.2567, -1.4409 -0.2534 1.2567, -1.5118 -0.2356 1.2569, -1.4409 -0.2356 1.2569, -1.5118 -0.2183 1.2611, -1.4409 -0.2183 1.2611, -1.5118 -0.2024 1.269, -1.4409 -0.2024 1.269, -1.4409 -0.1267 1.318, -1.5118 -0.1267 1.318, -1.4409 -0.1134 1.325, -1.5118 -0.1134 1.325, -1.4409 -0.0989 1.3293, -1.5118 -0.0989 1.3293, -1.4409 -0.0839 1.3307, -1.5118 -0.0839 1.3307, -1.4409 1.1516 1.3307, -1.5118 1.1516 1.3307, -1.4409 1.1691 1.3287, -1.5118 1.1691 1.3287, -1.4409 1.1857 1.3229, -1.5118 1.1857 1.3229, -1.4409 1.2007 1.3135, -1.5118 1.2007 1.3135, -1.4409 1.2131 1.3011, -1.5118 1.2131 1.3011, -1.4409 1.2225 1.2861, -1.5118 1.2225 1.2861, -1.4409 1.2283 1.2695, -1.5118 1.2283 1.2695, -1.4409 1.2303 1.252, -1.5118 1.2303 1.252, -1.4409 1.2303 0.1102, -1.5118 1.2303 0.1102, -1.5118 1.2323 0.0927, -1.4409 1.2323 0.0927, -1.5118 1.2381 0.0761, -1.4409 1.2381 0.0761, -1.5118 1.2475 0.0611, -1.4409 1.2475 0.0611, -1.5118 1.26 0.0487, -1.4409 1.26 0.0487, -1.5118 1.2749 0.0393, -1.4409 1.2749 0.0393, -1.5118 1.2915 0.0335, -1.4409 1.2915 0.0335, -1.5118 1.3091 0.0315, -1.4409 1.3091 0.0315, -1.4409 1.624 0.0315, -1.5118 1.624 0.0315, -1.4409 1.624 0.0709, -1.5118 1.624 0.0709, -1.4409 1.3091 0.0709, -1.5118 1.3091 0.0709, -1.4409 1.3003 0.0719, -1.5118 1.3003 0.0719, -1.4409 1.292 0.0748, -1.5118 1.292 0.0748, -1.4409 1.2845 0.0795, -1.5118 1.2845 0.0795, -1.4409 1.2783 0.0857, -1.5118 1.2783 0.0857, -1.4409 1.2736 0.0932, -1.5118 1.2736 0.0932, -1.4409 1.2707 0.1015, -1.5118 1.2707 0.1015, -1.4409 1.2697 0.1102, -1.5118 1.2697 0.1102, -1.4409 1.2697 1.252, -1.5118 1.2697 1.252, -1.5118 1.2667 1.2783, -1.4409 1.2667 1.2783, -1.5118 1.258 1.3032, -1.4409 1.258 1.3032, -1.5118 1.2439 1.3256, -1.4409 1.2439 1.3256, -1.5118 1.2252 1.3443, -1.4409 1.2252 1.3443, -1.5118 1.2028 1.3584, -1.4409 1.2028 1.3584, -1.5118 1.1779 1.3671, -1.4409 1.1779 1.3671, -1.5118 1.1516 1.3701, -1.4409 1.1516 1.3701, -1.4409 -0.0839 1.3701, -1.5118 -0.0839 1.3701, -1.5118 -0.1064 1.3679, -1.4409 -0.1064 1.3679, -1.5118 -0.1281 1.3615, -1.4409 -0.1281 1.3615, -1.5118 -0.1482 1.3511, -1.4409 -0.1482 1.3511, -1.4409 -0.2238 1.302, -1.5118 -0.2238 1.302, -1.4409 -0.2318 1.2981, -1.5118 -0.2318 1.2981, -1.4409 -0.2404 1.296, -1.5118 -0.2404 1.296, -1.4409 -0.2493 1.2959, -1.5118 -0.2493 1.2959, -1.4409 -0.258 1.2978, -1.5118 -0.258 1.2978, -1.4409 -0.266 1.3016, -1.5118 -0.266 1.3016, -1.4409 -0.3476 1.3523, -1.5118 -0.3476 1.3523, -1.5118 -0.3671 1.3621, -1.4409 -0.3671 1.3621, -1.5118 -0.3882 1.3681, -1.4409 -0.3882 1.3681, -1.6378 -0.526 1.3701, -1.6378 -0.4099 1.3701, -1.7087 -0.526 1.3701, -1.7087 -0.4099 1.3701, -1.6378 -0.526 1.3307, -1.7087 -0.526 1.3307, -1.6378 -0.4099 1.3307, -1.7087 -0.4099 1.3307, -1.6378 -0.3954 1.3294, -1.7087 -0.3954 1.3294, -1.6378 -0.3814 1.3254, -1.7087 -0.3814 1.3254, -1.6378 -0.3684 1.3188, -1.7087 -0.3684 1.3188, -1.6378 -0.2868 1.2682, -1.7087 -0.2868 1.2682, -1.7087 -0.2707 1.2606, -1.6378 -0.2707 1.2606, -1.7087 -0.2534 1.2567, -1.6378 -0.2534 1.2567, -1.7087 -0.2356 1.2569, -1.6378 -0.2356 1.2569, -1.7087 -0.2183 1.2611, -1.6378 -0.2183 1.2611, -1.7087 -0.2024 1.269, -1.6378 -0.2024 1.269, -1.6378 -0.1267 1.318, -1.7087 -0.1267 1.318, -1.6378 -0.1134 1.325, -1.7087 -0.1134 1.325, -1.6378 -0.0989 1.3293, -1.7087 -0.0989 1.3293, -1.6378 -0.0839 1.3307, -1.7087 -0.0839 1.3307, -1.6378 1.1516 1.3307, -1.7087 1.1516 1.3307, -1.6378 1.1691 1.3287, -1.7087 1.1691 1.3287, -1.6378 1.1857 1.3229, -1.7087 1.1857 1.3229, -1.6378 1.2007 1.3135, -1.7087 1.2007 1.3135, -1.6378 1.2131 1.3011, -1.7087 1.2131 1.3011, -1.6378 1.2225 1.2861, -1.7087 1.2225 1.2861, -1.6378 1.2283 1.2695, -1.7087 1.2283 1.2695, -1.6378 1.2303 1.252, -1.7087 1.2303 1.252, -1.6378 1.2303 0.1102, -1.7087 1.2303 0.1102, -1.7087 1.2323 0.0927, -1.6378 1.2323 0.0927, -1.7087 1.2381 0.0761, -1.6378 1.2381 0.0761, -1.7087 1.2475 0.0611, -1.6378 1.2475 0.0611, -1.7087 1.26 0.0487, -1.6378 1.26 0.0487, -1.7087 1.2749 0.0393, -1.6378 1.2749 0.0393, -1.7087 1.2915 0.0335, -1.6378 1.2915 0.0335, -1.7087 1.3091 0.0315, -1.6378 1.3091 0.0315, -1.6378 1.624 0.0315, -1.7087 1.624 0.0315, -1.6378 1.624 0.0709, -1.7087 1.624 0.0709, -1.6378 1.3091 0.0709, -1.7087 1.3091 0.0709, -1.6378 1.3003 0.0719, -1.7087 1.3003 0.0719, -1.6378 1.292 0.0748, -1.7087 1.292 0.0748, -1.6378 1.2845 0.0795, -1.7087 1.2845 0.0795, -1.6378 1.2783 0.0857, -1.7087 1.2783 0.0857, -1.6378 1.2736 0.0932, -1.7087 1.2736 0.0932, -1.6378 1.2707 0.1015, -1.7087 1.2707 0.1015, -1.6378 1.2697 0.1102, -1.7087 1.2697 0.1102, -1.6378 1.2697 1.252, -1.7087 1.2697 1.252, -1.7087 1.2667 1.2783, -1.6378 1.2667 1.2783, -1.7087 1.258 1.3032, -1.6378 1.258 1.3032, -1.7087 1.2439 1.3256, -1.6378 1.2439 1.3256, -1.7087 1.2252 1.3443, -1.6378 1.2252 1.3443, -1.7087 1.2028 1.3584, -1.6378 1.2028 1.3584, -1.7087 1.1779 1.3671, -1.6378 1.1779 1.3671, -1.7087 1.1516 1.3701, -1.6378 1.1516 1.3701, -1.6378 -0.0839 1.3701, -1.7087 -0.0839 1.3701, -1.7087 -0.1064 1.3679, -1.6378 -0.1064 1.3679, -1.7087 -0.1281 1.3615, -1.6378 -0.1281 1.3615, -1.7087 -0.1482 1.3511, -1.6378 -0.1482 1.3511, -1.6378 -0.2238 1.302, -1.7087 -0.2238 1.302, -1.6378 -0.2318 1.2981, -1.7087 -0.2318 1.2981, -1.6378 -0.2404 1.296, -1.7087 -0.2404 1.296, -1.6378 -0.2493 1.2959, -1.7087 -0.2493 1.2959, -1.6378 -0.258 1.2978, -1.7087 -0.258 1.2978, -1.6378 -0.266 1.3016, -1.7087 -0.266 1.3016, -1.6378 -0.3476 1.3523, -1.7087 -0.3476 1.3523, -1.7087 -0.3671 1.3621, -1.6378 -0.3671 1.3621, -1.7087 -0.3882 1.3681, -1.6378 -0.3882 1.3681, -1.8346 -0.526 1.3701, -1.8346 -0.4099 1.3701, -1.9055 -0.526 1.3701, -1.9055 -0.4099 1.3701, -1.8346 -0.526 1.3307, -1.9055 -0.526 1.3307, -1.8346 -0.4099 1.3307, -1.9055 -0.4099 1.3307, -1.8346 -0.3954 1.3294, -1.9055 -0.3954 1.3294, -1.8346 -0.3814 1.3254, -1.9055 -0.3814 1.3254, -1.8346 -0.3684 1.3188, -1.9055 -0.3684 1.3188, -1.8346 -0.2868 1.2682, -1.9055 -0.2868 1.2682, -1.9055 -0.2707 1.2606, -1.8346 -0.2707 1.2606, -1.9055 -0.2534 1.2567, -1.8346 -0.2534 1.2567, -1.9055 -0.2356 1.2569, -1.8346 -0.2356 1.2569, -1.9055 -0.2183 1.2611, -1.8346 -0.2183 1.2611, -1.9055 -0.2024 1.269, -1.8346 -0.2024 1.269, -1.8346 -0.1267 1.318, -1.9055 -0.1267 1.318, -1.8346 -0.1134 1.325, -1.9055 -0.1134 1.325, -1.8346 -0.0989 1.3293, -1.9055 -0.0989 1.3293, -1.8346 -0.0839 1.3307, -1.9055 -0.0839 1.3307, -1.8346 1.1516 1.3307, -1.9055 1.1516 1.3307, -1.8346 1.1691 1.3287, -1.9055 1.1691 1.3287, -1.8346 1.1857 1.3229, -1.9055 1.1857 1.3229, -1.8346 1.2007 1.3135, -1.9055 1.2007 1.3135, -1.8346 1.2131 1.3011, -1.9055 1.2131 1.3011, -1.8346 1.2225 1.2861, -1.9055 1.2225 1.2861, -1.8346 1.2283 1.2695, -1.9055 1.2283 1.2695, -1.8346 1.2303 1.252, -1.9055 1.2303 1.252, -1.8346 1.2303 0.1102, -1.9055 1.2303 0.1102, -1.9055 1.2323 0.0927, -1.8346 1.2323 0.0927, -1.9055 1.2381 0.0761, -1.8346 1.2381 0.0761, -1.9055 1.2475 0.0611, -1.8346 1.2475 0.0611, -1.9055 1.26 0.0487, -1.8346 1.26 0.0487, -1.9055 1.2749 0.0393, -1.8346 1.2749 0.0393, -1.9055 1.2915 0.0335, -1.8346 1.2915 0.0335, -1.9055 1.3091 0.0315, -1.8346 1.3091 0.0315, -1.8346 1.624 0.0315, -1.9055 1.624 0.0315, -1.8346 1.624 0.0709, -1.9055 1.624 0.0709, -1.8346 1.3091 0.0709, -1.9055 1.3091 0.0709, -1.8346 1.3003 0.0719, -1.9055 1.3003 0.0719, -1.8346 1.292 0.0748, -1.9055 1.292 0.0748, -1.8346 1.2845 0.0795, -1.9055 1.2845 0.0795, -1.8346 1.2783 0.0857, -1.9055 1.2783 0.0857, -1.8346 1.2736 0.0932, -1.9055 1.2736 0.0932, -1.8346 1.2707 0.1015, -1.9055 1.2707 0.1015, -1.8346 1.2697 0.1102, -1.9055 1.2697 0.1102, -1.8346 1.2697 1.252, -1.9055 1.2697 1.252, -1.9055 1.2667 1.2783, -1.8346 1.2667 1.2783, -1.9055 1.258 1.3032, -1.8346 1.258 1.3032, -1.9055 1.2439 1.3256, -1.8346 1.2439 1.3256, -1.9055 1.2252 1.3443, -1.8346 1.2252 1.3443, -1.9055 1.2028 1.3584, -1.8346 1.2028 1.3584, -1.9055 1.1779 1.3671, -1.8346 1.1779 1.3671, -1.9055 1.1516 1.3701, -1.8346 1.1516 1.3701, -1.8346 -0.0839 1.3701, -1.9055 -0.0839 1.3701, -1.9055 -0.1064 1.3679, -1.8346 -0.1064 1.3679, -1.9055 -0.1281 1.3615, -1.8346 -0.1281 1.3615, -1.9055 -0.1482 1.3511, -1.8346 -0.1482 1.3511, -1.8346 -0.2238 1.302, -1.9055 -0.2238 1.302, -1.8346 -0.2318 1.2981, -1.9055 -0.2318 1.2981, -1.8346 -0.2404 1.296, -1.9055 -0.2404 1.296, -1.8346 -0.2493 1.2959, -1.9055 -0.2493 1.2959, -1.8346 -0.258 1.2978, -1.9055 -0.258 1.2978, -1.8346 -0.266 1.3016, -1.9055 -0.266 1.3016, -1.8346 -0.3476 1.3523, -1.9055 -0.3476 1.3523, -1.9055 -0.3671 1.3621, -1.8346 -0.3671 1.3621, -1.9055 -0.3882 1.3681, -1.8346 -0.3882 1.3681, -2.0315 -0.526 1.3701, -2.0315 -0.4099 1.3701, -2.1024 -0.526 1.3701, -2.1024 -0.4099 1.3701, -2.0315 -0.526 1.3307, -2.1024 -0.526 1.3307, -2.0315 -0.4099 1.3307, -2.1024 -0.4099 1.3307, -2.0315 -0.3954 1.3294, -2.1024 -0.3954 1.3294, -2.0315 -0.3814 1.3254, -2.1024 -0.3814 1.3254, -2.0315 -0.3684 1.3188, -2.1024 -0.3684 1.3188, -2.0315 -0.2868 1.2682, -2.1024 -0.2868 1.2682, -2.1024 -0.2707 1.2606, -2.0315 -0.2707 1.2606, -2.1024 -0.2534 1.2567, -2.0315 -0.2534 1.2567, -2.1024 -0.2356 1.2569, -2.0315 -0.2356 1.2569, -2.1024 -0.2183 1.2611, -2.0315 -0.2183 1.2611, -2.1024 -0.2024 1.269, -2.0315 -0.2024 1.269, -2.0315 -0.1267 1.318, -2.1024 -0.1267 1.318, -2.0315 -0.1134 1.325, -2.1024 -0.1134 1.325, -2.0315 -0.0989 1.3293, -2.1024 -0.0989 1.3293, -2.0315 -0.0839 1.3307, -2.1024 -0.0839 1.3307, -2.0315 1.1516 1.3307, -2.1024 1.1516 1.3307, -2.0315 1.1691 1.3287, -2.1024 1.1691 1.3287, -2.0315 1.1857 1.3229, -2.1024 1.1857 1.3229, -2.0315 1.2007 1.3135, -2.1024 1.2007 1.3135, -2.0315 1.2131 1.3011, -2.1024 1.2131 1.3011, -2.0315 1.2225 1.2861, -2.1024 1.2225 1.2861, -2.0315 1.2283 1.2695, -2.1024 1.2283 1.2695, -2.0315 1.2303 1.252, -2.1024 1.2303 1.252, -2.0315 1.2303 0.1102, -2.1024 1.2303 0.1102, -2.1024 1.2323 0.0927, -2.0315 1.2323 0.0927, -2.1024 1.2381 0.0761, -2.0315 1.2381 0.0761, -2.1024 1.2475 0.0611, -2.0315 1.2475 0.0611, -2.1024 1.26 0.0487, -2.0315 1.26 0.0487, -2.1024 1.2749 0.0393, -2.0315 1.2749 0.0393, -2.1024 1.2915 0.0335, -2.0315 1.2915 0.0335, -2.1024 1.3091 0.0315, -2.0315 1.3091 0.0315, -2.0315 1.624 0.0315, -2.1024 1.624 0.0315, -2.0315 1.624 0.0709, -2.1024 1.624 0.0709, -2.0315 1.3091 0.0709, -2.1024 1.3091 0.0709, -2.0315 1.3003 0.0719, -2.1024 1.3003 0.0719, -2.0315 1.292 0.0748, -2.1024 1.292 0.0748, -2.0315 1.2845 0.0795, -2.1024 1.2845 0.0795, -2.0315 1.2783 0.0857, -2.1024 1.2783 0.0857, -2.0315 1.2736 0.0932, -2.1024 1.2736 0.0932, -2.0315 1.2707 0.1015, -2.1024 1.2707 0.1015, -2.0315 1.2697 0.1102, -2.1024 1.2697 0.1102, -2.0315 1.2697 1.252, -2.1024 1.2697 1.252, -2.1024 1.2667 1.2783, -2.0315 1.2667 1.2783, -2.1024 1.258 1.3032, -2.0315 1.258 1.3032, -2.1024 1.2439 1.3256, -2.0315 1.2439 1.3256, -2.1024 1.2252 1.3443, -2.0315 1.2252 1.3443, -2.1024 1.2028 1.3584, -2.0315 1.2028 1.3584, -2.1024 1.1779 1.3671, -2.0315 1.1779 1.3671, -2.1024 1.1516 1.3701, -2.0315 1.1516 1.3701, -2.0315 -0.0839 1.3701, -2.1024 -0.0839 1.3701, -2.1024 -0.1064 1.3679, -2.0315 -0.1064 1.3679, -2.1024 -0.1281 1.3615, -2.0315 -0.1281 1.3615, -2.1024 -0.1482 1.3511, -2.0315 -0.1482 1.3511, -2.0315 -0.2238 1.302, -2.1024 -0.2238 1.302, -2.0315 -0.2318 1.2981, -2.1024 -0.2318 1.2981, -2.0315 -0.2404 1.296, -2.1024 -0.2404 1.296, -2.0315 -0.2493 1.2959, -2.1024 -0.2493 1.2959, -2.0315 -0.258 1.2978, -2.1024 -0.258 1.2978, -2.0315 -0.266 1.3016, -2.1024 -0.266 1.3016, -2.0315 -0.3476 1.3523, -2.1024 -0.3476 1.3523, -2.1024 -0.3671 1.3621, -2.0315 -0.3671 1.3621, -2.1024 -0.3882 1.3681, -2.0315 -0.3882 1.3681, -2.2283 -0.526 1.3701, -2.2283 -0.4099 1.3701, -2.2992 -0.526 1.3701, -2.2992 -0.4099 1.3701, -2.2283 -0.526 1.3307, -2.2992 -0.526 1.3307, -2.2283 -0.4099 1.3307, -2.2992 -0.4099 1.3307, -2.2283 -0.3954 1.3294, -2.2992 -0.3954 1.3294, -2.2283 -0.3814 1.3254, -2.2992 -0.3814 1.3254, -2.2283 -0.3684 1.3188, -2.2992 -0.3684 1.3188, -2.2283 -0.2868 1.2682, -2.2992 -0.2868 1.2682, -2.2992 -0.2707 1.2606, -2.2283 -0.2707 1.2606, -2.2992 -0.2534 1.2567, -2.2283 -0.2534 1.2567, -2.2992 -0.2356 1.2569, -2.2283 -0.2356 1.2569, -2.2992 -0.2183 1.2611, -2.2283 -0.2183 1.2611, -2.2992 -0.2024 1.269, -2.2283 -0.2024 1.269, -2.2283 -0.1267 1.318, -2.2992 -0.1267 1.318, -2.2283 -0.1134 1.325, -2.2992 -0.1134 1.325, -2.2283 -0.0989 1.3293, -2.2992 -0.0989 1.3293, -2.2283 -0.0839 1.3307, -2.2992 -0.0839 1.3307, -2.2283 1.1516 1.3307, -2.2992 1.1516 1.3307, -2.2283 1.1691 1.3287, -2.2992 1.1691 1.3287, -2.2283 1.1857 1.3229, -2.2992 1.1857 1.3229, -2.2283 1.2007 1.3135, -2.2992 1.2007 1.3135, -2.2283 1.2131 1.3011, -2.2992 1.2131 1.3011, -2.2283 1.2225 1.2861, -2.2992 1.2225 1.2861, -2.2283 1.2283 1.2695, -2.2992 1.2283 1.2695, -2.2283 1.2303 1.252, -2.2992 1.2303 1.252, -2.2283 1.2303 0.1102, -2.2992 1.2303 0.1102, -2.2992 1.2323 0.0927, -2.2283 1.2323 0.0927, -2.2992 1.2381 0.0761, -2.2283 1.2381 0.0761, -2.2992 1.2475 0.0611, -2.2283 1.2475 0.0611, -2.2992 1.26 0.0487, -2.2283 1.26 0.0487, -2.2992 1.2749 0.0393, -2.2283 1.2749 0.0393, -2.2992 1.2915 0.0335, -2.2283 1.2915 0.0335, -2.2992 1.3091 0.0315, -2.2283 1.3091 0.0315, -2.2283 1.624 0.0315, -2.2992 1.624 0.0315, -2.2283 1.624 0.0709, -2.2992 1.624 0.0709, -2.2283 1.3091 0.0709, -2.2992 1.3091 0.0709, -2.2283 1.3003 0.0719, -2.2992 1.3003 0.0719, -2.2283 1.292 0.0748, -2.2992 1.292 0.0748, -2.2283 1.2845 0.0795, -2.2992 1.2845 0.0795, -2.2283 1.2783 0.0857, -2.2992 1.2783 0.0857, -2.2283 1.2736 0.0932, -2.2992 1.2736 0.0932, -2.2283 1.2707 0.1015, -2.2992 1.2707 0.1015, -2.2283 1.2697 0.1102, -2.2992 1.2697 0.1102, -2.2283 1.2697 1.252, -2.2992 1.2697 1.252, -2.2992 1.2667 1.2783, -2.2283 1.2667 1.2783, -2.2992 1.258 1.3032, -2.2283 1.258 1.3032, -2.2992 1.2439 1.3256, -2.2283 1.2439 1.3256, -2.2992 1.2252 1.3443, -2.2283 1.2252 1.3443, -2.2992 1.2028 1.3584, -2.2283 1.2028 1.3584, -2.2992 1.1779 1.3671, -2.2283 1.1779 1.3671, -2.2992 1.1516 1.3701, -2.2283 1.1516 1.3701, -2.2283 -0.0839 1.3701, -2.2992 -0.0839 1.3701, -2.2992 -0.1064 1.3679, -2.2283 -0.1064 1.3679, -2.2992 -0.1281 1.3615, -2.2283 -0.1281 1.3615, -2.2992 -0.1482 1.3511, -2.2283 -0.1482 1.3511, -2.2283 -0.2238 1.302, -2.2992 -0.2238 1.302, -2.2283 -0.2318 1.2981, -2.2992 -0.2318 1.2981, -2.2283 -0.2404 1.296, -2.2992 -0.2404 1.296, -2.2283 -0.2493 1.2959, -2.2992 -0.2493 1.2959, -2.2283 -0.258 1.2978, -2.2992 -0.258 1.2978, -2.2283 -0.266 1.3016, -2.2992 -0.266 1.3016, -2.2283 -0.3476 1.3523, -2.2992 -0.3476 1.3523, -2.2992 -0.3671 1.3621, -2.2283 -0.3671 1.3621, -2.2992 -0.3882 1.3681, -2.2283 -0.3882 1.3681, -2.4252 -0.526 1.3701, -2.4252 -0.4099 1.3701, -2.4961 -0.526 1.3701, -2.4961 -0.4099 1.3701, -2.4252 -0.526 1.3307, -2.4961 -0.526 1.3307, -2.4252 -0.4099 1.3307, -2.4961 -0.4099 1.3307, -2.4252 -0.3954 1.3294, -2.4961 -0.3954 1.3294, -2.4252 -0.3814 1.3254, -2.4961 -0.3814 1.3254, -2.4252 -0.3684 1.3188, -2.4961 -0.3684 1.3188, -2.4252 -0.2868 1.2682, -2.4961 -0.2868 1.2682, -2.4961 -0.2707 1.2606, -2.4252 -0.2707 1.2606, -2.4961 -0.2534 1.2567, -2.4252 -0.2534 1.2567, -2.4961 -0.2356 1.2569, -2.4252 -0.2356 1.2569, -2.4961 -0.2183 1.2611, -2.4252 -0.2183 1.2611, -2.4961 -0.2024 1.269, -2.4252 -0.2024 1.269, -2.4252 -0.1267 1.318, -2.4961 -0.1267 1.318, -2.4252 -0.1134 1.325, -2.4961 -0.1134 1.325, -2.4252 -0.0989 1.3293, -2.4961 -0.0989 1.3293, -2.4252 -0.0839 1.3307, -2.4961 -0.0839 1.3307, -2.4252 1.1516 1.3307, -2.4961 1.1516 1.3307, -2.4252 1.1691 1.3287, -2.4961 1.1691 1.3287, -2.4252 1.1857 1.3229, -2.4961 1.1857 1.3229, -2.4252 1.2007 1.3135, -2.4961 1.2007 1.3135, -2.4252 1.2131 1.3011, -2.4961 1.2131 1.3011, -2.4252 1.2225 1.2861, -2.4961 1.2225 1.2861, -2.4252 1.2283 1.2695, -2.4961 1.2283 1.2695, -2.4252 1.2303 1.252, -2.4961 1.2303 1.252, -2.4252 1.2303 0.1102, -2.4961 1.2303 0.1102, -2.4961 1.2323 0.0927, -2.4252 1.2323 0.0927, -2.4961 1.2381 0.0761, -2.4252 1.2381 0.0761, -2.4961 1.2475 0.0611, -2.4252 1.2475 0.0611, -2.4961 1.26 0.0487, -2.4252 1.26 0.0487, -2.4961 1.2749 0.0393, -2.4252 1.2749 0.0393, -2.4961 1.2915 0.0335, -2.4252 1.2915 0.0335, -2.4961 1.3091 0.0315, -2.4252 1.3091 0.0315, -2.4252 1.624 0.0315, -2.4961 1.624 0.0315, -2.4252 1.624 0.0709, -2.4961 1.624 0.0709, -2.4252 1.3091 0.0709, -2.4961 1.3091 0.0709, -2.4252 1.3003 0.0719, -2.4961 1.3003 0.0719, -2.4252 1.292 0.0748, -2.4961 1.292 0.0748, -2.4252 1.2845 0.0795, -2.4961 1.2845 0.0795, -2.4252 1.2783 0.0857, -2.4961 1.2783 0.0857, -2.4252 1.2736 0.0932, -2.4961 1.2736 0.0932, -2.4252 1.2707 0.1015, -2.4961 1.2707 0.1015, -2.4252 1.2697 0.1102, -2.4961 1.2697 0.1102, -2.4252 1.2697 1.252, -2.4961 1.2697 1.252, -2.4961 1.2667 1.2783, -2.4252 1.2667 1.2783, -2.4961 1.258 1.3032, -2.4252 1.258 1.3032, -2.4961 1.2439 1.3256, -2.4252 1.2439 1.3256, -2.4961 1.2252 1.3443, -2.4252 1.2252 1.3443, -2.4961 1.2028 1.3584, -2.4252 1.2028 1.3584, -2.4961 1.1779 1.3671, -2.4252 1.1779 1.3671, -2.4961 1.1516 1.3701, -2.4252 1.1516 1.3701, -2.4252 -0.0839 1.3701, -2.4961 -0.0839 1.3701, -2.4961 -0.1064 1.3679, -2.4252 -0.1064 1.3679, -2.4961 -0.1281 1.3615, -2.4252 -0.1281 1.3615, -2.4961 -0.1482 1.3511, -2.4252 -0.1482 1.3511, -2.4252 -0.2238 1.302, -2.4961 -0.2238 1.302, -2.4252 -0.2318 1.2981, -2.4961 -0.2318 1.2981, -2.4252 -0.2404 1.296, -2.4961 -0.2404 1.296, -2.4252 -0.2493 1.2959, -2.4961 -0.2493 1.2959, -2.4252 -0.258 1.2978, -2.4961 -0.258 1.2978, -2.4252 -0.266 1.3016, -2.4961 -0.266 1.3016, -2.4252 -0.3476 1.3523, -2.4961 -0.3476 1.3523, -2.4961 -0.3671 1.3621, -2.4252 -0.3671 1.3621, -2.4961 -0.3882 1.3681, -2.4252 -0.3882 1.3681, -2.622 -0.526 1.3701, -2.622 -0.4099 1.3701, -2.6929 -0.526 1.3701, -2.6929 -0.4099 1.3701, -2.622 -0.526 1.3307, -2.6929 -0.526 1.3307, -2.622 -0.4099 1.3307, -2.6929 -0.4099 1.3307, -2.622 -0.3954 1.3294, -2.6929 -0.3954 1.3294, -2.622 -0.3814 1.3254, -2.6929 -0.3814 1.3254, -2.622 -0.3684 1.3188, -2.6929 -0.3684 1.3188, -2.622 -0.2868 1.2682, -2.6929 -0.2868 1.2682, -2.6929 -0.2707 1.2606, -2.622 -0.2707 1.2606, -2.6929 -0.2534 1.2567, -2.622 -0.2534 1.2567, -2.6929 -0.2356 1.2569, -2.622 -0.2356 1.2569, -2.6929 -0.2183 1.2611, -2.622 -0.2183 1.2611, -2.6929 -0.2024 1.269, -2.622 -0.2024 1.269, -2.622 -0.1267 1.318, -2.6929 -0.1267 1.318, -2.622 -0.1134 1.325, -2.6929 -0.1134 1.325, -2.622 -0.0989 1.3293, -2.6929 -0.0989 1.3293, -2.622 -0.0839 1.3307, -2.6929 -0.0839 1.3307, -2.622 1.1516 1.3307, -2.6929 1.1516 1.3307, -2.622 1.1691 1.3287, -2.6929 1.1691 1.3287, -2.622 1.1857 1.3229, -2.6929 1.1857 1.3229, -2.622 1.2007 1.3135, -2.6929 1.2007 1.3135, -2.622 1.2131 1.3011, -2.6929 1.2131 1.3011, -2.622 1.2225 1.2861, -2.6929 1.2225 1.2861, -2.622 1.2283 1.2695, -2.6929 1.2283 1.2695, -2.622 1.2303 1.252, -2.6929 1.2303 1.252, -2.622 1.2303 0.1102, -2.6929 1.2303 0.1102, -2.6929 1.2323 0.0927, -2.622 1.2323 0.0927, -2.6929 1.2381 0.0761, -2.622 1.2381 0.0761, -2.6929 1.2475 0.0611, -2.622 1.2475 0.0611, -2.6929 1.26 0.0487, -2.622 1.26 0.0487, -2.6929 1.2749 0.0393, -2.622 1.2749 0.0393, -2.6929 1.2915 0.0335, -2.622 1.2915 0.0335, -2.6929 1.3091 0.0315, -2.622 1.3091 0.0315, -2.622 1.624 0.0315, -2.6929 1.624 0.0315, -2.622 1.624 0.0709, -2.6929 1.624 0.0709, -2.622 1.3091 0.0709, -2.6929 1.3091 0.0709, -2.622 1.3003 0.0719, -2.6929 1.3003 0.0719, -2.622 1.292 0.0748, -2.6929 1.292 0.0748, -2.622 1.2845 0.0795, -2.6929 1.2845 0.0795, -2.622 1.2783 0.0857, -2.6929 1.2783 0.0857, -2.622 1.2736 0.0932, -2.6929 1.2736 0.0932, -2.622 1.2707 0.1015, -2.6929 1.2707 0.1015, -2.622 1.2697 0.1102, -2.6929 1.2697 0.1102, -2.622 1.2697 1.252, -2.6929 1.2697 1.252, -2.6929 1.2667 1.2783, -2.622 1.2667 1.2783, -2.6929 1.258 1.3032, -2.622 1.258 1.3032, -2.6929 1.2439 1.3256, -2.622 1.2439 1.3256, -2.6929 1.2252 1.3443, -2.622 1.2252 1.3443, -2.6929 1.2028 1.3584, -2.622 1.2028 1.3584, -2.6929 1.1779 1.3671, -2.622 1.1779 1.3671, -2.6929 1.1516 1.3701, -2.622 1.1516 1.3701, -2.622 -0.0839 1.3701, -2.6929 -0.0839 1.3701, -2.6929 -0.1064 1.3679, -2.622 -0.1064 1.3679, -2.6929 -0.1281 1.3615, -2.622 -0.1281 1.3615, -2.6929 -0.1482 1.3511, -2.622 -0.1482 1.3511, -2.622 -0.2238 1.302, -2.6929 -0.2238 1.302, -2.622 -0.2318 1.2981, -2.6929 -0.2318 1.2981, -2.622 -0.2404 1.296, -2.6929 -0.2404 1.296, -2.622 -0.2493 1.2959, -2.6929 -0.2493 1.2959, -2.622 -0.258 1.2978, -2.6929 -0.258 1.2978, -2.622 -0.266 1.3016, -2.6929 -0.266 1.3016, -2.622 -0.3476 1.3523, -2.6929 -0.3476 1.3523, -2.6929 -0.3671 1.3621, -2.622 -0.3671 1.3621, -2.6929 -0.3882 1.3681, -2.622 -0.3882 1.3681, -2.8189 -0.526 1.3701, -2.8189 -0.4099 1.3701, -2.8898 -0.526 1.3701, -2.8898 -0.4099 1.3701, -2.8189 -0.526 1.3307, -2.8898 -0.526 1.3307, -2.8189 -0.4099 1.3307, -2.8898 -0.4099 1.3307, -2.8189 -0.3954 1.3294, -2.8898 -0.3954 1.3294, -2.8189 -0.3814 1.3254, -2.8898 -0.3814 1.3254, -2.8189 -0.3684 1.3188, -2.8898 -0.3684 1.3188, -2.8189 -0.2868 1.2682, -2.8898 -0.2868 1.2682, -2.8898 -0.2707 1.2606, -2.8189 -0.2707 1.2606, -2.8898 -0.2534 1.2567, -2.8189 -0.2534 1.2567, -2.8898 -0.2356 1.2569, -2.8189 -0.2356 1.2569, -2.8898 -0.2183 1.2611, -2.8189 -0.2183 1.2611, -2.8898 -0.2024 1.269, -2.8189 -0.2024 1.269, -2.8189 -0.1267 1.318, -2.8898 -0.1267 1.318, -2.8189 -0.1134 1.325, -2.8898 -0.1134 1.325, -2.8189 -0.0989 1.3293, -2.8898 -0.0989 1.3293, -2.8189 -0.0839 1.3307, -2.8898 -0.0839 1.3307, -2.8189 1.1516 1.3307, -2.8898 1.1516 1.3307, -2.8189 1.1691 1.3287, -2.8898 1.1691 1.3287, -2.8189 1.1857 1.3229, -2.8898 1.1857 1.3229, -2.8189 1.2007 1.3135, -2.8898 1.2007 1.3135, -2.8189 1.2131 1.3011, -2.8898 1.2131 1.3011, -2.8189 1.2225 1.2861, -2.8898 1.2225 1.2861, -2.8189 1.2283 1.2695, -2.8898 1.2283 1.2695, -2.8189 1.2303 1.252, -2.8898 1.2303 1.252, -2.8189 1.2303 0.1102, -2.8898 1.2303 0.1102, -2.8898 1.2323 0.0927, -2.8189 1.2323 0.0927, -2.8898 1.2381 0.0761, -2.8189 1.2381 0.0761, -2.8898 1.2475 0.0611, -2.8189 1.2475 0.0611, -2.8898 1.26 0.0487, -2.8189 1.26 0.0487, -2.8898 1.2749 0.0393, -2.8189 1.2749 0.0393, -2.8898 1.2915 0.0335, -2.8189 1.2915 0.0335, -2.8898 1.3091 0.0315, -2.8189 1.3091 0.0315, -2.8189 1.624 0.0315, -2.8898 1.624 0.0315, -2.8189 1.624 0.0709, -2.8898 1.624 0.0709, -2.8189 1.3091 0.0709, -2.8898 1.3091 0.0709, -2.8189 1.3003 0.0719, -2.8898 1.3003 0.0719, -2.8189 1.292 0.0748, -2.8898 1.292 0.0748, -2.8189 1.2845 0.0795, -2.8898 1.2845 0.0795, -2.8189 1.2783 0.0857, -2.8898 1.2783 0.0857, -2.8189 1.2736 0.0932, -2.8898 1.2736 0.0932, -2.8189 1.2707 0.1015, -2.8898 1.2707 0.1015, -2.8189 1.2697 0.1102, -2.8898 1.2697 0.1102, -2.8189 1.2697 1.252, -2.8898 1.2697 1.252, -2.8898 1.2667 1.2783, -2.8189 1.2667 1.2783, -2.8898 1.258 1.3032, -2.8189 1.258 1.3032, -2.8898 1.2439 1.3256, -2.8189 1.2439 1.3256, -2.8898 1.2252 1.3443, -2.8189 1.2252 1.3443, -2.8898 1.2028 1.3584, -2.8189 1.2028 1.3584, -2.8898 1.1779 1.3671, -2.8189 1.1779 1.3671, -2.8898 1.1516 1.3701, -2.8189 1.1516 1.3701, -2.8189 -0.0839 1.3701, -2.8898 -0.0839 1.3701, -2.8898 -0.1064 1.3679, -2.8189 -0.1064 1.3679, -2.8898 -0.1281 1.3615, -2.8189 -0.1281 1.3615, -2.8898 -0.1482 1.3511, -2.8189 -0.1482 1.3511, -2.8189 -0.2238 1.302, -2.8898 -0.2238 1.302, -2.8189 -0.2318 1.2981, -2.8898 -0.2318 1.2981, -2.8189 -0.2404 1.296, -2.8898 -0.2404 1.296, -2.8189 -0.2493 1.2959, -2.8898 -0.2493 1.2959, -2.8189 -0.258 1.2978, -2.8898 -0.258 1.2978, -2.8189 -0.266 1.3016, -2.8898 -0.266 1.3016, -2.8189 -0.3476 1.3523, -2.8898 -0.3476 1.3523, -2.8898 -0.3671 1.3621, -2.8189 -0.3671 1.3621, -2.8898 -0.3882 1.3681, -2.8189 -0.3882 1.3681, -3.0157 -0.526 1.3701, -3.0157 -0.4099 1.3701, -3.0866 -0.526 1.3701, -3.0866 -0.4099 1.3701, -3.0157 -0.526 1.3307, -3.0866 -0.526 1.3307, -3.0157 -0.4099 1.3307, -3.0866 -0.4099 1.3307, -3.0157 -0.3954 1.3294, -3.0866 -0.3954 1.3294, -3.0157 -0.3814 1.3254, -3.0866 -0.3814 1.3254, -3.0157 -0.3684 1.3188, -3.0866 -0.3684 1.3188, -3.0157 -0.2868 1.2682, -3.0866 -0.2868 1.2682, -3.0866 -0.2707 1.2606, -3.0157 -0.2707 1.2606, -3.0866 -0.2534 1.2567, -3.0157 -0.2534 1.2567, -3.0866 -0.2356 1.2569, -3.0157 -0.2356 1.2569, -3.0866 -0.2183 1.2611, -3.0157 -0.2183 1.2611, -3.0866 -0.2024 1.269, -3.0157 -0.2024 1.269, -3.0157 -0.1267 1.318, -3.0866 -0.1267 1.318, -3.0157 -0.1134 1.325, -3.0866 -0.1134 1.325, -3.0157 -0.0989 1.3293, -3.0866 -0.0989 1.3293, -3.0157 -0.0839 1.3307, -3.0866 -0.0839 1.3307, -3.0157 1.1516 1.3307, -3.0866 1.1516 1.3307, -3.0157 1.1691 1.3287, -3.0866 1.1691 1.3287, -3.0157 1.1857 1.3229, -3.0866 1.1857 1.3229, -3.0157 1.2007 1.3135, -3.0866 1.2007 1.3135, -3.0157 1.2131 1.3011, -3.0866 1.2131 1.3011, -3.0157 1.2225 1.2861, -3.0866 1.2225 1.2861, -3.0157 1.2283 1.2695, -3.0866 1.2283 1.2695, -3.0157 1.2303 1.252, -3.0866 1.2303 1.252, -3.0157 1.2303 0.1102, -3.0866 1.2303 0.1102, -3.0866 1.2323 0.0927, -3.0157 1.2323 0.0927, -3.0866 1.2381 0.0761, -3.0157 1.2381 0.0761, -3.0866 1.2475 0.0611, -3.0157 1.2475 0.0611, -3.0866 1.26 0.0487, -3.0157 1.26 0.0487, -3.0866 1.2749 0.0393, -3.0157 1.2749 0.0393, -3.0866 1.2915 0.0335, -3.0157 1.2915 0.0335, -3.0866 1.3091 0.0315, -3.0157 1.3091 0.0315, -3.0157 1.624 0.0315, -3.0866 1.624 0.0315, -3.0157 1.624 0.0709, -3.0866 1.624 0.0709, -3.0157 1.3091 0.0709, -3.0866 1.3091 0.0709, -3.0157 1.3003 0.0719, -3.0866 1.3003 0.0719, -3.0157 1.292 0.0748, -3.0866 1.292 0.0748, -3.0157 1.2845 0.0795, -3.0866 1.2845 0.0795, -3.0157 1.2783 0.0857, -3.0866 1.2783 0.0857, -3.0157 1.2736 0.0932, -3.0866 1.2736 0.0932, -3.0157 1.2707 0.1015, -3.0866 1.2707 0.1015, -3.0157 1.2697 0.1102, -3.0866 1.2697 0.1102, -3.0157 1.2697 1.252, -3.0866 1.2697 1.252, -3.0866 1.2667 1.2783, -3.0157 1.2667 1.2783, -3.0866 1.258 1.3032, -3.0157 1.258 1.3032, -3.0866 1.2439 1.3256, -3.0157 1.2439 1.3256, -3.0866 1.2252 1.3443, -3.0157 1.2252 1.3443, -3.0866 1.2028 1.3584, -3.0157 1.2028 1.3584, -3.0866 1.1779 1.3671, -3.0157 1.1779 1.3671, -3.0866 1.1516 1.3701, -3.0157 1.1516 1.3701, -3.0157 -0.0839 1.3701, -3.0866 -0.0839 1.3701, -3.0866 -0.1064 1.3679, -3.0157 -0.1064 1.3679, -3.0866 -0.1281 1.3615, -3.0157 -0.1281 1.3615, -3.0866 -0.1482 1.3511, -3.0157 -0.1482 1.3511, -3.0157 -0.2238 1.302, -3.0866 -0.2238 1.302, -3.0157 -0.2318 1.2981, -3.0866 -0.2318 1.2981, -3.0157 -0.2404 1.296, -3.0866 -0.2404 1.296, -3.0157 -0.2493 1.2959, -3.0866 -0.2493 1.2959, -3.0157 -0.258 1.2978, -3.0866 -0.258 1.2978, -3.0157 -0.266 1.3016, -3.0866 -0.266 1.3016, -3.0157 -0.3476 1.3523, -3.0866 -0.3476 1.3523, -3.0866 -0.3671 1.3621, -3.0157 -0.3671 1.3621, -3.0866 -0.3882 1.3681, -3.0157 -0.3882 1.3681, -3.2126 -0.526 1.3701, -3.2126 -0.4099 1.3701, -3.2835 -0.526 1.3701, -3.2835 -0.4099 1.3701, -3.2126 -0.526 1.3307, -3.2835 -0.526 1.3307, -3.2126 -0.4099 1.3307, -3.2835 -0.4099 1.3307, -3.2126 -0.3954 1.3294, -3.2835 -0.3954 1.3294, -3.2126 -0.3814 1.3254, -3.2835 -0.3814 1.3254, -3.2126 -0.3684 1.3188, -3.2835 -0.3684 1.3188, -3.2126 -0.2868 1.2682, -3.2835 -0.2868 1.2682, -3.2835 -0.2707 1.2606, -3.2126 -0.2707 1.2606, -3.2835 -0.2534 1.2567, -3.2126 -0.2534 1.2567, -3.2835 -0.2356 1.2569, -3.2126 -0.2356 1.2569, -3.2835 -0.2183 1.2611, -3.2126 -0.2183 1.2611, -3.2835 -0.2024 1.269, -3.2126 -0.2024 1.269, -3.2126 -0.1267 1.318, -3.2835 -0.1267 1.318, -3.2126 -0.1134 1.325, -3.2835 -0.1134 1.325, -3.2126 -0.0989 1.3293, -3.2835 -0.0989 1.3293, -3.2126 -0.0839 1.3307, -3.2835 -0.0839 1.3307, -3.2126 1.1516 1.3307, -3.2835 1.1516 1.3307, -3.2126 1.1691 1.3287, -3.2835 1.1691 1.3287, -3.2126 1.1857 1.3229, -3.2835 1.1857 1.3229, -3.2126 1.2007 1.3135, -3.2835 1.2007 1.3135, -3.2126 1.2131 1.3011, -3.2835 1.2131 1.3011, -3.2126 1.2225 1.2861, -3.2835 1.2225 1.2861, -3.2126 1.2283 1.2695, -3.2835 1.2283 1.2695, -3.2126 1.2303 1.252, -3.2835 1.2303 1.252, -3.2126 1.2303 0.1102, -3.2835 1.2303 0.1102, -3.2835 1.2323 0.0927, -3.2126 1.2323 0.0927, -3.2835 1.2381 0.0761, -3.2126 1.2381 0.0761, -3.2835 1.2475 0.0611, -3.2126 1.2475 0.0611, -3.2835 1.26 0.0487, -3.2126 1.26 0.0487, -3.2835 1.2749 0.0393, -3.2126 1.2749 0.0393, -3.2835 1.2915 0.0335, -3.2126 1.2915 0.0335, -3.2835 1.3091 0.0315, -3.2126 1.3091 0.0315, -3.2126 1.624 0.0315, -3.2835 1.624 0.0315, -3.2126 1.624 0.0709, -3.2835 1.624 0.0709, -3.2126 1.3091 0.0709, -3.2835 1.3091 0.0709, -3.2126 1.3003 0.0719, -3.2835 1.3003 0.0719, -3.2126 1.292 0.0748, -3.2835 1.292 0.0748, -3.2126 1.2845 0.0795, -3.2835 1.2845 0.0795, -3.2126 1.2783 0.0857, -3.2835 1.2783 0.0857, -3.2126 1.2736 0.0932, -3.2835 1.2736 0.0932, -3.2126 1.2707 0.1015, -3.2835 1.2707 0.1015, -3.2126 1.2697 0.1102, -3.2835 1.2697 0.1102, -3.2126 1.2697 1.252, -3.2835 1.2697 1.252, -3.2835 1.2667 1.2783, -3.2126 1.2667 1.2783, -3.2835 1.258 1.3032, -3.2126 1.258 1.3032, -3.2835 1.2439 1.3256, -3.2126 1.2439 1.3256, -3.2835 1.2252 1.3443, -3.2126 1.2252 1.3443, -3.2835 1.2028 1.3584, -3.2126 1.2028 1.3584, -3.2835 1.1779 1.3671, -3.2126 1.1779 1.3671, -3.2835 1.1516 1.3701, -3.2126 1.1516 1.3701, -3.2126 -0.0839 1.3701, -3.2835 -0.0839 1.3701, -3.2835 -0.1064 1.3679, -3.2126 -0.1064 1.3679, -3.2835 -0.1281 1.3615, -3.2126 -0.1281 1.3615, -3.2835 -0.1482 1.3511, -3.2126 -0.1482 1.3511, -3.2126 -0.2238 1.302, -3.2835 -0.2238 1.302, -3.2126 -0.2318 1.2981, -3.2835 -0.2318 1.2981, -3.2126 -0.2404 1.296, -3.2835 -0.2404 1.296, -3.2126 -0.2493 1.2959, -3.2835 -0.2493 1.2959, -3.2126 -0.258 1.2978, -3.2835 -0.258 1.2978, -3.2126 -0.266 1.3016, -3.2835 -0.266 1.3016, -3.2126 -0.3476 1.3523, -3.2835 -0.3476 1.3523, -3.2835 -0.3671 1.3621, -3.2126 -0.3671 1.3621, -3.2835 -0.3882 1.3681, -3.2126 -0.3882 1.3681, -3.4094 -0.526 1.3701, -3.4094 -0.4099 1.3701, -3.4803 -0.526 1.3701, -3.4803 -0.4099 1.3701, -3.4094 -0.526 1.3307, -3.4803 -0.526 1.3307, -3.4094 -0.4099 1.3307, -3.4803 -0.4099 1.3307, -3.4094 -0.3954 1.3294, -3.4803 -0.3954 1.3294, -3.4094 -0.3814 1.3254, -3.4803 -0.3814 1.3254, -3.4094 -0.3684 1.3188, -3.4803 -0.3684 1.3188, -3.4094 -0.2868 1.2682, -3.4803 -0.2868 1.2682, -3.4803 -0.2707 1.2606, -3.4094 -0.2707 1.2606, -3.4803 -0.2534 1.2567, -3.4094 -0.2534 1.2567, -3.4803 -0.2356 1.2569, -3.4094 -0.2356 1.2569, -3.4803 -0.2183 1.2611, -3.4094 -0.2183 1.2611, -3.4803 -0.2024 1.269, -3.4094 -0.2024 1.269, -3.4094 -0.1267 1.318, -3.4803 -0.1267 1.318, -3.4094 -0.1134 1.325, -3.4803 -0.1134 1.325, -3.4094 -0.0989 1.3293, -3.4803 -0.0989 1.3293, -3.4094 -0.0839 1.3307, -3.4803 -0.0839 1.3307, -3.4094 1.1516 1.3307, -3.4803 1.1516 1.3307, -3.4094 1.1691 1.3287, -3.4803 1.1691 1.3287, -3.4094 1.1857 1.3229, -3.4803 1.1857 1.3229, -3.4094 1.2007 1.3135, -3.4803 1.2007 1.3135, -3.4094 1.2131 1.3011, -3.4803 1.2131 1.3011, -3.4094 1.2225 1.2861, -3.4803 1.2225 1.2861, -3.4094 1.2283 1.2695, -3.4803 1.2283 1.2695, -3.4094 1.2303 1.252, -3.4803 1.2303 1.252, -3.4094 1.2303 0.1102, -3.4803 1.2303 0.1102, -3.4803 1.2323 0.0927, -3.4094 1.2323 0.0927, -3.4803 1.2381 0.0761, -3.4094 1.2381 0.0761, -3.4803 1.2475 0.0611, -3.4094 1.2475 0.0611, -3.4803 1.26 0.0487, -3.4094 1.26 0.0487, -3.4803 1.2749 0.0393, -3.4094 1.2749 0.0393, -3.4803 1.2915 0.0335, -3.4094 1.2915 0.0335, -3.4803 1.3091 0.0315, -3.4094 1.3091 0.0315, -3.4094 1.624 0.0315, -3.4803 1.624 0.0315, -3.4094 1.624 0.0709, -3.4803 1.624 0.0709, -3.4094 1.3091 0.0709, -3.4803 1.3091 0.0709, -3.4094 1.3003 0.0719, -3.4803 1.3003 0.0719, -3.4094 1.292 0.0748, -3.4803 1.292 0.0748, -3.4094 1.2845 0.0795, -3.4803 1.2845 0.0795, -3.4094 1.2783 0.0857, -3.4803 1.2783 0.0857, -3.4094 1.2736 0.0932, -3.4803 1.2736 0.0932, -3.4094 1.2707 0.1015, -3.4803 1.2707 0.1015, -3.4094 1.2697 0.1102, -3.4803 1.2697 0.1102, -3.4094 1.2697 1.252, -3.4803 1.2697 1.252, -3.4803 1.2667 1.2783, -3.4094 1.2667 1.2783, -3.4803 1.258 1.3032, -3.4094 1.258 1.3032, -3.4803 1.2439 1.3256, -3.4094 1.2439 1.3256, -3.4803 1.2252 1.3443, -3.4094 1.2252 1.3443, -3.4803 1.2028 1.3584, -3.4094 1.2028 1.3584, -3.4803 1.1779 1.3671, -3.4094 1.1779 1.3671, -3.4803 1.1516 1.3701, -3.4094 1.1516 1.3701, -3.4094 -0.0839 1.3701, -3.4803 -0.0839 1.3701, -3.4803 -0.1064 1.3679, -3.4094 -0.1064 1.3679, -3.4803 -0.1281 1.3615, -3.4094 -0.1281 1.3615, -3.4803 -0.1482 1.3511, -3.4094 -0.1482 1.3511, -3.4094 -0.2238 1.302, -3.4803 -0.2238 1.302, -3.4094 -0.2318 1.2981, -3.4803 -0.2318 1.2981, -3.4094 -0.2404 1.296, -3.4803 -0.2404 1.296, -3.4094 -0.2493 1.2959, -3.4803 -0.2493 1.2959, -3.4094 -0.258 1.2978, -3.4803 -0.258 1.2978, -3.4094 -0.266 1.3016, -3.4803 -0.266 1.3016, -3.4094 -0.3476 1.3523, -3.4803 -0.3476 1.3523, -3.4803 -0.3671 1.3621, -3.4094 -0.3671 1.3621, -3.4803 -0.3882 1.3681, -3.4094 -0.3882 1.3681, -3.6063 -0.526 1.3701, -3.6063 -0.4099 1.3701, -3.6772 -0.526 1.3701, -3.6772 -0.4099 1.3701, -3.6063 -0.526 1.3307, -3.6772 -0.526 1.3307, -3.6063 -0.4099 1.3307, -3.6772 -0.4099 1.3307, -3.6063 -0.3954 1.3294, -3.6772 -0.3954 1.3294, -3.6063 -0.3814 1.3254, -3.6772 -0.3814 1.3254, -3.6063 -0.3684 1.3188, -3.6772 -0.3684 1.3188, -3.6063 -0.2868 1.2682, -3.6772 -0.2868 1.2682, -3.6772 -0.2707 1.2606, -3.6063 -0.2707 1.2606, -3.6772 -0.2534 1.2567, -3.6063 -0.2534 1.2567, -3.6772 -0.2356 1.2569, -3.6063 -0.2356 1.2569, -3.6772 -0.2183 1.2611, -3.6063 -0.2183 1.2611, -3.6772 -0.2024 1.269, -3.6063 -0.2024 1.269, -3.6063 -0.1267 1.318, -3.6772 -0.1267 1.318, -3.6063 -0.1134 1.325, -3.6772 -0.1134 1.325, -3.6063 -0.0989 1.3293, -3.6772 -0.0989 1.3293, -3.6063 -0.0839 1.3307, -3.6772 -0.0839 1.3307, -3.6063 1.1516 1.3307, -3.6772 1.1516 1.3307, -3.6063 1.1691 1.3287, -3.6772 1.1691 1.3287, -3.6063 1.1857 1.3229, -3.6772 1.1857 1.3229, -3.6063 1.2007 1.3135, -3.6772 1.2007 1.3135, -3.6063 1.2131 1.3011, -3.6772 1.2131 1.3011, -3.6063 1.2225 1.2861, -3.6772 1.2225 1.2861, -3.6063 1.2283 1.2695, -3.6772 1.2283 1.2695, -3.6063 1.2303 1.252, -3.6772 1.2303 1.252, -3.6063 1.2303 0.1102, -3.6772 1.2303 0.1102, -3.6772 1.2323 0.0927, -3.6063 1.2323 0.0927, -3.6772 1.2381 0.0761, -3.6063 1.2381 0.0761, -3.6772 1.2475 0.0611, -3.6063 1.2475 0.0611, -3.6772 1.26 0.0487, -3.6063 1.26 0.0487, -3.6772 1.2749 0.0393, -3.6063 1.2749 0.0393, -3.6772 1.2915 0.0335, -3.6063 1.2915 0.0335, -3.6772 1.3091 0.0315, -3.6063 1.3091 0.0315, -3.6063 1.624 0.0315, -3.6772 1.624 0.0315, -3.6063 1.624 0.0709, -3.6772 1.624 0.0709, -3.6063 1.3091 0.0709, -3.6772 1.3091 0.0709, -3.6063 1.3003 0.0719, -3.6772 1.3003 0.0719, -3.6063 1.292 0.0748, -3.6772 1.292 0.0748, -3.6063 1.2845 0.0795, -3.6772 1.2845 0.0795, -3.6063 1.2783 0.0857, -3.6772 1.2783 0.0857, -3.6063 1.2736 0.0932, -3.6772 1.2736 0.0932, -3.6063 1.2707 0.1015, -3.6772 1.2707 0.1015, -3.6063 1.2697 0.1102, -3.6772 1.2697 0.1102, -3.6063 1.2697 1.252, -3.6772 1.2697 1.252, -3.6772 1.2667 1.2783, -3.6063 1.2667 1.2783, -3.6772 1.258 1.3032, -3.6063 1.258 1.3032, -3.6772 1.2439 1.3256, -3.6063 1.2439 1.3256, -3.6772 1.2252 1.3443, -3.6063 1.2252 1.3443, -3.6772 1.2028 1.3584, -3.6063 1.2028 1.3584, -3.6772 1.1779 1.3671, -3.6063 1.1779 1.3671, -3.6772 1.1516 1.3701, -3.6063 1.1516 1.3701, -3.6063 -0.0839 1.3701, -3.6772 -0.0839 1.3701, -3.6772 -0.1064 1.3679, -3.6063 -0.1064 1.3679, -3.6772 -0.1281 1.3615, -3.6063 -0.1281 1.3615, -3.6772 -0.1482 1.3511, -3.6063 -0.1482 1.3511, -3.6063 -0.2238 1.302, -3.6772 -0.2238 1.302, -3.6063 -0.2318 1.2981, -3.6772 -0.2318 1.2981, -3.6063 -0.2404 1.296, -3.6772 -0.2404 1.296, -3.6063 -0.2493 1.2959, -3.6772 -0.2493 1.2959, -3.6063 -0.258 1.2978, -3.6772 -0.258 1.2978, -3.6063 -0.266 1.3016, -3.6772 -0.266 1.3016, -3.6063 -0.3476 1.3523, -3.6772 -0.3476 1.3523, -3.6772 -0.3671 1.3621, -3.6063 -0.3671 1.3621, -3.6772 -0.3882 1.3681, -3.6063 -0.3882 1.3681
            ]
        }
        coordIndex [
            0,1,2,-1,2,1,3,-1,4,0,5,-1,5,0,2,-1,6,4,7,-1,7,4,5,-1,6,7,8,-1,6,8,9,-1,9,8,10,-1,9,10,11,-1,11,10,12,-1,11,12,13,-1,13,12,14,-1,13,14,15,-1,15,14,16,-1,15,16,17,-1,17,16,18,-1,17,18,19,-1,19,18,20,-1,19,20,21,-1,22,21,23,-1,23,21,20,-1,22,23,24,-1,24,23,25,-1,24,25,26,-1,26,25,27,-1,26,27,28,-1,28,27,29,-1,28,29,30,-1,30,29,31,-1,30,31,32,-1,32,31,33,-1,32,33,34,-1,34,33,35,-1,34,35,36,-1,36,35,37,-1,38,36,39,-1,39,36,37,-1,40,38,41,-1,41,38,39,-1,42,40,43,-1,43,40,41,-1,44,42,45,-1,45,42,43,-1,46,44,47,-1,47,44,45,-1,48,46,49,-1,49,46,47,-1,50,48,51,-1,51,48,49,-1,52,50,53,-1,53,50,51,-1,54,52,55,-1,55,52,53,-1,54,55,56,-1,54,56,57,-1,57,56,58,-1,57,58,59,-1,59,58,60,-1,59,60,61,-1,61,60,62,-1,61,62,63,-1,63,62,64,-1,63,64,65,-1,65,64,66,-1,65,66,67,-1,67,66,68,-1,67,68,69,-1,70,69,71,-1,71,69,68,-1,70,71,72,-1,72,71,73,-1,72,73,74,-1,74,73,75,-1,74,75,76,-1,76,75,77,-1,76,77,78,-1,78,77,79,-1,78,79,80,-1,80,79,81,-1,80,81,82,-1,82,81,83,-1,82,83,1,-1,1,83,3,-1,0,4,1,-1,1,4,6,-1,1,6,82,-1,82,6,9,-1,82,9,80,-1,80,9,11,-1,80,11,78,-1,78,11,13,-1,78,13,76,-1,76,13,15,-1,76,15,74,-1,74,15,17,-1,74,17,72,-1,72,17,19,-1,72,19,70,-1,70,19,21,-1,70,21,69,-1,69,21,22,-1,69,22,67,-1,67,22,24,-1,67,24,65,-1,65,24,26,-1,65,26,63,-1,63,26,28,-1,63,28,61,-1,61,28,30,-1,61,30,59,-1,59,30,32,-1,59,32,57,-1,57,32,34,-1,57,34,54,-1,54,34,36,-1,54,36,52,-1,52,36,38,-1,52,38,50,-1,50,38,40,-1,50,40,48,-1,48,40,42,-1,48,42,46,-1,46,42,44,-1,47,45,49,-1,49,45,43,-1,49,43,51,-1,51,43,41,-1,51,41,53,-1,53,41,39,-1,53,39,55,-1,55,39,37,-1,55,37,56,-1,56,37,35,-1,56,35,58,-1,58,35,33,-1,58,33,60,-1,60,33,31,-1,60,31,62,-1,62,31,29,-1,62,29,64,-1,64,29,27,-1,64,27,66,-1,66,27,25,-1,66,25,68,-1,68,25,23,-1,68,23,71,-1,71,23,20,-1,71,20,73,-1,73,20,18,-1,73,18,75,-1,75,18,16,-1,75,16,77,-1,77,16,14,-1,77,14,79,-1,79,14,12,-1,79,12,81,-1,81,12,10,-1,81,10,83,-1,83,10,8,-1,83,8,3,-1,3,8,7,-1,3,7,2,-1,2,7,5,-1,84,85,86,-1,86,85,87,-1,88,84,89,-1,89,84,86,-1,90,88,91,-1,91,88,89,-1,90,91,92,-1,90,92,93,-1,93,92,94,-1,93,94,95,-1,95,94,96,-1,95,96,97,-1,97,96,98,-1,97,98,99,-1,99,98,100,-1,99,100,101,-1,101,100,102,-1,101,102,103,-1,103,102,104,-1,103,104,105,-1,106,105,107,-1,107,105,104,-1,106,107,108,-1,108,107,109,-1,108,109,110,-1,110,109,111,-1,110,111,112,-1,112,111,113,-1,112,113,114,-1,114,113,115,-1,114,115,116,-1,116,115,117,-1,116,117,118,-1,118,117,119,-1,118,119,120,-1,120,119,121,-1,122,120,123,-1,123,120,121,-1,124,122,125,-1,125,122,123,-1,126,124,127,-1,127,124,125,-1,128,126,129,-1,129,126,127,-1,130,128,131,-1,131,128,129,-1,132,130,133,-1,133,130,131,-1,134,132,135,-1,135,132,133,-1,136,134,137,-1,137,134,135,-1,138,136,139,-1,139,136,137,-1,138,139,140,-1,138,140,141,-1,141,140,142,-1,141,142,143,-1,143,142,144,-1,143,144,145,-1,145,144,146,-1,145,146,147,-1,147,146,148,-1,147,148,149,-1,149,148,150,-1,149,150,151,-1,151,150,152,-1,151,152,153,-1,154,153,155,-1,155,153,152,-1,154,155,156,-1,156,155,157,-1,156,157,158,-1,158,157,159,-1,158,159,160,-1,160,159,161,-1,160,161,162,-1,162,161,163,-1,162,163,164,-1,164,163,165,-1,164,165,166,-1,166,165,167,-1,166,167,85,-1,85,167,87,-1,84,88,85,-1,85,88,90,-1,85,90,166,-1,166,90,93,-1,166,93,164,-1,164,93,95,-1,164,95,162,-1,162,95,97,-1,162,97,160,-1,160,97,99,-1,160,99,158,-1,158,99,101,-1,158,101,156,-1,156,101,103,-1,156,103,154,-1,154,103,105,-1,154,105,153,-1,153,105,106,-1,153,106,151,-1,151,106,108,-1,151,108,149,-1,149,108,110,-1,149,110,147,-1,147,110,112,-1,147,112,145,-1,145,112,114,-1,145,114,143,-1,143,114,116,-1,143,116,141,-1,141,116,118,-1,141,118,138,-1,138,118,120,-1,138,120,136,-1,136,120,122,-1,136,122,134,-1,134,122,124,-1,134,124,132,-1,132,124,126,-1,132,126,130,-1,130,126,128,-1,131,129,133,-1,133,129,127,-1,133,127,135,-1,135,127,125,-1,135,125,137,-1,137,125,123,-1,137,123,139,-1,139,123,121,-1,139,121,140,-1,140,121,119,-1,140,119,142,-1,142,119,117,-1,142,117,144,-1,144,117,115,-1,144,115,146,-1,146,115,113,-1,146,113,148,-1,148,113,111,-1,148,111,150,-1,150,111,109,-1,150,109,152,-1,152,109,107,-1,152,107,155,-1,155,107,104,-1,155,104,157,-1,157,104,102,-1,157,102,159,-1,159,102,100,-1,159,100,161,-1,161,100,98,-1,161,98,163,-1,163,98,96,-1,163,96,165,-1,165,96,94,-1,165,94,167,-1,167,94,92,-1,167,92,87,-1,87,92,91,-1,87,91,86,-1,86,91,89,-1,168,169,170,-1,170,169,171,-1,172,168,173,-1,173,168,170,-1,174,172,175,-1,175,172,173,-1,174,175,176,-1,174,176,177,-1,177,176,178,-1,177,178,179,-1,179,178,180,-1,179,180,181,-1,181,180,182,-1,181,182,183,-1,183,182,184,-1,183,184,185,-1,185,184,186,-1,185,186,187,-1,187,186,188,-1,187,188,189,-1,190,189,191,-1,191,189,188,-1,190,191,192,-1,192,191,193,-1,192,193,194,-1,194,193,195,-1,194,195,196,-1,196,195,197,-1,196,197,198,-1,198,197,199,-1,198,199,200,-1,200,199,201,-1,200,201,202,-1,202,201,203,-1,202,203,204,-1,204,203,205,-1,206,204,207,-1,207,204,205,-1,208,206,209,-1,209,206,207,-1,210,208,211,-1,211,208,209,-1,212,210,213,-1,213,210,211,-1,214,212,215,-1,215,212,213,-1,216,214,217,-1,217,214,215,-1,218,216,219,-1,219,216,217,-1,220,218,221,-1,221,218,219,-1,222,220,223,-1,223,220,221,-1,222,223,224,-1,222,224,225,-1,225,224,226,-1,225,226,227,-1,227,226,228,-1,227,228,229,-1,229,228,230,-1,229,230,231,-1,231,230,232,-1,231,232,233,-1,233,232,234,-1,233,234,235,-1,235,234,236,-1,235,236,237,-1,238,237,239,-1,239,237,236,-1,238,239,240,-1,240,239,241,-1,240,241,242,-1,242,241,243,-1,242,243,244,-1,244,243,245,-1,244,245,246,-1,246,245,247,-1,246,247,248,-1,248,247,249,-1,248,249,250,-1,250,249,251,-1,250,251,169,-1,169,251,171,-1,168,172,169,-1,169,172,174,-1,169,174,250,-1,250,174,177,-1,250,177,248,-1,248,177,179,-1,248,179,246,-1,246,179,181,-1,246,181,244,-1,244,181,183,-1,244,183,242,-1,242,183,185,-1,242,185,240,-1,240,185,187,-1,240,187,238,-1,238,187,189,-1,238,189,237,-1,237,189,190,-1,237,190,235,-1,235,190,192,-1,235,192,233,-1,233,192,194,-1,233,194,231,-1,231,194,196,-1,231,196,229,-1,229,196,198,-1,229,198,227,-1,227,198,200,-1,227,200,225,-1,225,200,202,-1,225,202,222,-1,222,202,204,-1,222,204,220,-1,220,204,206,-1,220,206,218,-1,218,206,208,-1,218,208,216,-1,216,208,210,-1,216,210,214,-1,214,210,212,-1,215,213,217,-1,217,213,211,-1,217,211,219,-1,219,211,209,-1,219,209,221,-1,221,209,207,-1,221,207,223,-1,223,207,205,-1,223,205,224,-1,224,205,203,-1,224,203,226,-1,226,203,201,-1,226,201,228,-1,228,201,199,-1,228,199,230,-1,230,199,197,-1,230,197,232,-1,232,197,195,-1,232,195,234,-1,234,195,193,-1,234,193,236,-1,236,193,191,-1,236,191,239,-1,239,191,188,-1,239,188,241,-1,241,188,186,-1,241,186,243,-1,243,186,184,-1,243,184,245,-1,245,184,182,-1,245,182,247,-1,247,182,180,-1,247,180,249,-1,249,180,178,-1,249,178,251,-1,251,178,176,-1,251,176,171,-1,171,176,175,-1,171,175,170,-1,170,175,173,-1,252,253,254,-1,254,253,255,-1,256,252,257,-1,257,252,254,-1,258,256,259,-1,259,256,257,-1,258,259,260,-1,258,260,261,-1,261,260,262,-1,261,262,263,-1,263,262,264,-1,263,264,265,-1,265,264,266,-1,265,266,267,-1,267,266,268,-1,267,268,269,-1,269,268,270,-1,269,270,271,-1,271,270,272,-1,271,272,273,-1,274,273,275,-1,275,273,272,-1,274,275,276,-1,276,275,277,-1,276,277,278,-1,278,277,279,-1,278,279,280,-1,280,279,281,-1,280,281,282,-1,282,281,283,-1,282,283,284,-1,284,283,285,-1,284,285,286,-1,286,285,287,-1,286,287,288,-1,288,287,289,-1,290,288,291,-1,291,288,289,-1,292,290,293,-1,293,290,291,-1,294,292,295,-1,295,292,293,-1,296,294,297,-1,297,294,295,-1,298,296,299,-1,299,296,297,-1,300,298,301,-1,301,298,299,-1,302,300,303,-1,303,300,301,-1,304,302,305,-1,305,302,303,-1,306,304,307,-1,307,304,305,-1,306,307,308,-1,306,308,309,-1,309,308,310,-1,309,310,311,-1,311,310,312,-1,311,312,313,-1,313,312,314,-1,313,314,315,-1,315,314,316,-1,315,316,317,-1,317,316,318,-1,317,318,319,-1,319,318,320,-1,319,320,321,-1,322,321,323,-1,323,321,320,-1,322,323,324,-1,324,323,325,-1,324,325,326,-1,326,325,327,-1,326,327,328,-1,328,327,329,-1,328,329,330,-1,330,329,331,-1,330,331,332,-1,332,331,333,-1,332,333,334,-1,334,333,335,-1,334,335,253,-1,253,335,255,-1,252,256,253,-1,253,256,258,-1,253,258,334,-1,334,258,261,-1,334,261,332,-1,332,261,263,-1,332,263,330,-1,330,263,265,-1,330,265,328,-1,328,265,267,-1,328,267,326,-1,326,267,269,-1,326,269,324,-1,324,269,271,-1,324,271,322,-1,322,271,273,-1,322,273,321,-1,321,273,274,-1,321,274,319,-1,319,274,276,-1,319,276,317,-1,317,276,278,-1,317,278,315,-1,315,278,280,-1,315,280,313,-1,313,280,282,-1,313,282,311,-1,311,282,284,-1,311,284,309,-1,309,284,286,-1,309,286,306,-1,306,286,288,-1,306,288,304,-1,304,288,290,-1,304,290,302,-1,302,290,292,-1,302,292,300,-1,300,292,294,-1,300,294,298,-1,298,294,296,-1,299,297,301,-1,301,297,295,-1,301,295,303,-1,303,295,293,-1,303,293,305,-1,305,293,291,-1,305,291,307,-1,307,291,289,-1,307,289,308,-1,308,289,287,-1,308,287,310,-1,310,287,285,-1,310,285,312,-1,312,285,283,-1,312,283,314,-1,314,283,281,-1,314,281,316,-1,316,281,279,-1,316,279,318,-1,318,279,277,-1,318,277,320,-1,320,277,275,-1,320,275,323,-1,323,275,272,-1,323,272,325,-1,325,272,270,-1,325,270,327,-1,327,270,268,-1,327,268,329,-1,329,268,266,-1,329,266,331,-1,331,266,264,-1,331,264,333,-1,333,264,262,-1,333,262,335,-1,335,262,260,-1,335,260,255,-1,255,260,259,-1,255,259,254,-1,254,259,257,-1,336,337,338,-1,338,337,339,-1,340,336,341,-1,341,336,338,-1,342,340,343,-1,343,340,341,-1,342,343,344,-1,342,344,345,-1,345,344,346,-1,345,346,347,-1,347,346,348,-1,347,348,349,-1,349,348,350,-1,349,350,351,-1,351,350,352,-1,351,352,353,-1,353,352,354,-1,353,354,355,-1,355,354,356,-1,355,356,357,-1,358,357,359,-1,359,357,356,-1,358,359,360,-1,360,359,361,-1,360,361,362,-1,362,361,363,-1,362,363,364,-1,364,363,365,-1,364,365,366,-1,366,365,367,-1,366,367,368,-1,368,367,369,-1,368,369,370,-1,370,369,371,-1,370,371,372,-1,372,371,373,-1,374,372,375,-1,375,372,373,-1,376,374,377,-1,377,374,375,-1,378,376,379,-1,379,376,377,-1,380,378,381,-1,381,378,379,-1,382,380,383,-1,383,380,381,-1,384,382,385,-1,385,382,383,-1,386,384,387,-1,387,384,385,-1,388,386,389,-1,389,386,387,-1,390,388,391,-1,391,388,389,-1,390,391,392,-1,390,392,393,-1,393,392,394,-1,393,394,395,-1,395,394,396,-1,395,396,397,-1,397,396,398,-1,397,398,399,-1,399,398,400,-1,399,400,401,-1,401,400,402,-1,401,402,403,-1,403,402,404,-1,403,404,405,-1,406,405,407,-1,407,405,404,-1,406,407,408,-1,408,407,409,-1,408,409,410,-1,410,409,411,-1,410,411,412,-1,412,411,413,-1,412,413,414,-1,414,413,415,-1,414,415,416,-1,416,415,417,-1,416,417,418,-1,418,417,419,-1,418,419,337,-1,337,419,339,-1,336,340,337,-1,337,340,342,-1,337,342,418,-1,418,342,345,-1,418,345,416,-1,416,345,347,-1,416,347,414,-1,414,347,349,-1,414,349,412,-1,412,349,351,-1,412,351,410,-1,410,351,353,-1,410,353,408,-1,408,353,355,-1,408,355,406,-1,406,355,357,-1,406,357,405,-1,405,357,358,-1,405,358,403,-1,403,358,360,-1,403,360,401,-1,401,360,362,-1,401,362,399,-1,399,362,364,-1,399,364,397,-1,397,364,366,-1,397,366,395,-1,395,366,368,-1,395,368,393,-1,393,368,370,-1,393,370,390,-1,390,370,372,-1,390,372,388,-1,388,372,374,-1,388,374,386,-1,386,374,376,-1,386,376,384,-1,384,376,378,-1,384,378,382,-1,382,378,380,-1,383,381,385,-1,385,381,379,-1,385,379,387,-1,387,379,377,-1,387,377,389,-1,389,377,375,-1,389,375,391,-1,391,375,373,-1,391,373,392,-1,392,373,371,-1,392,371,394,-1,394,371,369,-1,394,369,396,-1,396,369,367,-1,396,367,398,-1,398,367,365,-1,398,365,400,-1,400,365,363,-1,400,363,402,-1,402,363,361,-1,402,361,404,-1,404,361,359,-1,404,359,407,-1,407,359,356,-1,407,356,409,-1,409,356,354,-1,409,354,411,-1,411,354,352,-1,411,352,413,-1,413,352,350,-1,413,350,415,-1,415,350,348,-1,415,348,417,-1,417,348,346,-1,417,346,419,-1,419,346,344,-1,419,344,339,-1,339,344,343,-1,339,343,338,-1,338,343,341,-1,420,421,422,-1,422,421,423,-1,424,420,425,-1,425,420,422,-1,426,424,427,-1,427,424,425,-1,426,427,428,-1,426,428,429,-1,429,428,430,-1,429,430,431,-1,431,430,432,-1,431,432,433,-1,433,432,434,-1,433,434,435,-1,435,434,436,-1,435,436,437,-1,437,436,438,-1,437,438,439,-1,439,438,440,-1,439,440,441,-1,442,441,443,-1,443,441,440,-1,442,443,444,-1,444,443,445,-1,444,445,446,-1,446,445,447,-1,446,447,448,-1,448,447,449,-1,448,449,450,-1,450,449,451,-1,450,451,452,-1,452,451,453,-1,452,453,454,-1,454,453,455,-1,454,455,456,-1,456,455,457,-1,458,456,459,-1,459,456,457,-1,460,458,461,-1,461,458,459,-1,462,460,463,-1,463,460,461,-1,464,462,465,-1,465,462,463,-1,466,464,467,-1,467,464,465,-1,468,466,469,-1,469,466,467,-1,470,468,471,-1,471,468,469,-1,472,470,473,-1,473,470,471,-1,474,472,475,-1,475,472,473,-1,474,475,476,-1,474,476,477,-1,477,476,478,-1,477,478,479,-1,479,478,480,-1,479,480,481,-1,481,480,482,-1,481,482,483,-1,483,482,484,-1,483,484,485,-1,485,484,486,-1,485,486,487,-1,487,486,488,-1,487,488,489,-1,490,489,491,-1,491,489,488,-1,490,491,492,-1,492,491,493,-1,492,493,494,-1,494,493,495,-1,494,495,496,-1,496,495,497,-1,496,497,498,-1,498,497,499,-1,498,499,500,-1,500,499,501,-1,500,501,502,-1,502,501,503,-1,502,503,421,-1,421,503,423,-1,420,424,421,-1,421,424,426,-1,421,426,502,-1,502,426,429,-1,502,429,500,-1,500,429,431,-1,500,431,498,-1,498,431,433,-1,498,433,496,-1,496,433,435,-1,496,435,494,-1,494,435,437,-1,494,437,492,-1,492,437,439,-1,492,439,490,-1,490,439,441,-1,490,441,489,-1,489,441,442,-1,489,442,487,-1,487,442,444,-1,487,444,485,-1,485,444,446,-1,485,446,483,-1,483,446,448,-1,483,448,481,-1,481,448,450,-1,481,450,479,-1,479,450,452,-1,479,452,477,-1,477,452,454,-1,477,454,474,-1,474,454,456,-1,474,456,472,-1,472,456,458,-1,472,458,470,-1,470,458,460,-1,470,460,468,-1,468,460,462,-1,468,462,466,-1,466,462,464,-1,467,465,469,-1,469,465,463,-1,469,463,471,-1,471,463,461,-1,471,461,473,-1,473,461,459,-1,473,459,475,-1,475,459,457,-1,475,457,476,-1,476,457,455,-1,476,455,478,-1,478,455,453,-1,478,453,480,-1,480,453,451,-1,480,451,482,-1,482,451,449,-1,482,449,484,-1,484,449,447,-1,484,447,486,-1,486,447,445,-1,486,445,488,-1,488,445,443,-1,488,443,491,-1,491,443,440,-1,491,440,493,-1,493,440,438,-1,493,438,495,-1,495,438,436,-1,495,436,497,-1,497,436,434,-1,497,434,499,-1,499,434,432,-1,499,432,501,-1,501,432,430,-1,501,430,503,-1,503,430,428,-1,503,428,423,-1,423,428,427,-1,423,427,422,-1,422,427,425,-1,504,505,506,-1,506,505,507,-1,508,504,509,-1,509,504,506,-1,510,508,511,-1,511,508,509,-1,510,511,512,-1,510,512,513,-1,513,512,514,-1,513,514,515,-1,515,514,516,-1,515,516,517,-1,517,516,518,-1,517,518,519,-1,519,518,520,-1,519,520,521,-1,521,520,522,-1,521,522,523,-1,523,522,524,-1,523,524,525,-1,526,525,527,-1,527,525,524,-1,526,527,528,-1,528,527,529,-1,528,529,530,-1,530,529,531,-1,530,531,532,-1,532,531,533,-1,532,533,534,-1,534,533,535,-1,534,535,536,-1,536,535,537,-1,536,537,538,-1,538,537,539,-1,538,539,540,-1,540,539,541,-1,542,540,543,-1,543,540,541,-1,544,542,545,-1,545,542,543,-1,546,544,547,-1,547,544,545,-1,548,546,549,-1,549,546,547,-1,550,548,551,-1,551,548,549,-1,552,550,553,-1,553,550,551,-1,554,552,555,-1,555,552,553,-1,556,554,557,-1,557,554,555,-1,558,556,559,-1,559,556,557,-1,558,559,560,-1,558,560,561,-1,561,560,562,-1,561,562,563,-1,563,562,564,-1,563,564,565,-1,565,564,566,-1,565,566,567,-1,567,566,568,-1,567,568,569,-1,569,568,570,-1,569,570,571,-1,571,570,572,-1,571,572,573,-1,574,573,575,-1,575,573,572,-1,574,575,576,-1,576,575,577,-1,576,577,578,-1,578,577,579,-1,578,579,580,-1,580,579,581,-1,580,581,582,-1,582,581,583,-1,582,583,584,-1,584,583,585,-1,584,585,586,-1,586,585,587,-1,586,587,505,-1,505,587,507,-1,504,508,505,-1,505,508,510,-1,505,510,586,-1,586,510,513,-1,586,513,584,-1,584,513,515,-1,584,515,582,-1,582,515,517,-1,582,517,580,-1,580,517,519,-1,580,519,578,-1,578,519,521,-1,578,521,576,-1,576,521,523,-1,576,523,574,-1,574,523,525,-1,574,525,573,-1,573,525,526,-1,573,526,571,-1,571,526,528,-1,571,528,569,-1,569,528,530,-1,569,530,567,-1,567,530,532,-1,567,532,565,-1,565,532,534,-1,565,534,563,-1,563,534,536,-1,563,536,561,-1,561,536,538,-1,561,538,558,-1,558,538,540,-1,558,540,556,-1,556,540,542,-1,556,542,554,-1,554,542,544,-1,554,544,552,-1,552,544,546,-1,552,546,550,-1,550,546,548,-1,551,549,553,-1,553,549,547,-1,553,547,555,-1,555,547,545,-1,555,545,557,-1,557,545,543,-1,557,543,559,-1,559,543,541,-1,559,541,560,-1,560,541,539,-1,560,539,562,-1,562,539,537,-1,562,537,564,-1,564,537,535,-1,564,535,566,-1,566,535,533,-1,566,533,568,-1,568,533,531,-1,568,531,570,-1,570,531,529,-1,570,529,572,-1,572,529,527,-1,572,527,575,-1,575,527,524,-1,575,524,577,-1,577,524,522,-1,577,522,579,-1,579,522,520,-1,579,520,581,-1,581,520,518,-1,581,518,583,-1,583,518,516,-1,583,516,585,-1,585,516,514,-1,585,514,587,-1,587,514,512,-1,587,512,507,-1,507,512,511,-1,507,511,506,-1,506,511,509,-1,588,589,590,-1,590,589,591,-1,592,588,593,-1,593,588,590,-1,594,592,595,-1,595,592,593,-1,594,595,596,-1,594,596,597,-1,597,596,598,-1,597,598,599,-1,599,598,600,-1,599,600,601,-1,601,600,602,-1,601,602,603,-1,603,602,604,-1,603,604,605,-1,605,604,606,-1,605,606,607,-1,607,606,608,-1,607,608,609,-1,610,609,611,-1,611,609,608,-1,610,611,612,-1,612,611,613,-1,612,613,614,-1,614,613,615,-1,614,615,616,-1,616,615,617,-1,616,617,618,-1,618,617,619,-1,618,619,620,-1,620,619,621,-1,620,621,622,-1,622,621,623,-1,622,623,624,-1,624,623,625,-1,626,624,627,-1,627,624,625,-1,628,626,629,-1,629,626,627,-1,630,628,631,-1,631,628,629,-1,632,630,633,-1,633,630,631,-1,634,632,635,-1,635,632,633,-1,636,634,637,-1,637,634,635,-1,638,636,639,-1,639,636,637,-1,640,638,641,-1,641,638,639,-1,642,640,643,-1,643,640,641,-1,642,643,644,-1,642,644,645,-1,645,644,646,-1,645,646,647,-1,647,646,648,-1,647,648,649,-1,649,648,650,-1,649,650,651,-1,651,650,652,-1,651,652,653,-1,653,652,654,-1,653,654,655,-1,655,654,656,-1,655,656,657,-1,658,657,659,-1,659,657,656,-1,658,659,660,-1,660,659,661,-1,660,661,662,-1,662,661,663,-1,662,663,664,-1,664,663,665,-1,664,665,666,-1,666,665,667,-1,666,667,668,-1,668,667,669,-1,668,669,670,-1,670,669,671,-1,670,671,589,-1,589,671,591,-1,588,592,589,-1,589,592,594,-1,589,594,670,-1,670,594,597,-1,670,597,668,-1,668,597,599,-1,668,599,666,-1,666,599,601,-1,666,601,664,-1,664,601,603,-1,664,603,662,-1,662,603,605,-1,662,605,660,-1,660,605,607,-1,660,607,658,-1,658,607,609,-1,658,609,657,-1,657,609,610,-1,657,610,655,-1,655,610,612,-1,655,612,653,-1,653,612,614,-1,653,614,651,-1,651,614,616,-1,651,616,649,-1,649,616,618,-1,649,618,647,-1,647,618,620,-1,647,620,645,-1,645,620,622,-1,645,622,642,-1,642,622,624,-1,642,624,640,-1,640,624,626,-1,640,626,638,-1,638,626,628,-1,638,628,636,-1,636,628,630,-1,636,630,634,-1,634,630,632,-1,635,633,637,-1,637,633,631,-1,637,631,639,-1,639,631,629,-1,639,629,641,-1,641,629,627,-1,641,627,643,-1,643,627,625,-1,643,625,644,-1,644,625,623,-1,644,623,646,-1,646,623,621,-1,646,621,648,-1,648,621,619,-1,648,619,650,-1,650,619,617,-1,650,617,652,-1,652,617,615,-1,652,615,654,-1,654,615,613,-1,654,613,656,-1,656,613,611,-1,656,611,659,-1,659,611,608,-1,659,608,661,-1,661,608,606,-1,661,606,663,-1,663,606,604,-1,663,604,665,-1,665,604,602,-1,665,602,667,-1,667,602,600,-1,667,600,669,-1,669,600,598,-1,669,598,671,-1,671,598,596,-1,671,596,591,-1,591,596,595,-1,591,595,590,-1,590,595,593,-1,672,673,674,-1,674,673,675,-1,676,672,677,-1,677,672,674,-1,678,676,679,-1,679,676,677,-1,678,679,680,-1,678,680,681,-1,681,680,682,-1,681,682,683,-1,683,682,684,-1,683,684,685,-1,685,684,686,-1,685,686,687,-1,687,686,688,-1,687,688,689,-1,689,688,690,-1,689,690,691,-1,691,690,692,-1,691,692,693,-1,694,693,695,-1,695,693,692,-1,694,695,696,-1,696,695,697,-1,696,697,698,-1,698,697,699,-1,698,699,700,-1,700,699,701,-1,700,701,702,-1,702,701,703,-1,702,703,704,-1,704,703,705,-1,704,705,706,-1,706,705,707,-1,706,707,708,-1,708,707,709,-1,710,708,711,-1,711,708,709,-1,712,710,713,-1,713,710,711,-1,714,712,715,-1,715,712,713,-1,716,714,717,-1,717,714,715,-1,718,716,719,-1,719,716,717,-1,720,718,721,-1,721,718,719,-1,722,720,723,-1,723,720,721,-1,724,722,725,-1,725,722,723,-1,726,724,727,-1,727,724,725,-1,726,727,728,-1,726,728,729,-1,729,728,730,-1,729,730,731,-1,731,730,732,-1,731,732,733,-1,733,732,734,-1,733,734,735,-1,735,734,736,-1,735,736,737,-1,737,736,738,-1,737,738,739,-1,739,738,740,-1,739,740,741,-1,742,741,743,-1,743,741,740,-1,742,743,744,-1,744,743,745,-1,744,745,746,-1,746,745,747,-1,746,747,748,-1,748,747,749,-1,748,749,750,-1,750,749,751,-1,750,751,752,-1,752,751,753,-1,752,753,754,-1,754,753,755,-1,754,755,673,-1,673,755,675,-1,672,676,673,-1,673,676,678,-1,673,678,754,-1,754,678,681,-1,754,681,752,-1,752,681,683,-1,752,683,750,-1,750,683,685,-1,750,685,748,-1,748,685,687,-1,748,687,746,-1,746,687,689,-1,746,689,744,-1,744,689,691,-1,744,691,742,-1,742,691,693,-1,742,693,741,-1,741,693,694,-1,741,694,739,-1,739,694,696,-1,739,696,737,-1,737,696,698,-1,737,698,735,-1,735,698,700,-1,735,700,733,-1,733,700,702,-1,733,702,731,-1,731,702,704,-1,731,704,729,-1,729,704,706,-1,729,706,726,-1,726,706,708,-1,726,708,724,-1,724,708,710,-1,724,710,722,-1,722,710,712,-1,722,712,720,-1,720,712,714,-1,720,714,718,-1,718,714,716,-1,719,717,721,-1,721,717,715,-1,721,715,723,-1,723,715,713,-1,723,713,725,-1,725,713,711,-1,725,711,727,-1,727,711,709,-1,727,709,728,-1,728,709,707,-1,728,707,730,-1,730,707,705,-1,730,705,732,-1,732,705,703,-1,732,703,734,-1,734,703,701,-1,734,701,736,-1,736,701,699,-1,736,699,738,-1,738,699,697,-1,738,697,740,-1,740,697,695,-1,740,695,743,-1,743,695,692,-1,743,692,745,-1,745,692,690,-1,745,690,747,-1,747,690,688,-1,747,688,749,-1,749,688,686,-1,749,686,751,-1,751,686,684,-1,751,684,753,-1,753,684,682,-1,753,682,755,-1,755,682,680,-1,755,680,675,-1,675,680,679,-1,675,679,674,-1,674,679,677,-1,756,757,758,-1,758,757,759,-1,760,756,761,-1,761,756,758,-1,762,760,763,-1,763,760,761,-1,762,763,764,-1,762,764,765,-1,765,764,766,-1,765,766,767,-1,767,766,768,-1,767,768,769,-1,769,768,770,-1,769,770,771,-1,771,770,772,-1,771,772,773,-1,773,772,774,-1,773,774,775,-1,775,774,776,-1,775,776,777,-1,778,777,779,-1,779,777,776,-1,778,779,780,-1,780,779,781,-1,780,781,782,-1,782,781,783,-1,782,783,784,-1,784,783,785,-1,784,785,786,-1,786,785,787,-1,786,787,788,-1,788,787,789,-1,788,789,790,-1,790,789,791,-1,790,791,792,-1,792,791,793,-1,794,792,795,-1,795,792,793,-1,796,794,797,-1,797,794,795,-1,798,796,799,-1,799,796,797,-1,800,798,801,-1,801,798,799,-1,802,800,803,-1,803,800,801,-1,804,802,805,-1,805,802,803,-1,806,804,807,-1,807,804,805,-1,808,806,809,-1,809,806,807,-1,810,808,811,-1,811,808,809,-1,810,811,812,-1,810,812,813,-1,813,812,814,-1,813,814,815,-1,815,814,816,-1,815,816,817,-1,817,816,818,-1,817,818,819,-1,819,818,820,-1,819,820,821,-1,821,820,822,-1,821,822,823,-1,823,822,824,-1,823,824,825,-1,826,825,827,-1,827,825,824,-1,826,827,828,-1,828,827,829,-1,828,829,830,-1,830,829,831,-1,830,831,832,-1,832,831,833,-1,832,833,834,-1,834,833,835,-1,834,835,836,-1,836,835,837,-1,836,837,838,-1,838,837,839,-1,838,839,757,-1,757,839,759,-1,756,760,757,-1,757,760,762,-1,757,762,838,-1,838,762,765,-1,838,765,836,-1,836,765,767,-1,836,767,834,-1,834,767,769,-1,834,769,832,-1,832,769,771,-1,832,771,830,-1,830,771,773,-1,830,773,828,-1,828,773,775,-1,828,775,826,-1,826,775,777,-1,826,777,825,-1,825,777,778,-1,825,778,823,-1,823,778,780,-1,823,780,821,-1,821,780,782,-1,821,782,819,-1,819,782,784,-1,819,784,817,-1,817,784,786,-1,817,786,815,-1,815,786,788,-1,815,788,813,-1,813,788,790,-1,813,790,810,-1,810,790,792,-1,810,792,808,-1,808,792,794,-1,808,794,806,-1,806,794,796,-1,806,796,804,-1,804,796,798,-1,804,798,802,-1,802,798,800,-1,803,801,805,-1,805,801,799,-1,805,799,807,-1,807,799,797,-1,807,797,809,-1,809,797,795,-1,809,795,811,-1,811,795,793,-1,811,793,812,-1,812,793,791,-1,812,791,814,-1,814,791,789,-1,814,789,816,-1,816,789,787,-1,816,787,818,-1,818,787,785,-1,818,785,820,-1,820,785,783,-1,820,783,822,-1,822,783,781,-1,822,781,824,-1,824,781,779,-1,824,779,827,-1,827,779,776,-1,827,776,829,-1,829,776,774,-1,829,774,831,-1,831,774,772,-1,831,772,833,-1,833,772,770,-1,833,770,835,-1,835,770,768,-1,835,768,837,-1,837,768,766,-1,837,766,839,-1,839,766,764,-1,839,764,759,-1,759,764,763,-1,759,763,758,-1,758,763,761,-1,840,841,842,-1,842,841,843,-1,844,840,845,-1,845,840,842,-1,846,844,847,-1,847,844,845,-1,846,847,848,-1,846,848,849,-1,849,848,850,-1,849,850,851,-1,851,850,852,-1,851,852,853,-1,853,852,854,-1,853,854,855,-1,855,854,856,-1,855,856,857,-1,857,856,858,-1,857,858,859,-1,859,858,860,-1,859,860,861,-1,862,861,863,-1,863,861,860,-1,862,863,864,-1,864,863,865,-1,864,865,866,-1,866,865,867,-1,866,867,868,-1,868,867,869,-1,868,869,870,-1,870,869,871,-1,870,871,872,-1,872,871,873,-1,872,873,874,-1,874,873,875,-1,874,875,876,-1,876,875,877,-1,878,876,879,-1,879,876,877,-1,880,878,881,-1,881,878,879,-1,882,880,883,-1,883,880,881,-1,884,882,885,-1,885,882,883,-1,886,884,887,-1,887,884,885,-1,888,886,889,-1,889,886,887,-1,890,888,891,-1,891,888,889,-1,892,890,893,-1,893,890,891,-1,894,892,895,-1,895,892,893,-1,894,895,896,-1,894,896,897,-1,897,896,898,-1,897,898,899,-1,899,898,900,-1,899,900,901,-1,901,900,902,-1,901,902,903,-1,903,902,904,-1,903,904,905,-1,905,904,906,-1,905,906,907,-1,907,906,908,-1,907,908,909,-1,910,909,911,-1,911,909,908,-1,910,911,912,-1,912,911,913,-1,912,913,914,-1,914,913,915,-1,914,915,916,-1,916,915,917,-1,916,917,918,-1,918,917,919,-1,918,919,920,-1,920,919,921,-1,920,921,922,-1,922,921,923,-1,922,923,841,-1,841,923,843,-1,840,844,841,-1,841,844,846,-1,841,846,922,-1,922,846,849,-1,922,849,920,-1,920,849,851,-1,920,851,918,-1,918,851,853,-1,918,853,916,-1,916,853,855,-1,916,855,914,-1,914,855,857,-1,914,857,912,-1,912,857,859,-1,912,859,910,-1,910,859,861,-1,910,861,909,-1,909,861,862,-1,909,862,907,-1,907,862,864,-1,907,864,905,-1,905,864,866,-1,905,866,903,-1,903,866,868,-1,903,868,901,-1,901,868,870,-1,901,870,899,-1,899,870,872,-1,899,872,897,-1,897,872,874,-1,897,874,894,-1,894,874,876,-1,894,876,892,-1,892,876,878,-1,892,878,890,-1,890,878,880,-1,890,880,888,-1,888,880,882,-1,888,882,886,-1,886,882,884,-1,887,885,889,-1,889,885,883,-1,889,883,891,-1,891,883,881,-1,891,881,893,-1,893,881,879,-1,893,879,895,-1,895,879,877,-1,895,877,896,-1,896,877,875,-1,896,875,898,-1,898,875,873,-1,898,873,900,-1,900,873,871,-1,900,871,902,-1,902,871,869,-1,902,869,904,-1,904,869,867,-1,904,867,906,-1,906,867,865,-1,906,865,908,-1,908,865,863,-1,908,863,911,-1,911,863,860,-1,911,860,913,-1,913,860,858,-1,913,858,915,-1,915,858,856,-1,915,856,917,-1,917,856,854,-1,917,854,919,-1,919,854,852,-1,919,852,921,-1,921,852,850,-1,921,850,923,-1,923,850,848,-1,923,848,843,-1,843,848,847,-1,843,847,842,-1,842,847,845,-1,924,925,926,-1,926,925,927,-1,928,924,929,-1,929,924,926,-1,930,928,931,-1,931,928,929,-1,930,931,932,-1,930,932,933,-1,933,932,934,-1,933,934,935,-1,935,934,936,-1,935,936,937,-1,937,936,938,-1,937,938,939,-1,939,938,940,-1,939,940,941,-1,941,940,942,-1,941,942,943,-1,943,942,944,-1,943,944,945,-1,946,945,947,-1,947,945,944,-1,946,947,948,-1,948,947,949,-1,948,949,950,-1,950,949,951,-1,950,951,952,-1,952,951,953,-1,952,953,954,-1,954,953,955,-1,954,955,956,-1,956,955,957,-1,956,957,958,-1,958,957,959,-1,958,959,960,-1,960,959,961,-1,962,960,963,-1,963,960,961,-1,964,962,965,-1,965,962,963,-1,966,964,967,-1,967,964,965,-1,968,966,969,-1,969,966,967,-1,970,968,971,-1,971,968,969,-1,972,970,973,-1,973,970,971,-1,974,972,975,-1,975,972,973,-1,976,974,977,-1,977,974,975,-1,978,976,979,-1,979,976,977,-1,978,979,980,-1,978,980,981,-1,981,980,982,-1,981,982,983,-1,983,982,984,-1,983,984,985,-1,985,984,986,-1,985,986,987,-1,987,986,988,-1,987,988,989,-1,989,988,990,-1,989,990,991,-1,991,990,992,-1,991,992,993,-1,994,993,995,-1,995,993,992,-1,994,995,996,-1,996,995,997,-1,996,997,998,-1,998,997,999,-1,998,999,1000,-1,1000,999,1001,-1,1000,1001,1002,-1,1002,1001,1003,-1,1002,1003,1004,-1,1004,1003,1005,-1,1004,1005,1006,-1,1006,1005,1007,-1,1006,1007,925,-1,925,1007,927,-1,924,928,925,-1,925,928,930,-1,925,930,1006,-1,1006,930,933,-1,1006,933,1004,-1,1004,933,935,-1,1004,935,1002,-1,1002,935,937,-1,1002,937,1000,-1,1000,937,939,-1,1000,939,998,-1,998,939,941,-1,998,941,996,-1,996,941,943,-1,996,943,994,-1,994,943,945,-1,994,945,993,-1,993,945,946,-1,993,946,991,-1,991,946,948,-1,991,948,989,-1,989,948,950,-1,989,950,987,-1,987,950,952,-1,987,952,985,-1,985,952,954,-1,985,954,983,-1,983,954,956,-1,983,956,981,-1,981,956,958,-1,981,958,978,-1,978,958,960,-1,978,960,976,-1,976,960,962,-1,976,962,974,-1,974,962,964,-1,974,964,972,-1,972,964,966,-1,972,966,970,-1,970,966,968,-1,971,969,973,-1,973,969,967,-1,973,967,975,-1,975,967,965,-1,975,965,977,-1,977,965,963,-1,977,963,979,-1,979,963,961,-1,979,961,980,-1,980,961,959,-1,980,959,982,-1,982,959,957,-1,982,957,984,-1,984,957,955,-1,984,955,986,-1,986,955,953,-1,986,953,988,-1,988,953,951,-1,988,951,990,-1,990,951,949,-1,990,949,992,-1,992,949,947,-1,992,947,995,-1,995,947,944,-1,995,944,997,-1,997,944,942,-1,997,942,999,-1,999,942,940,-1,999,940,1001,-1,1001,940,938,-1,1001,938,1003,-1,1003,938,936,-1,1003,936,1005,-1,1005,936,934,-1,1005,934,1007,-1,1007,934,932,-1,1007,932,927,-1,927,932,931,-1,927,931,926,-1,926,931,929,-1,1008,1009,1010,-1,1010,1009,1011,-1,1012,1008,1013,-1,1013,1008,1010,-1,1014,1012,1015,-1,1015,1012,1013,-1,1014,1015,1016,-1,1014,1016,1017,-1,1017,1016,1018,-1,1017,1018,1019,-1,1019,1018,1020,-1,1019,1020,1021,-1,1021,1020,1022,-1,1021,1022,1023,-1,1023,1022,1024,-1,1023,1024,1025,-1,1025,1024,1026,-1,1025,1026,1027,-1,1027,1026,1028,-1,1027,1028,1029,-1,1030,1029,1031,-1,1031,1029,1028,-1,1030,1031,1032,-1,1032,1031,1033,-1,1032,1033,1034,-1,1034,1033,1035,-1,1034,1035,1036,-1,1036,1035,1037,-1,1036,1037,1038,-1,1038,1037,1039,-1,1038,1039,1040,-1,1040,1039,1041,-1,1040,1041,1042,-1,1042,1041,1043,-1,1042,1043,1044,-1,1044,1043,1045,-1,1046,1044,1047,-1,1047,1044,1045,-1,1048,1046,1049,-1,1049,1046,1047,-1,1050,1048,1051,-1,1051,1048,1049,-1,1052,1050,1053,-1,1053,1050,1051,-1,1054,1052,1055,-1,1055,1052,1053,-1,1056,1054,1057,-1,1057,1054,1055,-1,1058,1056,1059,-1,1059,1056,1057,-1,1060,1058,1061,-1,1061,1058,1059,-1,1062,1060,1063,-1,1063,1060,1061,-1,1062,1063,1064,-1,1062,1064,1065,-1,1065,1064,1066,-1,1065,1066,1067,-1,1067,1066,1068,-1,1067,1068,1069,-1,1069,1068,1070,-1,1069,1070,1071,-1,1071,1070,1072,-1,1071,1072,1073,-1,1073,1072,1074,-1,1073,1074,1075,-1,1075,1074,1076,-1,1075,1076,1077,-1,1078,1077,1079,-1,1079,1077,1076,-1,1078,1079,1080,-1,1080,1079,1081,-1,1080,1081,1082,-1,1082,1081,1083,-1,1082,1083,1084,-1,1084,1083,1085,-1,1084,1085,1086,-1,1086,1085,1087,-1,1086,1087,1088,-1,1088,1087,1089,-1,1088,1089,1090,-1,1090,1089,1091,-1,1090,1091,1009,-1,1009,1091,1011,-1,1008,1012,1009,-1,1009,1012,1014,-1,1009,1014,1090,-1,1090,1014,1017,-1,1090,1017,1088,-1,1088,1017,1019,-1,1088,1019,1086,-1,1086,1019,1021,-1,1086,1021,1084,-1,1084,1021,1023,-1,1084,1023,1082,-1,1082,1023,1025,-1,1082,1025,1080,-1,1080,1025,1027,-1,1080,1027,1078,-1,1078,1027,1029,-1,1078,1029,1077,-1,1077,1029,1030,-1,1077,1030,1075,-1,1075,1030,1032,-1,1075,1032,1073,-1,1073,1032,1034,-1,1073,1034,1071,-1,1071,1034,1036,-1,1071,1036,1069,-1,1069,1036,1038,-1,1069,1038,1067,-1,1067,1038,1040,-1,1067,1040,1065,-1,1065,1040,1042,-1,1065,1042,1062,-1,1062,1042,1044,-1,1062,1044,1060,-1,1060,1044,1046,-1,1060,1046,1058,-1,1058,1046,1048,-1,1058,1048,1056,-1,1056,1048,1050,-1,1056,1050,1054,-1,1054,1050,1052,-1,1055,1053,1057,-1,1057,1053,1051,-1,1057,1051,1059,-1,1059,1051,1049,-1,1059,1049,1061,-1,1061,1049,1047,-1,1061,1047,1063,-1,1063,1047,1045,-1,1063,1045,1064,-1,1064,1045,1043,-1,1064,1043,1066,-1,1066,1043,1041,-1,1066,1041,1068,-1,1068,1041,1039,-1,1068,1039,1070,-1,1070,1039,1037,-1,1070,1037,1072,-1,1072,1037,1035,-1,1072,1035,1074,-1,1074,1035,1033,-1,1074,1033,1076,-1,1076,1033,1031,-1,1076,1031,1079,-1,1079,1031,1028,-1,1079,1028,1081,-1,1081,1028,1026,-1,1081,1026,1083,-1,1083,1026,1024,-1,1083,1024,1085,-1,1085,1024,1022,-1,1085,1022,1087,-1,1087,1022,1020,-1,1087,1020,1089,-1,1089,1020,1018,-1,1089,1018,1091,-1,1091,1018,1016,-1,1091,1016,1011,-1,1011,1016,1015,-1,1011,1015,1010,-1,1010,1015,1013,-1,1092,1093,1094,-1,1094,1093,1095,-1,1096,1092,1097,-1,1097,1092,1094,-1,1098,1096,1099,-1,1099,1096,1097,-1,1098,1099,1100,-1,1098,1100,1101,-1,1101,1100,1102,-1,1101,1102,1103,-1,1103,1102,1104,-1,1103,1104,1105,-1,1105,1104,1106,-1,1105,1106,1107,-1,1107,1106,1108,-1,1107,1108,1109,-1,1109,1108,1110,-1,1109,1110,1111,-1,1111,1110,1112,-1,1111,1112,1113,-1,1114,1113,1115,-1,1115,1113,1112,-1,1114,1115,1116,-1,1116,1115,1117,-1,1116,1117,1118,-1,1118,1117,1119,-1,1118,1119,1120,-1,1120,1119,1121,-1,1120,1121,1122,-1,1122,1121,1123,-1,1122,1123,1124,-1,1124,1123,1125,-1,1124,1125,1126,-1,1126,1125,1127,-1,1126,1127,1128,-1,1128,1127,1129,-1,1130,1128,1131,-1,1131,1128,1129,-1,1132,1130,1133,-1,1133,1130,1131,-1,1134,1132,1135,-1,1135,1132,1133,-1,1136,1134,1137,-1,1137,1134,1135,-1,1138,1136,1139,-1,1139,1136,1137,-1,1140,1138,1141,-1,1141,1138,1139,-1,1142,1140,1143,-1,1143,1140,1141,-1,1144,1142,1145,-1,1145,1142,1143,-1,1146,1144,1147,-1,1147,1144,1145,-1,1146,1147,1148,-1,1146,1148,1149,-1,1149,1148,1150,-1,1149,1150,1151,-1,1151,1150,1152,-1,1151,1152,1153,-1,1153,1152,1154,-1,1153,1154,1155,-1,1155,1154,1156,-1,1155,1156,1157,-1,1157,1156,1158,-1,1157,1158,1159,-1,1159,1158,1160,-1,1159,1160,1161,-1,1162,1161,1163,-1,1163,1161,1160,-1,1162,1163,1164,-1,1164,1163,1165,-1,1164,1165,1166,-1,1166,1165,1167,-1,1166,1167,1168,-1,1168,1167,1169,-1,1168,1169,1170,-1,1170,1169,1171,-1,1170,1171,1172,-1,1172,1171,1173,-1,1172,1173,1174,-1,1174,1173,1175,-1,1174,1175,1093,-1,1093,1175,1095,-1,1092,1096,1093,-1,1093,1096,1098,-1,1093,1098,1174,-1,1174,1098,1101,-1,1174,1101,1172,-1,1172,1101,1103,-1,1172,1103,1170,-1,1170,1103,1105,-1,1170,1105,1168,-1,1168,1105,1107,-1,1168,1107,1166,-1,1166,1107,1109,-1,1166,1109,1164,-1,1164,1109,1111,-1,1164,1111,1162,-1,1162,1111,1113,-1,1162,1113,1161,-1,1161,1113,1114,-1,1161,1114,1159,-1,1159,1114,1116,-1,1159,1116,1157,-1,1157,1116,1118,-1,1157,1118,1155,-1,1155,1118,1120,-1,1155,1120,1153,-1,1153,1120,1122,-1,1153,1122,1151,-1,1151,1122,1124,-1,1151,1124,1149,-1,1149,1124,1126,-1,1149,1126,1146,-1,1146,1126,1128,-1,1146,1128,1144,-1,1144,1128,1130,-1,1144,1130,1142,-1,1142,1130,1132,-1,1142,1132,1140,-1,1140,1132,1134,-1,1140,1134,1138,-1,1138,1134,1136,-1,1139,1137,1141,-1,1141,1137,1135,-1,1141,1135,1143,-1,1143,1135,1133,-1,1143,1133,1145,-1,1145,1133,1131,-1,1145,1131,1147,-1,1147,1131,1129,-1,1147,1129,1148,-1,1148,1129,1127,-1,1148,1127,1150,-1,1150,1127,1125,-1,1150,1125,1152,-1,1152,1125,1123,-1,1152,1123,1154,-1,1154,1123,1121,-1,1154,1121,1156,-1,1156,1121,1119,-1,1156,1119,1158,-1,1158,1119,1117,-1,1158,1117,1160,-1,1160,1117,1115,-1,1160,1115,1163,-1,1163,1115,1112,-1,1163,1112,1165,-1,1165,1112,1110,-1,1165,1110,1167,-1,1167,1110,1108,-1,1167,1108,1169,-1,1169,1108,1106,-1,1169,1106,1171,-1,1171,1106,1104,-1,1171,1104,1173,-1,1173,1104,1102,-1,1173,1102,1175,-1,1175,1102,1100,-1,1175,1100,1095,-1,1095,1100,1099,-1,1095,1099,1094,-1,1094,1099,1097,-1,1176,1177,1178,-1,1178,1177,1179,-1,1180,1176,1181,-1,1181,1176,1178,-1,1182,1180,1183,-1,1183,1180,1181,-1,1182,1183,1184,-1,1182,1184,1185,-1,1185,1184,1186,-1,1185,1186,1187,-1,1187,1186,1188,-1,1187,1188,1189,-1,1189,1188,1190,-1,1189,1190,1191,-1,1191,1190,1192,-1,1191,1192,1193,-1,1193,1192,1194,-1,1193,1194,1195,-1,1195,1194,1196,-1,1195,1196,1197,-1,1198,1197,1199,-1,1199,1197,1196,-1,1198,1199,1200,-1,1200,1199,1201,-1,1200,1201,1202,-1,1202,1201,1203,-1,1202,1203,1204,-1,1204,1203,1205,-1,1204,1205,1206,-1,1206,1205,1207,-1,1206,1207,1208,-1,1208,1207,1209,-1,1208,1209,1210,-1,1210,1209,1211,-1,1210,1211,1212,-1,1212,1211,1213,-1,1214,1212,1215,-1,1215,1212,1213,-1,1216,1214,1217,-1,1217,1214,1215,-1,1218,1216,1219,-1,1219,1216,1217,-1,1220,1218,1221,-1,1221,1218,1219,-1,1222,1220,1223,-1,1223,1220,1221,-1,1224,1222,1225,-1,1225,1222,1223,-1,1226,1224,1227,-1,1227,1224,1225,-1,1228,1226,1229,-1,1229,1226,1227,-1,1230,1228,1231,-1,1231,1228,1229,-1,1230,1231,1232,-1,1230,1232,1233,-1,1233,1232,1234,-1,1233,1234,1235,-1,1235,1234,1236,-1,1235,1236,1237,-1,1237,1236,1238,-1,1237,1238,1239,-1,1239,1238,1240,-1,1239,1240,1241,-1,1241,1240,1242,-1,1241,1242,1243,-1,1243,1242,1244,-1,1243,1244,1245,-1,1246,1245,1247,-1,1247,1245,1244,-1,1246,1247,1248,-1,1248,1247,1249,-1,1248,1249,1250,-1,1250,1249,1251,-1,1250,1251,1252,-1,1252,1251,1253,-1,1252,1253,1254,-1,1254,1253,1255,-1,1254,1255,1256,-1,1256,1255,1257,-1,1256,1257,1258,-1,1258,1257,1259,-1,1258,1259,1177,-1,1177,1259,1179,-1,1176,1180,1177,-1,1177,1180,1182,-1,1177,1182,1258,-1,1258,1182,1185,-1,1258,1185,1256,-1,1256,1185,1187,-1,1256,1187,1254,-1,1254,1187,1189,-1,1254,1189,1252,-1,1252,1189,1191,-1,1252,1191,1250,-1,1250,1191,1193,-1,1250,1193,1248,-1,1248,1193,1195,-1,1248,1195,1246,-1,1246,1195,1197,-1,1246,1197,1245,-1,1245,1197,1198,-1,1245,1198,1243,-1,1243,1198,1200,-1,1243,1200,1241,-1,1241,1200,1202,-1,1241,1202,1239,-1,1239,1202,1204,-1,1239,1204,1237,-1,1237,1204,1206,-1,1237,1206,1235,-1,1235,1206,1208,-1,1235,1208,1233,-1,1233,1208,1210,-1,1233,1210,1230,-1,1230,1210,1212,-1,1230,1212,1228,-1,1228,1212,1214,-1,1228,1214,1226,-1,1226,1214,1216,-1,1226,1216,1224,-1,1224,1216,1218,-1,1224,1218,1222,-1,1222,1218,1220,-1,1223,1221,1225,-1,1225,1221,1219,-1,1225,1219,1227,-1,1227,1219,1217,-1,1227,1217,1229,-1,1229,1217,1215,-1,1229,1215,1231,-1,1231,1215,1213,-1,1231,1213,1232,-1,1232,1213,1211,-1,1232,1211,1234,-1,1234,1211,1209,-1,1234,1209,1236,-1,1236,1209,1207,-1,1236,1207,1238,-1,1238,1207,1205,-1,1238,1205,1240,-1,1240,1205,1203,-1,1240,1203,1242,-1,1242,1203,1201,-1,1242,1201,1244,-1,1244,1201,1199,-1,1244,1199,1247,-1,1247,1199,1196,-1,1247,1196,1249,-1,1249,1196,1194,-1,1249,1194,1251,-1,1251,1194,1192,-1,1251,1192,1253,-1,1253,1192,1190,-1,1253,1190,1255,-1,1255,1190,1188,-1,1255,1188,1257,-1,1257,1188,1186,-1,1257,1186,1259,-1,1259,1186,1184,-1,1259,1184,1179,-1,1179,1184,1183,-1,1179,1183,1178,-1,1178,1183,1181,-1,1260,1261,1262,-1,1262,1261,1263,-1,1264,1260,1265,-1,1265,1260,1262,-1,1266,1264,1267,-1,1267,1264,1265,-1,1266,1267,1268,-1,1266,1268,1269,-1,1269,1268,1270,-1,1269,1270,1271,-1,1271,1270,1272,-1,1271,1272,1273,-1,1273,1272,1274,-1,1273,1274,1275,-1,1275,1274,1276,-1,1275,1276,1277,-1,1277,1276,1278,-1,1277,1278,1279,-1,1279,1278,1280,-1,1279,1280,1281,-1,1282,1281,1283,-1,1283,1281,1280,-1,1282,1283,1284,-1,1284,1283,1285,-1,1284,1285,1286,-1,1286,1285,1287,-1,1286,1287,1288,-1,1288,1287,1289,-1,1288,1289,1290,-1,1290,1289,1291,-1,1290,1291,1292,-1,1292,1291,1293,-1,1292,1293,1294,-1,1294,1293,1295,-1,1294,1295,1296,-1,1296,1295,1297,-1,1298,1296,1299,-1,1299,1296,1297,-1,1300,1298,1301,-1,1301,1298,1299,-1,1302,1300,1303,-1,1303,1300,1301,-1,1304,1302,1305,-1,1305,1302,1303,-1,1306,1304,1307,-1,1307,1304,1305,-1,1308,1306,1309,-1,1309,1306,1307,-1,1310,1308,1311,-1,1311,1308,1309,-1,1312,1310,1313,-1,1313,1310,1311,-1,1314,1312,1315,-1,1315,1312,1313,-1,1314,1315,1316,-1,1314,1316,1317,-1,1317,1316,1318,-1,1317,1318,1319,-1,1319,1318,1320,-1,1319,1320,1321,-1,1321,1320,1322,-1,1321,1322,1323,-1,1323,1322,1324,-1,1323,1324,1325,-1,1325,1324,1326,-1,1325,1326,1327,-1,1327,1326,1328,-1,1327,1328,1329,-1,1330,1329,1331,-1,1331,1329,1328,-1,1330,1331,1332,-1,1332,1331,1333,-1,1332,1333,1334,-1,1334,1333,1335,-1,1334,1335,1336,-1,1336,1335,1337,-1,1336,1337,1338,-1,1338,1337,1339,-1,1338,1339,1340,-1,1340,1339,1341,-1,1340,1341,1342,-1,1342,1341,1343,-1,1342,1343,1261,-1,1261,1343,1263,-1,1260,1264,1261,-1,1261,1264,1266,-1,1261,1266,1342,-1,1342,1266,1269,-1,1342,1269,1340,-1,1340,1269,1271,-1,1340,1271,1338,-1,1338,1271,1273,-1,1338,1273,1336,-1,1336,1273,1275,-1,1336,1275,1334,-1,1334,1275,1277,-1,1334,1277,1332,-1,1332,1277,1279,-1,1332,1279,1330,-1,1330,1279,1281,-1,1330,1281,1329,-1,1329,1281,1282,-1,1329,1282,1327,-1,1327,1282,1284,-1,1327,1284,1325,-1,1325,1284,1286,-1,1325,1286,1323,-1,1323,1286,1288,-1,1323,1288,1321,-1,1321,1288,1290,-1,1321,1290,1319,-1,1319,1290,1292,-1,1319,1292,1317,-1,1317,1292,1294,-1,1317,1294,1314,-1,1314,1294,1296,-1,1314,1296,1312,-1,1312,1296,1298,-1,1312,1298,1310,-1,1310,1298,1300,-1,1310,1300,1308,-1,1308,1300,1302,-1,1308,1302,1306,-1,1306,1302,1304,-1,1307,1305,1309,-1,1309,1305,1303,-1,1309,1303,1311,-1,1311,1303,1301,-1,1311,1301,1313,-1,1313,1301,1299,-1,1313,1299,1315,-1,1315,1299,1297,-1,1315,1297,1316,-1,1316,1297,1295,-1,1316,1295,1318,-1,1318,1295,1293,-1,1318,1293,1320,-1,1320,1293,1291,-1,1320,1291,1322,-1,1322,1291,1289,-1,1322,1289,1324,-1,1324,1289,1287,-1,1324,1287,1326,-1,1326,1287,1285,-1,1326,1285,1328,-1,1328,1285,1283,-1,1328,1283,1331,-1,1331,1283,1280,-1,1331,1280,1333,-1,1333,1280,1278,-1,1333,1278,1335,-1,1335,1278,1276,-1,1335,1276,1337,-1,1337,1276,1274,-1,1337,1274,1339,-1,1339,1274,1272,-1,1339,1272,1341,-1,1341,1272,1270,-1,1341,1270,1343,-1,1343,1270,1268,-1,1343,1268,1263,-1,1263,1268,1267,-1,1263,1267,1262,-1,1262,1267,1265,-1,1344,1345,1346,-1,1346,1345,1347,-1,1348,1344,1349,-1,1349,1344,1346,-1,1350,1348,1351,-1,1351,1348,1349,-1,1350,1351,1352,-1,1350,1352,1353,-1,1353,1352,1354,-1,1353,1354,1355,-1,1355,1354,1356,-1,1355,1356,1357,-1,1357,1356,1358,-1,1357,1358,1359,-1,1359,1358,1360,-1,1359,1360,1361,-1,1361,1360,1362,-1,1361,1362,1363,-1,1363,1362,1364,-1,1363,1364,1365,-1,1366,1365,1367,-1,1367,1365,1364,-1,1366,1367,1368,-1,1368,1367,1369,-1,1368,1369,1370,-1,1370,1369,1371,-1,1370,1371,1372,-1,1372,1371,1373,-1,1372,1373,1374,-1,1374,1373,1375,-1,1374,1375,1376,-1,1376,1375,1377,-1,1376,1377,1378,-1,1378,1377,1379,-1,1378,1379,1380,-1,1380,1379,1381,-1,1382,1380,1383,-1,1383,1380,1381,-1,1384,1382,1385,-1,1385,1382,1383,-1,1386,1384,1387,-1,1387,1384,1385,-1,1388,1386,1389,-1,1389,1386,1387,-1,1390,1388,1391,-1,1391,1388,1389,-1,1392,1390,1393,-1,1393,1390,1391,-1,1394,1392,1395,-1,1395,1392,1393,-1,1396,1394,1397,-1,1397,1394,1395,-1,1398,1396,1399,-1,1399,1396,1397,-1,1398,1399,1400,-1,1398,1400,1401,-1,1401,1400,1402,-1,1401,1402,1403,-1,1403,1402,1404,-1,1403,1404,1405,-1,1405,1404,1406,-1,1405,1406,1407,-1,1407,1406,1408,-1,1407,1408,1409,-1,1409,1408,1410,-1,1409,1410,1411,-1,1411,1410,1412,-1,1411,1412,1413,-1,1414,1413,1415,-1,1415,1413,1412,-1,1414,1415,1416,-1,1416,1415,1417,-1,1416,1417,1418,-1,1418,1417,1419,-1,1418,1419,1420,-1,1420,1419,1421,-1,1420,1421,1422,-1,1422,1421,1423,-1,1422,1423,1424,-1,1424,1423,1425,-1,1424,1425,1426,-1,1426,1425,1427,-1,1426,1427,1345,-1,1345,1427,1347,-1,1344,1348,1345,-1,1345,1348,1350,-1,1345,1350,1426,-1,1426,1350,1353,-1,1426,1353,1424,-1,1424,1353,1355,-1,1424,1355,1422,-1,1422,1355,1357,-1,1422,1357,1420,-1,1420,1357,1359,-1,1420,1359,1418,-1,1418,1359,1361,-1,1418,1361,1416,-1,1416,1361,1363,-1,1416,1363,1414,-1,1414,1363,1365,-1,1414,1365,1413,-1,1413,1365,1366,-1,1413,1366,1411,-1,1411,1366,1368,-1,1411,1368,1409,-1,1409,1368,1370,-1,1409,1370,1407,-1,1407,1370,1372,-1,1407,1372,1405,-1,1405,1372,1374,-1,1405,1374,1403,-1,1403,1374,1376,-1,1403,1376,1401,-1,1401,1376,1378,-1,1401,1378,1398,-1,1398,1378,1380,-1,1398,1380,1396,-1,1396,1380,1382,-1,1396,1382,1394,-1,1394,1382,1384,-1,1394,1384,1392,-1,1392,1384,1386,-1,1392,1386,1390,-1,1390,1386,1388,-1,1391,1389,1393,-1,1393,1389,1387,-1,1393,1387,1395,-1,1395,1387,1385,-1,1395,1385,1397,-1,1397,1385,1383,-1,1397,1383,1399,-1,1399,1383,1381,-1,1399,1381,1400,-1,1400,1381,1379,-1,1400,1379,1402,-1,1402,1379,1377,-1,1402,1377,1404,-1,1404,1377,1375,-1,1404,1375,1406,-1,1406,1375,1373,-1,1406,1373,1408,-1,1408,1373,1371,-1,1408,1371,1410,-1,1410,1371,1369,-1,1410,1369,1412,-1,1412,1369,1367,-1,1412,1367,1415,-1,1415,1367,1364,-1,1415,1364,1417,-1,1417,1364,1362,-1,1417,1362,1419,-1,1419,1362,1360,-1,1419,1360,1421,-1,1421,1360,1358,-1,1421,1358,1423,-1,1423,1358,1356,-1,1423,1356,1425,-1,1425,1356,1354,-1,1425,1354,1427,-1,1427,1354,1352,-1,1427,1352,1347,-1,1347,1352,1351,-1,1347,1351,1346,-1,1346,1351,1349,-1,1428,1429,1430,-1,1430,1429,1431,-1,1432,1428,1433,-1,1433,1428,1430,-1,1434,1432,1435,-1,1435,1432,1433,-1,1434,1435,1436,-1,1434,1436,1437,-1,1437,1436,1438,-1,1437,1438,1439,-1,1439,1438,1440,-1,1439,1440,1441,-1,1441,1440,1442,-1,1441,1442,1443,-1,1443,1442,1444,-1,1443,1444,1445,-1,1445,1444,1446,-1,1445,1446,1447,-1,1447,1446,1448,-1,1447,1448,1449,-1,1450,1449,1451,-1,1451,1449,1448,-1,1450,1451,1452,-1,1452,1451,1453,-1,1452,1453,1454,-1,1454,1453,1455,-1,1454,1455,1456,-1,1456,1455,1457,-1,1456,1457,1458,-1,1458,1457,1459,-1,1458,1459,1460,-1,1460,1459,1461,-1,1460,1461,1462,-1,1462,1461,1463,-1,1462,1463,1464,-1,1464,1463,1465,-1,1466,1464,1467,-1,1467,1464,1465,-1,1468,1466,1469,-1,1469,1466,1467,-1,1470,1468,1471,-1,1471,1468,1469,-1,1472,1470,1473,-1,1473,1470,1471,-1,1474,1472,1475,-1,1475,1472,1473,-1,1476,1474,1477,-1,1477,1474,1475,-1,1478,1476,1479,-1,1479,1476,1477,-1,1480,1478,1481,-1,1481,1478,1479,-1,1482,1480,1483,-1,1483,1480,1481,-1,1482,1483,1484,-1,1482,1484,1485,-1,1485,1484,1486,-1,1485,1486,1487,-1,1487,1486,1488,-1,1487,1488,1489,-1,1489,1488,1490,-1,1489,1490,1491,-1,1491,1490,1492,-1,1491,1492,1493,-1,1493,1492,1494,-1,1493,1494,1495,-1,1495,1494,1496,-1,1495,1496,1497,-1,1498,1497,1499,-1,1499,1497,1496,-1,1498,1499,1500,-1,1500,1499,1501,-1,1500,1501,1502,-1,1502,1501,1503,-1,1502,1503,1504,-1,1504,1503,1505,-1,1504,1505,1506,-1,1506,1505,1507,-1,1506,1507,1508,-1,1508,1507,1509,-1,1508,1509,1510,-1,1510,1509,1511,-1,1510,1511,1429,-1,1429,1511,1431,-1,1428,1432,1429,-1,1429,1432,1434,-1,1429,1434,1510,-1,1510,1434,1437,-1,1510,1437,1508,-1,1508,1437,1439,-1,1508,1439,1506,-1,1506,1439,1441,-1,1506,1441,1504,-1,1504,1441,1443,-1,1504,1443,1502,-1,1502,1443,1445,-1,1502,1445,1500,-1,1500,1445,1447,-1,1500,1447,1498,-1,1498,1447,1449,-1,1498,1449,1497,-1,1497,1449,1450,-1,1497,1450,1495,-1,1495,1450,1452,-1,1495,1452,1493,-1,1493,1452,1454,-1,1493,1454,1491,-1,1491,1454,1456,-1,1491,1456,1489,-1,1489,1456,1458,-1,1489,1458,1487,-1,1487,1458,1460,-1,1487,1460,1485,-1,1485,1460,1462,-1,1485,1462,1482,-1,1482,1462,1464,-1,1482,1464,1480,-1,1480,1464,1466,-1,1480,1466,1478,-1,1478,1466,1468,-1,1478,1468,1476,-1,1476,1468,1470,-1,1476,1470,1474,-1,1474,1470,1472,-1,1475,1473,1477,-1,1477,1473,1471,-1,1477,1471,1479,-1,1479,1471,1469,-1,1479,1469,1481,-1,1481,1469,1467,-1,1481,1467,1483,-1,1483,1467,1465,-1,1483,1465,1484,-1,1484,1465,1463,-1,1484,1463,1486,-1,1486,1463,1461,-1,1486,1461,1488,-1,1488,1461,1459,-1,1488,1459,1490,-1,1490,1459,1457,-1,1490,1457,1492,-1,1492,1457,1455,-1,1492,1455,1494,-1,1494,1455,1453,-1,1494,1453,1496,-1,1496,1453,1451,-1,1496,1451,1499,-1,1499,1451,1448,-1,1499,1448,1501,-1,1501,1448,1446,-1,1501,1446,1503,-1,1503,1446,1444,-1,1503,1444,1505,-1,1505,1444,1442,-1,1505,1442,1507,-1,1507,1442,1440,-1,1507,1440,1509,-1,1509,1440,1438,-1,1509,1438,1511,-1,1511,1438,1436,-1,1511,1436,1431,-1,1431,1436,1435,-1,1431,1435,1430,-1,1430,1435,1433,-1,1512,1513,1514,-1,1514,1513,1515,-1,1516,1512,1517,-1,1517,1512,1514,-1,1518,1516,1519,-1,1519,1516,1517,-1,1518,1519,1520,-1,1518,1520,1521,-1,1521,1520,1522,-1,1521,1522,1523,-1,1523,1522,1524,-1,1523,1524,1525,-1,1525,1524,1526,-1,1525,1526,1527,-1,1527,1526,1528,-1,1527,1528,1529,-1,1529,1528,1530,-1,1529,1530,1531,-1,1531,1530,1532,-1,1531,1532,1533,-1,1534,1533,1535,-1,1535,1533,1532,-1,1534,1535,1536,-1,1536,1535,1537,-1,1536,1537,1538,-1,1538,1537,1539,-1,1538,1539,1540,-1,1540,1539,1541,-1,1540,1541,1542,-1,1542,1541,1543,-1,1542,1543,1544,-1,1544,1543,1545,-1,1544,1545,1546,-1,1546,1545,1547,-1,1546,1547,1548,-1,1548,1547,1549,-1,1550,1548,1551,-1,1551,1548,1549,-1,1552,1550,1553,-1,1553,1550,1551,-1,1554,1552,1555,-1,1555,1552,1553,-1,1556,1554,1557,-1,1557,1554,1555,-1,1558,1556,1559,-1,1559,1556,1557,-1,1560,1558,1561,-1,1561,1558,1559,-1,1562,1560,1563,-1,1563,1560,1561,-1,1564,1562,1565,-1,1565,1562,1563,-1,1566,1564,1567,-1,1567,1564,1565,-1,1566,1567,1568,-1,1566,1568,1569,-1,1569,1568,1570,-1,1569,1570,1571,-1,1571,1570,1572,-1,1571,1572,1573,-1,1573,1572,1574,-1,1573,1574,1575,-1,1575,1574,1576,-1,1575,1576,1577,-1,1577,1576,1578,-1,1577,1578,1579,-1,1579,1578,1580,-1,1579,1580,1581,-1,1582,1581,1583,-1,1583,1581,1580,-1,1582,1583,1584,-1,1584,1583,1585,-1,1584,1585,1586,-1,1586,1585,1587,-1,1586,1587,1588,-1,1588,1587,1589,-1,1588,1589,1590,-1,1590,1589,1591,-1,1590,1591,1592,-1,1592,1591,1593,-1,1592,1593,1594,-1,1594,1593,1595,-1,1594,1595,1513,-1,1513,1595,1515,-1,1512,1516,1513,-1,1513,1516,1518,-1,1513,1518,1594,-1,1594,1518,1521,-1,1594,1521,1592,-1,1592,1521,1523,-1,1592,1523,1590,-1,1590,1523,1525,-1,1590,1525,1588,-1,1588,1525,1527,-1,1588,1527,1586,-1,1586,1527,1529,-1,1586,1529,1584,-1,1584,1529,1531,-1,1584,1531,1582,-1,1582,1531,1533,-1,1582,1533,1581,-1,1581,1533,1534,-1,1581,1534,1579,-1,1579,1534,1536,-1,1579,1536,1577,-1,1577,1536,1538,-1,1577,1538,1575,-1,1575,1538,1540,-1,1575,1540,1573,-1,1573,1540,1542,-1,1573,1542,1571,-1,1571,1542,1544,-1,1571,1544,1569,-1,1569,1544,1546,-1,1569,1546,1566,-1,1566,1546,1548,-1,1566,1548,1564,-1,1564,1548,1550,-1,1564,1550,1562,-1,1562,1550,1552,-1,1562,1552,1560,-1,1560,1552,1554,-1,1560,1554,1558,-1,1558,1554,1556,-1,1559,1557,1561,-1,1561,1557,1555,-1,1561,1555,1563,-1,1563,1555,1553,-1,1563,1553,1565,-1,1565,1553,1551,-1,1565,1551,1567,-1,1567,1551,1549,-1,1567,1549,1568,-1,1568,1549,1547,-1,1568,1547,1570,-1,1570,1547,1545,-1,1570,1545,1572,-1,1572,1545,1543,-1,1572,1543,1574,-1,1574,1543,1541,-1,1574,1541,1576,-1,1576,1541,1539,-1,1576,1539,1578,-1,1578,1539,1537,-1,1578,1537,1580,-1,1580,1537,1535,-1,1580,1535,1583,-1,1583,1535,1532,-1,1583,1532,1585,-1,1585,1532,1530,-1,1585,1530,1587,-1,1587,1530,1528,-1,1587,1528,1589,-1,1589,1528,1526,-1,1589,1526,1591,-1,1591,1526,1524,-1,1591,1524,1593,-1,1593,1524,1522,-1,1593,1522,1595,-1,1595,1522,1520,-1,1595,1520,1515,-1,1515,1520,1519,-1,1515,1519,1514,-1,1514,1519,1517,-1,1596,1597,1598,-1,1598,1597,1599,-1,1600,1596,1601,-1,1601,1596,1598,-1,1602,1600,1603,-1,1603,1600,1601,-1,1602,1603,1604,-1,1602,1604,1605,-1,1605,1604,1606,-1,1605,1606,1607,-1,1607,1606,1608,-1,1607,1608,1609,-1,1609,1608,1610,-1,1609,1610,1611,-1,1611,1610,1612,-1,1611,1612,1613,-1,1613,1612,1614,-1,1613,1614,1615,-1,1615,1614,1616,-1,1615,1616,1617,-1,1618,1617,1619,-1,1619,1617,1616,-1,1618,1619,1620,-1,1620,1619,1621,-1,1620,1621,1622,-1,1622,1621,1623,-1,1622,1623,1624,-1,1624,1623,1625,-1,1624,1625,1626,-1,1626,1625,1627,-1,1626,1627,1628,-1,1628,1627,1629,-1,1628,1629,1630,-1,1630,1629,1631,-1,1630,1631,1632,-1,1632,1631,1633,-1,1634,1632,1635,-1,1635,1632,1633,-1,1636,1634,1637,-1,1637,1634,1635,-1,1638,1636,1639,-1,1639,1636,1637,-1,1640,1638,1641,-1,1641,1638,1639,-1,1642,1640,1643,-1,1643,1640,1641,-1,1644,1642,1645,-1,1645,1642,1643,-1,1646,1644,1647,-1,1647,1644,1645,-1,1648,1646,1649,-1,1649,1646,1647,-1,1650,1648,1651,-1,1651,1648,1649,-1,1650,1651,1652,-1,1650,1652,1653,-1,1653,1652,1654,-1,1653,1654,1655,-1,1655,1654,1656,-1,1655,1656,1657,-1,1657,1656,1658,-1,1657,1658,1659,-1,1659,1658,1660,-1,1659,1660,1661,-1,1661,1660,1662,-1,1661,1662,1663,-1,1663,1662,1664,-1,1663,1664,1665,-1,1666,1665,1667,-1,1667,1665,1664,-1,1666,1667,1668,-1,1668,1667,1669,-1,1668,1669,1670,-1,1670,1669,1671,-1,1670,1671,1672,-1,1672,1671,1673,-1,1672,1673,1674,-1,1674,1673,1675,-1,1674,1675,1676,-1,1676,1675,1677,-1,1676,1677,1678,-1,1678,1677,1679,-1,1678,1679,1597,-1,1597,1679,1599,-1,1596,1600,1597,-1,1597,1600,1602,-1,1597,1602,1678,-1,1678,1602,1605,-1,1678,1605,1676,-1,1676,1605,1607,-1,1676,1607,1674,-1,1674,1607,1609,-1,1674,1609,1672,-1,1672,1609,1611,-1,1672,1611,1670,-1,1670,1611,1613,-1,1670,1613,1668,-1,1668,1613,1615,-1,1668,1615,1666,-1,1666,1615,1617,-1,1666,1617,1665,-1,1665,1617,1618,-1,1665,1618,1663,-1,1663,1618,1620,-1,1663,1620,1661,-1,1661,1620,1622,-1,1661,1622,1659,-1,1659,1622,1624,-1,1659,1624,1657,-1,1657,1624,1626,-1,1657,1626,1655,-1,1655,1626,1628,-1,1655,1628,1653,-1,1653,1628,1630,-1,1653,1630,1650,-1,1650,1630,1632,-1,1650,1632,1648,-1,1648,1632,1634,-1,1648,1634,1646,-1,1646,1634,1636,-1,1646,1636,1644,-1,1644,1636,1638,-1,1644,1638,1642,-1,1642,1638,1640,-1,1643,1641,1645,-1,1645,1641,1639,-1,1645,1639,1647,-1,1647,1639,1637,-1,1647,1637,1649,-1,1649,1637,1635,-1,1649,1635,1651,-1,1651,1635,1633,-1,1651,1633,1652,-1,1652,1633,1631,-1,1652,1631,1654,-1,1654,1631,1629,-1,1654,1629,1656,-1,1656,1629,1627,-1,1656,1627,1658,-1,1658,1627,1625,-1,1658,1625,1660,-1,1660,1625,1623,-1,1660,1623,1662,-1,1662,1623,1621,-1,1662,1621,1664,-1,1664,1621,1619,-1,1664,1619,1667,-1,1667,1619,1616,-1,1667,1616,1669,-1,1669,1616,1614,-1,1669,1614,1671,-1,1671,1614,1612,-1,1671,1612,1673,-1,1673,1612,1610,-1,1673,1610,1675,-1,1675,1610,1608,-1,1675,1608,1677,-1,1677,1608,1606,-1,1677,1606,1679,-1,1679,1606,1604,-1,1679,1604,1599,-1,1599,1604,1603,-1,1599,1603,1598,-1,1598,1603,1601,-1,1680,1681,1682,-1,1682,1681,1683,-1,1684,1680,1685,-1,1685,1680,1682,-1,1686,1684,1687,-1,1687,1684,1685,-1,1686,1687,1688,-1,1686,1688,1689,-1,1689,1688,1690,-1,1689,1690,1691,-1,1691,1690,1692,-1,1691,1692,1693,-1,1693,1692,1694,-1,1693,1694,1695,-1,1695,1694,1696,-1,1695,1696,1697,-1,1697,1696,1698,-1,1697,1698,1699,-1,1699,1698,1700,-1,1699,1700,1701,-1,1702,1701,1703,-1,1703,1701,1700,-1,1702,1703,1704,-1,1704,1703,1705,-1,1704,1705,1706,-1,1706,1705,1707,-1,1706,1707,1708,-1,1708,1707,1709,-1,1708,1709,1710,-1,1710,1709,1711,-1,1710,1711,1712,-1,1712,1711,1713,-1,1712,1713,1714,-1,1714,1713,1715,-1,1714,1715,1716,-1,1716,1715,1717,-1,1718,1716,1719,-1,1719,1716,1717,-1,1720,1718,1721,-1,1721,1718,1719,-1,1722,1720,1723,-1,1723,1720,1721,-1,1724,1722,1725,-1,1725,1722,1723,-1,1726,1724,1727,-1,1727,1724,1725,-1,1728,1726,1729,-1,1729,1726,1727,-1,1730,1728,1731,-1,1731,1728,1729,-1,1732,1730,1733,-1,1733,1730,1731,-1,1734,1732,1735,-1,1735,1732,1733,-1,1734,1735,1736,-1,1734,1736,1737,-1,1737,1736,1738,-1,1737,1738,1739,-1,1739,1738,1740,-1,1739,1740,1741,-1,1741,1740,1742,-1,1741,1742,1743,-1,1743,1742,1744,-1,1743,1744,1745,-1,1745,1744,1746,-1,1745,1746,1747,-1,1747,1746,1748,-1,1747,1748,1749,-1,1750,1749,1751,-1,1751,1749,1748,-1,1750,1751,1752,-1,1752,1751,1753,-1,1752,1753,1754,-1,1754,1753,1755,-1,1754,1755,1756,-1,1756,1755,1757,-1,1756,1757,1758,-1,1758,1757,1759,-1,1758,1759,1760,-1,1760,1759,1761,-1,1760,1761,1762,-1,1762,1761,1763,-1,1762,1763,1681,-1,1681,1763,1683,-1,1680,1684,1681,-1,1681,1684,1686,-1,1681,1686,1762,-1,1762,1686,1689,-1,1762,1689,1760,-1,1760,1689,1691,-1,1760,1691,1758,-1,1758,1691,1693,-1,1758,1693,1756,-1,1756,1693,1695,-1,1756,1695,1754,-1,1754,1695,1697,-1,1754,1697,1752,-1,1752,1697,1699,-1,1752,1699,1750,-1,1750,1699,1701,-1,1750,1701,1749,-1,1749,1701,1702,-1,1749,1702,1747,-1,1747,1702,1704,-1,1747,1704,1745,-1,1745,1704,1706,-1,1745,1706,1743,-1,1743,1706,1708,-1,1743,1708,1741,-1,1741,1708,1710,-1,1741,1710,1739,-1,1739,1710,1712,-1,1739,1712,1737,-1,1737,1712,1714,-1,1737,1714,1734,-1,1734,1714,1716,-1,1734,1716,1732,-1,1732,1716,1718,-1,1732,1718,1730,-1,1730,1718,1720,-1,1730,1720,1728,-1,1728,1720,1722,-1,1728,1722,1726,-1,1726,1722,1724,-1,1727,1725,1729,-1,1729,1725,1723,-1,1729,1723,1731,-1,1731,1723,1721,-1,1731,1721,1733,-1,1733,1721,1719,-1,1733,1719,1735,-1,1735,1719,1717,-1,1735,1717,1736,-1,1736,1717,1715,-1,1736,1715,1738,-1,1738,1715,1713,-1,1738,1713,1740,-1,1740,1713,1711,-1,1740,1711,1742,-1,1742,1711,1709,-1,1742,1709,1744,-1,1744,1709,1707,-1,1744,1707,1746,-1,1746,1707,1705,-1,1746,1705,1748,-1,1748,1705,1703,-1,1748,1703,1751,-1,1751,1703,1700,-1,1751,1700,1753,-1,1753,1700,1698,-1,1753,1698,1755,-1,1755,1698,1696,-1,1755,1696,1757,-1,1757,1696,1694,-1,1757,1694,1759,-1,1759,1694,1692,-1,1759,1692,1761,-1,1761,1692,1690,-1,1761,1690,1763,-1,1763,1690,1688,-1,1763,1688,1683,-1,1683,1688,1687,-1,1683,1687,1682,-1,1682,1687,1685,-1,1764,1765,1766,-1,1766,1765,1767,-1,1768,1764,1769,-1,1769,1764,1766,-1,1770,1768,1771,-1,1771,1768,1769,-1,1770,1771,1772,-1,1770,1772,1773,-1,1773,1772,1774,-1,1773,1774,1775,-1,1775,1774,1776,-1,1775,1776,1777,-1,1777,1776,1778,-1,1777,1778,1779,-1,1779,1778,1780,-1,1779,1780,1781,-1,1781,1780,1782,-1,1781,1782,1783,-1,1783,1782,1784,-1,1783,1784,1785,-1,1786,1785,1787,-1,1787,1785,1784,-1,1786,1787,1788,-1,1788,1787,1789,-1,1788,1789,1790,-1,1790,1789,1791,-1,1790,1791,1792,-1,1792,1791,1793,-1,1792,1793,1794,-1,1794,1793,1795,-1,1794,1795,1796,-1,1796,1795,1797,-1,1796,1797,1798,-1,1798,1797,1799,-1,1798,1799,1800,-1,1800,1799,1801,-1,1802,1800,1803,-1,1803,1800,1801,-1,1804,1802,1805,-1,1805,1802,1803,-1,1806,1804,1807,-1,1807,1804,1805,-1,1808,1806,1809,-1,1809,1806,1807,-1,1810,1808,1811,-1,1811,1808,1809,-1,1812,1810,1813,-1,1813,1810,1811,-1,1814,1812,1815,-1,1815,1812,1813,-1,1816,1814,1817,-1,1817,1814,1815,-1,1818,1816,1819,-1,1819,1816,1817,-1,1818,1819,1820,-1,1818,1820,1821,-1,1821,1820,1822,-1,1821,1822,1823,-1,1823,1822,1824,-1,1823,1824,1825,-1,1825,1824,1826,-1,1825,1826,1827,-1,1827,1826,1828,-1,1827,1828,1829,-1,1829,1828,1830,-1,1829,1830,1831,-1,1831,1830,1832,-1,1831,1832,1833,-1,1834,1833,1835,-1,1835,1833,1832,-1,1834,1835,1836,-1,1836,1835,1837,-1,1836,1837,1838,-1,1838,1837,1839,-1,1838,1839,1840,-1,1840,1839,1841,-1,1840,1841,1842,-1,1842,1841,1843,-1,1842,1843,1844,-1,1844,1843,1845,-1,1844,1845,1846,-1,1846,1845,1847,-1,1846,1847,1765,-1,1765,1847,1767,-1,1764,1768,1765,-1,1765,1768,1770,-1,1765,1770,1846,-1,1846,1770,1773,-1,1846,1773,1844,-1,1844,1773,1775,-1,1844,1775,1842,-1,1842,1775,1777,-1,1842,1777,1840,-1,1840,1777,1779,-1,1840,1779,1838,-1,1838,1779,1781,-1,1838,1781,1836,-1,1836,1781,1783,-1,1836,1783,1834,-1,1834,1783,1785,-1,1834,1785,1833,-1,1833,1785,1786,-1,1833,1786,1831,-1,1831,1786,1788,-1,1831,1788,1829,-1,1829,1788,1790,-1,1829,1790,1827,-1,1827,1790,1792,-1,1827,1792,1825,-1,1825,1792,1794,-1,1825,1794,1823,-1,1823,1794,1796,-1,1823,1796,1821,-1,1821,1796,1798,-1,1821,1798,1818,-1,1818,1798,1800,-1,1818,1800,1816,-1,1816,1800,1802,-1,1816,1802,1814,-1,1814,1802,1804,-1,1814,1804,1812,-1,1812,1804,1806,-1,1812,1806,1810,-1,1810,1806,1808,-1,1811,1809,1813,-1,1813,1809,1807,-1,1813,1807,1815,-1,1815,1807,1805,-1,1815,1805,1817,-1,1817,1805,1803,-1,1817,1803,1819,-1,1819,1803,1801,-1,1819,1801,1820,-1,1820,1801,1799,-1,1820,1799,1822,-1,1822,1799,1797,-1,1822,1797,1824,-1,1824,1797,1795,-1,1824,1795,1826,-1,1826,1795,1793,-1,1826,1793,1828,-1,1828,1793,1791,-1,1828,1791,1830,-1,1830,1791,1789,-1,1830,1789,1832,-1,1832,1789,1787,-1,1832,1787,1835,-1,1835,1787,1784,-1,1835,1784,1837,-1,1837,1784,1782,-1,1837,1782,1839,-1,1839,1782,1780,-1,1839,1780,1841,-1,1841,1780,1778,-1,1841,1778,1843,-1,1843,1778,1776,-1,1843,1776,1845,-1,1845,1776,1774,-1,1845,1774,1847,-1,1847,1774,1772,-1,1847,1772,1767,-1,1767,1772,1771,-1,1767,1771,1766,-1,1766,1771,1769,-1,1848,1849,1850,-1,1850,1849,1851,-1,1852,1848,1853,-1,1853,1848,1850,-1,1854,1852,1855,-1,1855,1852,1853,-1,1854,1855,1856,-1,1854,1856,1857,-1,1857,1856,1858,-1,1857,1858,1859,-1,1859,1858,1860,-1,1859,1860,1861,-1,1861,1860,1862,-1,1861,1862,1863,-1,1863,1862,1864,-1,1863,1864,1865,-1,1865,1864,1866,-1,1865,1866,1867,-1,1867,1866,1868,-1,1867,1868,1869,-1,1870,1869,1871,-1,1871,1869,1868,-1,1870,1871,1872,-1,1872,1871,1873,-1,1872,1873,1874,-1,1874,1873,1875,-1,1874,1875,1876,-1,1876,1875,1877,-1,1876,1877,1878,-1,1878,1877,1879,-1,1878,1879,1880,-1,1880,1879,1881,-1,1880,1881,1882,-1,1882,1881,1883,-1,1882,1883,1884,-1,1884,1883,1885,-1,1886,1884,1887,-1,1887,1884,1885,-1,1888,1886,1889,-1,1889,1886,1887,-1,1890,1888,1891,-1,1891,1888,1889,-1,1892,1890,1893,-1,1893,1890,1891,-1,1894,1892,1895,-1,1895,1892,1893,-1,1896,1894,1897,-1,1897,1894,1895,-1,1898,1896,1899,-1,1899,1896,1897,-1,1900,1898,1901,-1,1901,1898,1899,-1,1902,1900,1903,-1,1903,1900,1901,-1,1902,1903,1904,-1,1902,1904,1905,-1,1905,1904,1906,-1,1905,1906,1907,-1,1907,1906,1908,-1,1907,1908,1909,-1,1909,1908,1910,-1,1909,1910,1911,-1,1911,1910,1912,-1,1911,1912,1913,-1,1913,1912,1914,-1,1913,1914,1915,-1,1915,1914,1916,-1,1915,1916,1917,-1,1918,1917,1919,-1,1919,1917,1916,-1,1918,1919,1920,-1,1920,1919,1921,-1,1920,1921,1922,-1,1922,1921,1923,-1,1922,1923,1924,-1,1924,1923,1925,-1,1924,1925,1926,-1,1926,1925,1927,-1,1926,1927,1928,-1,1928,1927,1929,-1,1928,1929,1930,-1,1930,1929,1931,-1,1930,1931,1849,-1,1849,1931,1851,-1,1848,1852,1849,-1,1849,1852,1854,-1,1849,1854,1930,-1,1930,1854,1857,-1,1930,1857,1928,-1,1928,1857,1859,-1,1928,1859,1926,-1,1926,1859,1861,-1,1926,1861,1924,-1,1924,1861,1863,-1,1924,1863,1922,-1,1922,1863,1865,-1,1922,1865,1920,-1,1920,1865,1867,-1,1920,1867,1918,-1,1918,1867,1869,-1,1918,1869,1917,-1,1917,1869,1870,-1,1917,1870,1915,-1,1915,1870,1872,-1,1915,1872,1913,-1,1913,1872,1874,-1,1913,1874,1911,-1,1911,1874,1876,-1,1911,1876,1909,-1,1909,1876,1878,-1,1909,1878,1907,-1,1907,1878,1880,-1,1907,1880,1905,-1,1905,1880,1882,-1,1905,1882,1902,-1,1902,1882,1884,-1,1902,1884,1900,-1,1900,1884,1886,-1,1900,1886,1898,-1,1898,1886,1888,-1,1898,1888,1896,-1,1896,1888,1890,-1,1896,1890,1894,-1,1894,1890,1892,-1,1895,1893,1897,-1,1897,1893,1891,-1,1897,1891,1899,-1,1899,1891,1889,-1,1899,1889,1901,-1,1901,1889,1887,-1,1901,1887,1903,-1,1903,1887,1885,-1,1903,1885,1904,-1,1904,1885,1883,-1,1904,1883,1906,-1,1906,1883,1881,-1,1906,1881,1908,-1,1908,1881,1879,-1,1908,1879,1910,-1,1910,1879,1877,-1,1910,1877,1912,-1,1912,1877,1875,-1,1912,1875,1914,-1,1914,1875,1873,-1,1914,1873,1916,-1,1916,1873,1871,-1,1916,1871,1919,-1,1919,1871,1868,-1,1919,1868,1921,-1,1921,1868,1866,-1,1921,1866,1923,-1,1923,1866,1864,-1,1923,1864,1925,-1,1925,1864,1862,-1,1925,1862,1927,-1,1927,1862,1860,-1,1927,1860,1929,-1,1929,1860,1858,-1,1929,1858,1931,-1,1931,1858,1856,-1,1931,1856,1851,-1,1851,1856,1855,-1,1851,1855,1850,-1,1850,1855,1853,-1,1932,1933,1934,-1,1934,1933,1935,-1,1936,1932,1937,-1,1937,1932,1934,-1,1938,1936,1939,-1,1939,1936,1937,-1,1938,1939,1940,-1,1938,1940,1941,-1,1941,1940,1942,-1,1941,1942,1943,-1,1943,1942,1944,-1,1943,1944,1945,-1,1945,1944,1946,-1,1945,1946,1947,-1,1947,1946,1948,-1,1947,1948,1949,-1,1949,1948,1950,-1,1949,1950,1951,-1,1951,1950,1952,-1,1951,1952,1953,-1,1954,1953,1955,-1,1955,1953,1952,-1,1954,1955,1956,-1,1956,1955,1957,-1,1956,1957,1958,-1,1958,1957,1959,-1,1958,1959,1960,-1,1960,1959,1961,-1,1960,1961,1962,-1,1962,1961,1963,-1,1962,1963,1964,-1,1964,1963,1965,-1,1964,1965,1966,-1,1966,1965,1967,-1,1966,1967,1968,-1,1968,1967,1969,-1,1970,1968,1971,-1,1971,1968,1969,-1,1972,1970,1973,-1,1973,1970,1971,-1,1974,1972,1975,-1,1975,1972,1973,-1,1976,1974,1977,-1,1977,1974,1975,-1,1978,1976,1979,-1,1979,1976,1977,-1,1980,1978,1981,-1,1981,1978,1979,-1,1982,1980,1983,-1,1983,1980,1981,-1,1984,1982,1985,-1,1985,1982,1983,-1,1986,1984,1987,-1,1987,1984,1985,-1,1986,1987,1988,-1,1986,1988,1989,-1,1989,1988,1990,-1,1989,1990,1991,-1,1991,1990,1992,-1,1991,1992,1993,-1,1993,1992,1994,-1,1993,1994,1995,-1,1995,1994,1996,-1,1995,1996,1997,-1,1997,1996,1998,-1,1997,1998,1999,-1,1999,1998,2000,-1,1999,2000,2001,-1,2002,2001,2003,-1,2003,2001,2000,-1,2002,2003,2004,-1,2004,2003,2005,-1,2004,2005,2006,-1,2006,2005,2007,-1,2006,2007,2008,-1,2008,2007,2009,-1,2008,2009,2010,-1,2010,2009,2011,-1,2010,2011,2012,-1,2012,2011,2013,-1,2012,2013,2014,-1,2014,2013,2015,-1,2014,2015,1933,-1,1933,2015,1935,-1,1932,1936,1933,-1,1933,1936,1938,-1,1933,1938,2014,-1,2014,1938,1941,-1,2014,1941,2012,-1,2012,1941,1943,-1,2012,1943,2010,-1,2010,1943,1945,-1,2010,1945,2008,-1,2008,1945,1947,-1,2008,1947,2006,-1,2006,1947,1949,-1,2006,1949,2004,-1,2004,1949,1951,-1,2004,1951,2002,-1,2002,1951,1953,-1,2002,1953,2001,-1,2001,1953,1954,-1,2001,1954,1999,-1,1999,1954,1956,-1,1999,1956,1997,-1,1997,1956,1958,-1,1997,1958,1995,-1,1995,1958,1960,-1,1995,1960,1993,-1,1993,1960,1962,-1,1993,1962,1991,-1,1991,1962,1964,-1,1991,1964,1989,-1,1989,1964,1966,-1,1989,1966,1986,-1,1986,1966,1968,-1,1986,1968,1984,-1,1984,1968,1970,-1,1984,1970,1982,-1,1982,1970,1972,-1,1982,1972,1980,-1,1980,1972,1974,-1,1980,1974,1978,-1,1978,1974,1976,-1,1979,1977,1981,-1,1981,1977,1975,-1,1981,1975,1983,-1,1983,1975,1973,-1,1983,1973,1985,-1,1985,1973,1971,-1,1985,1971,1987,-1,1987,1971,1969,-1,1987,1969,1988,-1,1988,1969,1967,-1,1988,1967,1990,-1,1990,1967,1965,-1,1990,1965,1992,-1,1992,1965,1963,-1,1992,1963,1994,-1,1994,1963,1961,-1,1994,1961,1996,-1,1996,1961,1959,-1,1996,1959,1998,-1,1998,1959,1957,-1,1998,1957,2000,-1,2000,1957,1955,-1,2000,1955,2003,-1,2003,1955,1952,-1,2003,1952,2005,-1,2005,1952,1950,-1,2005,1950,2007,-1,2007,1950,1948,-1,2007,1948,2009,-1,2009,1948,1946,-1,2009,1946,2011,-1,2011,1946,1944,-1,2011,1944,2013,-1,2013,1944,1942,-1,2013,1942,2015,-1,2015,1942,1940,-1,2015,1940,1935,-1,1935,1940,1939,-1,1935,1939,1934,-1,1934,1939,1937,-1,2016,2017,2018,-1,2018,2017,2019,-1,2020,2016,2021,-1,2021,2016,2018,-1,2022,2020,2023,-1,2023,2020,2021,-1,2022,2023,2024,-1,2022,2024,2025,-1,2025,2024,2026,-1,2025,2026,2027,-1,2027,2026,2028,-1,2027,2028,2029,-1,2029,2028,2030,-1,2029,2030,2031,-1,2031,2030,2032,-1,2031,2032,2033,-1,2033,2032,2034,-1,2033,2034,2035,-1,2035,2034,2036,-1,2035,2036,2037,-1,2038,2037,2039,-1,2039,2037,2036,-1,2038,2039,2040,-1,2040,2039,2041,-1,2040,2041,2042,-1,2042,2041,2043,-1,2042,2043,2044,-1,2044,2043,2045,-1,2044,2045,2046,-1,2046,2045,2047,-1,2046,2047,2048,-1,2048,2047,2049,-1,2048,2049,2050,-1,2050,2049,2051,-1,2050,2051,2052,-1,2052,2051,2053,-1,2054,2052,2055,-1,2055,2052,2053,-1,2056,2054,2057,-1,2057,2054,2055,-1,2058,2056,2059,-1,2059,2056,2057,-1,2060,2058,2061,-1,2061,2058,2059,-1,2062,2060,2063,-1,2063,2060,2061,-1,2064,2062,2065,-1,2065,2062,2063,-1,2066,2064,2067,-1,2067,2064,2065,-1,2068,2066,2069,-1,2069,2066,2067,-1,2070,2068,2071,-1,2071,2068,2069,-1,2070,2071,2072,-1,2070,2072,2073,-1,2073,2072,2074,-1,2073,2074,2075,-1,2075,2074,2076,-1,2075,2076,2077,-1,2077,2076,2078,-1,2077,2078,2079,-1,2079,2078,2080,-1,2079,2080,2081,-1,2081,2080,2082,-1,2081,2082,2083,-1,2083,2082,2084,-1,2083,2084,2085,-1,2086,2085,2087,-1,2087,2085,2084,-1,2086,2087,2088,-1,2088,2087,2089,-1,2088,2089,2090,-1,2090,2089,2091,-1,2090,2091,2092,-1,2092,2091,2093,-1,2092,2093,2094,-1,2094,2093,2095,-1,2094,2095,2096,-1,2096,2095,2097,-1,2096,2097,2098,-1,2098,2097,2099,-1,2098,2099,2017,-1,2017,2099,2019,-1,2016,2020,2017,-1,2017,2020,2022,-1,2017,2022,2098,-1,2098,2022,2025,-1,2098,2025,2096,-1,2096,2025,2027,-1,2096,2027,2094,-1,2094,2027,2029,-1,2094,2029,2092,-1,2092,2029,2031,-1,2092,2031,2090,-1,2090,2031,2033,-1,2090,2033,2088,-1,2088,2033,2035,-1,2088,2035,2086,-1,2086,2035,2037,-1,2086,2037,2085,-1,2085,2037,2038,-1,2085,2038,2083,-1,2083,2038,2040,-1,2083,2040,2081,-1,2081,2040,2042,-1,2081,2042,2079,-1,2079,2042,2044,-1,2079,2044,2077,-1,2077,2044,2046,-1,2077,2046,2075,-1,2075,2046,2048,-1,2075,2048,2073,-1,2073,2048,2050,-1,2073,2050,2070,-1,2070,2050,2052,-1,2070,2052,2068,-1,2068,2052,2054,-1,2068,2054,2066,-1,2066,2054,2056,-1,2066,2056,2064,-1,2064,2056,2058,-1,2064,2058,2062,-1,2062,2058,2060,-1,2063,2061,2065,-1,2065,2061,2059,-1,2065,2059,2067,-1,2067,2059,2057,-1,2067,2057,2069,-1,2069,2057,2055,-1,2069,2055,2071,-1,2071,2055,2053,-1,2071,2053,2072,-1,2072,2053,2051,-1,2072,2051,2074,-1,2074,2051,2049,-1,2074,2049,2076,-1,2076,2049,2047,-1,2076,2047,2078,-1,2078,2047,2045,-1,2078,2045,2080,-1,2080,2045,2043,-1,2080,2043,2082,-1,2082,2043,2041,-1,2082,2041,2084,-1,2084,2041,2039,-1,2084,2039,2087,-1,2087,2039,2036,-1,2087,2036,2089,-1,2089,2036,2034,-1,2089,2034,2091,-1,2091,2034,2032,-1,2091,2032,2093,-1,2093,2032,2030,-1,2093,2030,2095,-1,2095,2030,2028,-1,2095,2028,2097,-1,2097,2028,2026,-1,2097,2026,2099,-1,2099,2026,2024,-1,2099,2024,2019,-1,2019,2024,2023,-1,2019,2023,2018,-1,2018,2023,2021,-1,2100,2101,2102,-1,2102,2101,2103,-1,2104,2100,2105,-1,2105,2100,2102,-1,2106,2104,2107,-1,2107,2104,2105,-1,2106,2107,2108,-1,2106,2108,2109,-1,2109,2108,2110,-1,2109,2110,2111,-1,2111,2110,2112,-1,2111,2112,2113,-1,2113,2112,2114,-1,2113,2114,2115,-1,2115,2114,2116,-1,2115,2116,2117,-1,2117,2116,2118,-1,2117,2118,2119,-1,2119,2118,2120,-1,2119,2120,2121,-1,2122,2121,2123,-1,2123,2121,2120,-1,2122,2123,2124,-1,2124,2123,2125,-1,2124,2125,2126,-1,2126,2125,2127,-1,2126,2127,2128,-1,2128,2127,2129,-1,2128,2129,2130,-1,2130,2129,2131,-1,2130,2131,2132,-1,2132,2131,2133,-1,2132,2133,2134,-1,2134,2133,2135,-1,2134,2135,2136,-1,2136,2135,2137,-1,2138,2136,2139,-1,2139,2136,2137,-1,2140,2138,2141,-1,2141,2138,2139,-1,2142,2140,2143,-1,2143,2140,2141,-1,2144,2142,2145,-1,2145,2142,2143,-1,2146,2144,2147,-1,2147,2144,2145,-1,2148,2146,2149,-1,2149,2146,2147,-1,2150,2148,2151,-1,2151,2148,2149,-1,2152,2150,2153,-1,2153,2150,2151,-1,2154,2152,2155,-1,2155,2152,2153,-1,2154,2155,2156,-1,2154,2156,2157,-1,2157,2156,2158,-1,2157,2158,2159,-1,2159,2158,2160,-1,2159,2160,2161,-1,2161,2160,2162,-1,2161,2162,2163,-1,2163,2162,2164,-1,2163,2164,2165,-1,2165,2164,2166,-1,2165,2166,2167,-1,2167,2166,2168,-1,2167,2168,2169,-1,2170,2169,2171,-1,2171,2169,2168,-1,2170,2171,2172,-1,2172,2171,2173,-1,2172,2173,2174,-1,2174,2173,2175,-1,2174,2175,2176,-1,2176,2175,2177,-1,2176,2177,2178,-1,2178,2177,2179,-1,2178,2179,2180,-1,2180,2179,2181,-1,2180,2181,2182,-1,2182,2181,2183,-1,2182,2183,2101,-1,2101,2183,2103,-1,2100,2104,2101,-1,2101,2104,2106,-1,2101,2106,2182,-1,2182,2106,2109,-1,2182,2109,2180,-1,2180,2109,2111,-1,2180,2111,2178,-1,2178,2111,2113,-1,2178,2113,2176,-1,2176,2113,2115,-1,2176,2115,2174,-1,2174,2115,2117,-1,2174,2117,2172,-1,2172,2117,2119,-1,2172,2119,2170,-1,2170,2119,2121,-1,2170,2121,2169,-1,2169,2121,2122,-1,2169,2122,2167,-1,2167,2122,2124,-1,2167,2124,2165,-1,2165,2124,2126,-1,2165,2126,2163,-1,2163,2126,2128,-1,2163,2128,2161,-1,2161,2128,2130,-1,2161,2130,2159,-1,2159,2130,2132,-1,2159,2132,2157,-1,2157,2132,2134,-1,2157,2134,2154,-1,2154,2134,2136,-1,2154,2136,2152,-1,2152,2136,2138,-1,2152,2138,2150,-1,2150,2138,2140,-1,2150,2140,2148,-1,2148,2140,2142,-1,2148,2142,2146,-1,2146,2142,2144,-1,2147,2145,2149,-1,2149,2145,2143,-1,2149,2143,2151,-1,2151,2143,2141,-1,2151,2141,2153,-1,2153,2141,2139,-1,2153,2139,2155,-1,2155,2139,2137,-1,2155,2137,2156,-1,2156,2137,2135,-1,2156,2135,2158,-1,2158,2135,2133,-1,2158,2133,2160,-1,2160,2133,2131,-1,2160,2131,2162,-1,2162,2131,2129,-1,2162,2129,2164,-1,2164,2129,2127,-1,2164,2127,2166,-1,2166,2127,2125,-1,2166,2125,2168,-1,2168,2125,2123,-1,2168,2123,2171,-1,2171,2123,2120,-1,2171,2120,2173,-1,2173,2120,2118,-1,2173,2118,2175,-1,2175,2118,2116,-1,2175,2116,2177,-1,2177,2116,2114,-1,2177,2114,2179,-1,2179,2114,2112,-1,2179,2112,2181,-1,2181,2112,2110,-1,2181,2110,2183,-1,2183,2110,2108,-1,2183,2108,2103,-1,2103,2108,2107,-1,2103,2107,2102,-1,2102,2107,2105,-1,2184,2185,2186,-1,2186,2185,2187,-1,2188,2184,2189,-1,2189,2184,2186,-1,2190,2188,2191,-1,2191,2188,2189,-1,2190,2191,2192,-1,2190,2192,2193,-1,2193,2192,2194,-1,2193,2194,2195,-1,2195,2194,2196,-1,2195,2196,2197,-1,2197,2196,2198,-1,2197,2198,2199,-1,2199,2198,2200,-1,2199,2200,2201,-1,2201,2200,2202,-1,2201,2202,2203,-1,2203,2202,2204,-1,2203,2204,2205,-1,2206,2205,2207,-1,2207,2205,2204,-1,2206,2207,2208,-1,2208,2207,2209,-1,2208,2209,2210,-1,2210,2209,2211,-1,2210,2211,2212,-1,2212,2211,2213,-1,2212,2213,2214,-1,2214,2213,2215,-1,2214,2215,2216,-1,2216,2215,2217,-1,2216,2217,2218,-1,2218,2217,2219,-1,2218,2219,2220,-1,2220,2219,2221,-1,2222,2220,2223,-1,2223,2220,2221,-1,2224,2222,2225,-1,2225,2222,2223,-1,2226,2224,2227,-1,2227,2224,2225,-1,2228,2226,2229,-1,2229,2226,2227,-1,2230,2228,2231,-1,2231,2228,2229,-1,2232,2230,2233,-1,2233,2230,2231,-1,2234,2232,2235,-1,2235,2232,2233,-1,2236,2234,2237,-1,2237,2234,2235,-1,2238,2236,2239,-1,2239,2236,2237,-1,2238,2239,2240,-1,2238,2240,2241,-1,2241,2240,2242,-1,2241,2242,2243,-1,2243,2242,2244,-1,2243,2244,2245,-1,2245,2244,2246,-1,2245,2246,2247,-1,2247,2246,2248,-1,2247,2248,2249,-1,2249,2248,2250,-1,2249,2250,2251,-1,2251,2250,2252,-1,2251,2252,2253,-1,2254,2253,2255,-1,2255,2253,2252,-1,2254,2255,2256,-1,2256,2255,2257,-1,2256,2257,2258,-1,2258,2257,2259,-1,2258,2259,2260,-1,2260,2259,2261,-1,2260,2261,2262,-1,2262,2261,2263,-1,2262,2263,2264,-1,2264,2263,2265,-1,2264,2265,2266,-1,2266,2265,2267,-1,2266,2267,2185,-1,2185,2267,2187,-1,2184,2188,2185,-1,2185,2188,2190,-1,2185,2190,2266,-1,2266,2190,2193,-1,2266,2193,2264,-1,2264,2193,2195,-1,2264,2195,2262,-1,2262,2195,2197,-1,2262,2197,2260,-1,2260,2197,2199,-1,2260,2199,2258,-1,2258,2199,2201,-1,2258,2201,2256,-1,2256,2201,2203,-1,2256,2203,2254,-1,2254,2203,2205,-1,2254,2205,2253,-1,2253,2205,2206,-1,2253,2206,2251,-1,2251,2206,2208,-1,2251,2208,2249,-1,2249,2208,2210,-1,2249,2210,2247,-1,2247,2210,2212,-1,2247,2212,2245,-1,2245,2212,2214,-1,2245,2214,2243,-1,2243,2214,2216,-1,2243,2216,2241,-1,2241,2216,2218,-1,2241,2218,2238,-1,2238,2218,2220,-1,2238,2220,2236,-1,2236,2220,2222,-1,2236,2222,2234,-1,2234,2222,2224,-1,2234,2224,2232,-1,2232,2224,2226,-1,2232,2226,2230,-1,2230,2226,2228,-1,2231,2229,2233,-1,2233,2229,2227,-1,2233,2227,2235,-1,2235,2227,2225,-1,2235,2225,2237,-1,2237,2225,2223,-1,2237,2223,2239,-1,2239,2223,2221,-1,2239,2221,2240,-1,2240,2221,2219,-1,2240,2219,2242,-1,2242,2219,2217,-1,2242,2217,2244,-1,2244,2217,2215,-1,2244,2215,2246,-1,2246,2215,2213,-1,2246,2213,2248,-1,2248,2213,2211,-1,2248,2211,2250,-1,2250,2211,2209,-1,2250,2209,2252,-1,2252,2209,2207,-1,2252,2207,2255,-1,2255,2207,2204,-1,2255,2204,2257,-1,2257,2204,2202,-1,2257,2202,2259,-1,2259,2202,2200,-1,2259,2200,2261,-1,2261,2200,2198,-1,2261,2198,2263,-1,2263,2198,2196,-1,2263,2196,2265,-1,2265,2196,2194,-1,2265,2194,2267,-1,2267,2194,2192,-1,2267,2192,2187,-1,2187,2192,2191,-1,2187,2191,2186,-1,2186,2191,2189,-1,2268,2269,2270,-1,2270,2269,2271,-1,2272,2268,2273,-1,2273,2268,2270,-1,2274,2272,2275,-1,2275,2272,2273,-1,2274,2275,2276,-1,2274,2276,2277,-1,2277,2276,2278,-1,2277,2278,2279,-1,2279,2278,2280,-1,2279,2280,2281,-1,2281,2280,2282,-1,2281,2282,2283,-1,2283,2282,2284,-1,2283,2284,2285,-1,2285,2284,2286,-1,2285,2286,2287,-1,2287,2286,2288,-1,2287,2288,2289,-1,2290,2289,2291,-1,2291,2289,2288,-1,2290,2291,2292,-1,2292,2291,2293,-1,2292,2293,2294,-1,2294,2293,2295,-1,2294,2295,2296,-1,2296,2295,2297,-1,2296,2297,2298,-1,2298,2297,2299,-1,2298,2299,2300,-1,2300,2299,2301,-1,2300,2301,2302,-1,2302,2301,2303,-1,2302,2303,2304,-1,2304,2303,2305,-1,2306,2304,2307,-1,2307,2304,2305,-1,2308,2306,2309,-1,2309,2306,2307,-1,2310,2308,2311,-1,2311,2308,2309,-1,2312,2310,2313,-1,2313,2310,2311,-1,2314,2312,2315,-1,2315,2312,2313,-1,2316,2314,2317,-1,2317,2314,2315,-1,2318,2316,2319,-1,2319,2316,2317,-1,2320,2318,2321,-1,2321,2318,2319,-1,2322,2320,2323,-1,2323,2320,2321,-1,2322,2323,2324,-1,2322,2324,2325,-1,2325,2324,2326,-1,2325,2326,2327,-1,2327,2326,2328,-1,2327,2328,2329,-1,2329,2328,2330,-1,2329,2330,2331,-1,2331,2330,2332,-1,2331,2332,2333,-1,2333,2332,2334,-1,2333,2334,2335,-1,2335,2334,2336,-1,2335,2336,2337,-1,2338,2337,2339,-1,2339,2337,2336,-1,2338,2339,2340,-1,2340,2339,2341,-1,2340,2341,2342,-1,2342,2341,2343,-1,2342,2343,2344,-1,2344,2343,2345,-1,2344,2345,2346,-1,2346,2345,2347,-1,2346,2347,2348,-1,2348,2347,2349,-1,2348,2349,2350,-1,2350,2349,2351,-1,2350,2351,2269,-1,2269,2351,2271,-1,2268,2272,2269,-1,2269,2272,2274,-1,2269,2274,2350,-1,2350,2274,2277,-1,2350,2277,2348,-1,2348,2277,2279,-1,2348,2279,2346,-1,2346,2279,2281,-1,2346,2281,2344,-1,2344,2281,2283,-1,2344,2283,2342,-1,2342,2283,2285,-1,2342,2285,2340,-1,2340,2285,2287,-1,2340,2287,2338,-1,2338,2287,2289,-1,2338,2289,2337,-1,2337,2289,2290,-1,2337,2290,2335,-1,2335,2290,2292,-1,2335,2292,2333,-1,2333,2292,2294,-1,2333,2294,2331,-1,2331,2294,2296,-1,2331,2296,2329,-1,2329,2296,2298,-1,2329,2298,2327,-1,2327,2298,2300,-1,2327,2300,2325,-1,2325,2300,2302,-1,2325,2302,2322,-1,2322,2302,2304,-1,2322,2304,2320,-1,2320,2304,2306,-1,2320,2306,2318,-1,2318,2306,2308,-1,2318,2308,2316,-1,2316,2308,2310,-1,2316,2310,2314,-1,2314,2310,2312,-1,2315,2313,2317,-1,2317,2313,2311,-1,2317,2311,2319,-1,2319,2311,2309,-1,2319,2309,2321,-1,2321,2309,2307,-1,2321,2307,2323,-1,2323,2307,2305,-1,2323,2305,2324,-1,2324,2305,2303,-1,2324,2303,2326,-1,2326,2303,2301,-1,2326,2301,2328,-1,2328,2301,2299,-1,2328,2299,2330,-1,2330,2299,2297,-1,2330,2297,2332,-1,2332,2297,2295,-1,2332,2295,2334,-1,2334,2295,2293,-1,2334,2293,2336,-1,2336,2293,2291,-1,2336,2291,2339,-1,2339,2291,2288,-1,2339,2288,2341,-1,2341,2288,2286,-1,2341,2286,2343,-1,2343,2286,2284,-1,2343,2284,2345,-1,2345,2284,2282,-1,2345,2282,2347,-1,2347,2282,2280,-1,2347,2280,2349,-1,2349,2280,2278,-1,2349,2278,2351,-1,2351,2278,2276,-1,2351,2276,2271,-1,2271,2276,2275,-1,2271,2275,2270,-1,2270,2275,2273,-1,2352,2353,2354,-1,2354,2353,2355,-1,2356,2352,2357,-1,2357,2352,2354,-1,2358,2356,2359,-1,2359,2356,2357,-1,2358,2359,2360,-1,2358,2360,2361,-1,2361,2360,2362,-1,2361,2362,2363,-1,2363,2362,2364,-1,2363,2364,2365,-1,2365,2364,2366,-1,2365,2366,2367,-1,2367,2366,2368,-1,2367,2368,2369,-1,2369,2368,2370,-1,2369,2370,2371,-1,2371,2370,2372,-1,2371,2372,2373,-1,2374,2373,2375,-1,2375,2373,2372,-1,2374,2375,2376,-1,2376,2375,2377,-1,2376,2377,2378,-1,2378,2377,2379,-1,2378,2379,2380,-1,2380,2379,2381,-1,2380,2381,2382,-1,2382,2381,2383,-1,2382,2383,2384,-1,2384,2383,2385,-1,2384,2385,2386,-1,2386,2385,2387,-1,2386,2387,2388,-1,2388,2387,2389,-1,2390,2388,2391,-1,2391,2388,2389,-1,2392,2390,2393,-1,2393,2390,2391,-1,2394,2392,2395,-1,2395,2392,2393,-1,2396,2394,2397,-1,2397,2394,2395,-1,2398,2396,2399,-1,2399,2396,2397,-1,2400,2398,2401,-1,2401,2398,2399,-1,2402,2400,2403,-1,2403,2400,2401,-1,2404,2402,2405,-1,2405,2402,2403,-1,2406,2404,2407,-1,2407,2404,2405,-1,2406,2407,2408,-1,2406,2408,2409,-1,2409,2408,2410,-1,2409,2410,2411,-1,2411,2410,2412,-1,2411,2412,2413,-1,2413,2412,2414,-1,2413,2414,2415,-1,2415,2414,2416,-1,2415,2416,2417,-1,2417,2416,2418,-1,2417,2418,2419,-1,2419,2418,2420,-1,2419,2420,2421,-1,2422,2421,2423,-1,2423,2421,2420,-1,2422,2423,2424,-1,2424,2423,2425,-1,2424,2425,2426,-1,2426,2425,2427,-1,2426,2427,2428,-1,2428,2427,2429,-1,2428,2429,2430,-1,2430,2429,2431,-1,2430,2431,2432,-1,2432,2431,2433,-1,2432,2433,2434,-1,2434,2433,2435,-1,2434,2435,2353,-1,2353,2435,2355,-1,2352,2356,2353,-1,2353,2356,2358,-1,2353,2358,2434,-1,2434,2358,2361,-1,2434,2361,2432,-1,2432,2361,2363,-1,2432,2363,2430,-1,2430,2363,2365,-1,2430,2365,2428,-1,2428,2365,2367,-1,2428,2367,2426,-1,2426,2367,2369,-1,2426,2369,2424,-1,2424,2369,2371,-1,2424,2371,2422,-1,2422,2371,2373,-1,2422,2373,2421,-1,2421,2373,2374,-1,2421,2374,2419,-1,2419,2374,2376,-1,2419,2376,2417,-1,2417,2376,2378,-1,2417,2378,2415,-1,2415,2378,2380,-1,2415,2380,2413,-1,2413,2380,2382,-1,2413,2382,2411,-1,2411,2382,2384,-1,2411,2384,2409,-1,2409,2384,2386,-1,2409,2386,2406,-1,2406,2386,2388,-1,2406,2388,2404,-1,2404,2388,2390,-1,2404,2390,2402,-1,2402,2390,2392,-1,2402,2392,2400,-1,2400,2392,2394,-1,2400,2394,2398,-1,2398,2394,2396,-1,2399,2397,2401,-1,2401,2397,2395,-1,2401,2395,2403,-1,2403,2395,2393,-1,2403,2393,2405,-1,2405,2393,2391,-1,2405,2391,2407,-1,2407,2391,2389,-1,2407,2389,2408,-1,2408,2389,2387,-1,2408,2387,2410,-1,2410,2387,2385,-1,2410,2385,2412,-1,2412,2385,2383,-1,2412,2383,2414,-1,2414,2383,2381,-1,2414,2381,2416,-1,2416,2381,2379,-1,2416,2379,2418,-1,2418,2379,2377,-1,2418,2377,2420,-1,2420,2377,2375,-1,2420,2375,2423,-1,2423,2375,2372,-1,2423,2372,2425,-1,2425,2372,2370,-1,2425,2370,2427,-1,2427,2370,2368,-1,2427,2368,2429,-1,2429,2368,2366,-1,2429,2366,2431,-1,2431,2366,2364,-1,2431,2364,2433,-1,2433,2364,2362,-1,2433,2362,2435,-1,2435,2362,2360,-1,2435,2360,2355,-1,2355,2360,2359,-1,2355,2359,2354,-1,2354,2359,2357,-1,2436,2437,2438,-1,2438,2437,2439,-1,2440,2436,2441,-1,2441,2436,2438,-1,2442,2440,2443,-1,2443,2440,2441,-1,2442,2443,2444,-1,2442,2444,2445,-1,2445,2444,2446,-1,2445,2446,2447,-1,2447,2446,2448,-1,2447,2448,2449,-1,2449,2448,2450,-1,2449,2450,2451,-1,2451,2450,2452,-1,2451,2452,2453,-1,2453,2452,2454,-1,2453,2454,2455,-1,2455,2454,2456,-1,2455,2456,2457,-1,2458,2457,2459,-1,2459,2457,2456,-1,2458,2459,2460,-1,2460,2459,2461,-1,2460,2461,2462,-1,2462,2461,2463,-1,2462,2463,2464,-1,2464,2463,2465,-1,2464,2465,2466,-1,2466,2465,2467,-1,2466,2467,2468,-1,2468,2467,2469,-1,2468,2469,2470,-1,2470,2469,2471,-1,2470,2471,2472,-1,2472,2471,2473,-1,2474,2472,2475,-1,2475,2472,2473,-1,2476,2474,2477,-1,2477,2474,2475,-1,2478,2476,2479,-1,2479,2476,2477,-1,2480,2478,2481,-1,2481,2478,2479,-1,2482,2480,2483,-1,2483,2480,2481,-1,2484,2482,2485,-1,2485,2482,2483,-1,2486,2484,2487,-1,2487,2484,2485,-1,2488,2486,2489,-1,2489,2486,2487,-1,2490,2488,2491,-1,2491,2488,2489,-1,2490,2491,2492,-1,2490,2492,2493,-1,2493,2492,2494,-1,2493,2494,2495,-1,2495,2494,2496,-1,2495,2496,2497,-1,2497,2496,2498,-1,2497,2498,2499,-1,2499,2498,2500,-1,2499,2500,2501,-1,2501,2500,2502,-1,2501,2502,2503,-1,2503,2502,2504,-1,2503,2504,2505,-1,2506,2505,2507,-1,2507,2505,2504,-1,2506,2507,2508,-1,2508,2507,2509,-1,2508,2509,2510,-1,2510,2509,2511,-1,2510,2511,2512,-1,2512,2511,2513,-1,2512,2513,2514,-1,2514,2513,2515,-1,2514,2515,2516,-1,2516,2515,2517,-1,2516,2517,2518,-1,2518,2517,2519,-1,2518,2519,2437,-1,2437,2519,2439,-1,2436,2440,2437,-1,2437,2440,2442,-1,2437,2442,2518,-1,2518,2442,2445,-1,2518,2445,2516,-1,2516,2445,2447,-1,2516,2447,2514,-1,2514,2447,2449,-1,2514,2449,2512,-1,2512,2449,2451,-1,2512,2451,2510,-1,2510,2451,2453,-1,2510,2453,2508,-1,2508,2453,2455,-1,2508,2455,2506,-1,2506,2455,2457,-1,2506,2457,2505,-1,2505,2457,2458,-1,2505,2458,2503,-1,2503,2458,2460,-1,2503,2460,2501,-1,2501,2460,2462,-1,2501,2462,2499,-1,2499,2462,2464,-1,2499,2464,2497,-1,2497,2464,2466,-1,2497,2466,2495,-1,2495,2466,2468,-1,2495,2468,2493,-1,2493,2468,2470,-1,2493,2470,2490,-1,2490,2470,2472,-1,2490,2472,2488,-1,2488,2472,2474,-1,2488,2474,2486,-1,2486,2474,2476,-1,2486,2476,2484,-1,2484,2476,2478,-1,2484,2478,2482,-1,2482,2478,2480,-1,2483,2481,2485,-1,2485,2481,2479,-1,2485,2479,2487,-1,2487,2479,2477,-1,2487,2477,2489,-1,2489,2477,2475,-1,2489,2475,2491,-1,2491,2475,2473,-1,2491,2473,2492,-1,2492,2473,2471,-1,2492,2471,2494,-1,2494,2471,2469,-1,2494,2469,2496,-1,2496,2469,2467,-1,2496,2467,2498,-1,2498,2467,2465,-1,2498,2465,2500,-1,2500,2465,2463,-1,2500,2463,2502,-1,2502,2463,2461,-1,2502,2461,2504,-1,2504,2461,2459,-1,2504,2459,2507,-1,2507,2459,2456,-1,2507,2456,2509,-1,2509,2456,2454,-1,2509,2454,2511,-1,2511,2454,2452,-1,2511,2452,2513,-1,2513,2452,2450,-1,2513,2450,2515,-1,2515,2450,2448,-1,2515,2448,2517,-1,2517,2448,2446,-1,2517,2446,2519,-1,2519,2446,2444,-1,2519,2444,2439,-1,2439,2444,2443,-1,2439,2443,2438,-1,2438,2443,2441,-1,2520,2521,2522,-1,2522,2521,2523,-1,2524,2520,2525,-1,2525,2520,2522,-1,2526,2524,2527,-1,2527,2524,2525,-1,2526,2527,2528,-1,2526,2528,2529,-1,2529,2528,2530,-1,2529,2530,2531,-1,2531,2530,2532,-1,2531,2532,2533,-1,2533,2532,2534,-1,2533,2534,2535,-1,2535,2534,2536,-1,2535,2536,2537,-1,2537,2536,2538,-1,2537,2538,2539,-1,2539,2538,2540,-1,2539,2540,2541,-1,2542,2541,2543,-1,2543,2541,2540,-1,2542,2543,2544,-1,2544,2543,2545,-1,2544,2545,2546,-1,2546,2545,2547,-1,2546,2547,2548,-1,2548,2547,2549,-1,2548,2549,2550,-1,2550,2549,2551,-1,2550,2551,2552,-1,2552,2551,2553,-1,2552,2553,2554,-1,2554,2553,2555,-1,2554,2555,2556,-1,2556,2555,2557,-1,2558,2556,2559,-1,2559,2556,2557,-1,2560,2558,2561,-1,2561,2558,2559,-1,2562,2560,2563,-1,2563,2560,2561,-1,2564,2562,2565,-1,2565,2562,2563,-1,2566,2564,2567,-1,2567,2564,2565,-1,2568,2566,2569,-1,2569,2566,2567,-1,2570,2568,2571,-1,2571,2568,2569,-1,2572,2570,2573,-1,2573,2570,2571,-1,2574,2572,2575,-1,2575,2572,2573,-1,2574,2575,2576,-1,2574,2576,2577,-1,2577,2576,2578,-1,2577,2578,2579,-1,2579,2578,2580,-1,2579,2580,2581,-1,2581,2580,2582,-1,2581,2582,2583,-1,2583,2582,2584,-1,2583,2584,2585,-1,2585,2584,2586,-1,2585,2586,2587,-1,2587,2586,2588,-1,2587,2588,2589,-1,2590,2589,2591,-1,2591,2589,2588,-1,2590,2591,2592,-1,2592,2591,2593,-1,2592,2593,2594,-1,2594,2593,2595,-1,2594,2595,2596,-1,2596,2595,2597,-1,2596,2597,2598,-1,2598,2597,2599,-1,2598,2599,2600,-1,2600,2599,2601,-1,2600,2601,2602,-1,2602,2601,2603,-1,2602,2603,2521,-1,2521,2603,2523,-1,2520,2524,2521,-1,2521,2524,2526,-1,2521,2526,2602,-1,2602,2526,2529,-1,2602,2529,2600,-1,2600,2529,2531,-1,2600,2531,2598,-1,2598,2531,2533,-1,2598,2533,2596,-1,2596,2533,2535,-1,2596,2535,2594,-1,2594,2535,2537,-1,2594,2537,2592,-1,2592,2537,2539,-1,2592,2539,2590,-1,2590,2539,2541,-1,2590,2541,2589,-1,2589,2541,2542,-1,2589,2542,2587,-1,2587,2542,2544,-1,2587,2544,2585,-1,2585,2544,2546,-1,2585,2546,2583,-1,2583,2546,2548,-1,2583,2548,2581,-1,2581,2548,2550,-1,2581,2550,2579,-1,2579,2550,2552,-1,2579,2552,2577,-1,2577,2552,2554,-1,2577,2554,2574,-1,2574,2554,2556,-1,2574,2556,2572,-1,2572,2556,2558,-1,2572,2558,2570,-1,2570,2558,2560,-1,2570,2560,2568,-1,2568,2560,2562,-1,2568,2562,2566,-1,2566,2562,2564,-1,2567,2565,2569,-1,2569,2565,2563,-1,2569,2563,2571,-1,2571,2563,2561,-1,2571,2561,2573,-1,2573,2561,2559,-1,2573,2559,2575,-1,2575,2559,2557,-1,2575,2557,2576,-1,2576,2557,2555,-1,2576,2555,2578,-1,2578,2555,2553,-1,2578,2553,2580,-1,2580,2553,2551,-1,2580,2551,2582,-1,2582,2551,2549,-1,2582,2549,2584,-1,2584,2549,2547,-1,2584,2547,2586,-1,2586,2547,2545,-1,2586,2545,2588,-1,2588,2545,2543,-1,2588,2543,2591,-1,2591,2543,2540,-1,2591,2540,2593,-1,2593,2540,2538,-1,2593,2538,2595,-1,2595,2538,2536,-1,2595,2536,2597,-1,2597,2536,2534,-1,2597,2534,2599,-1,2599,2534,2532,-1,2599,2532,2601,-1,2601,2532,2530,-1,2601,2530,2603,-1,2603,2530,2528,-1,2603,2528,2523,-1,2523,2528,2527,-1,2523,2527,2522,-1,2522,2527,2525,-1,2604,2605,2606,-1,2606,2605,2607,-1,2608,2604,2609,-1,2609,2604,2606,-1,2610,2608,2611,-1,2611,2608,2609,-1,2610,2611,2612,-1,2610,2612,2613,-1,2613,2612,2614,-1,2613,2614,2615,-1,2615,2614,2616,-1,2615,2616,2617,-1,2617,2616,2618,-1,2617,2618,2619,-1,2619,2618,2620,-1,2619,2620,2621,-1,2621,2620,2622,-1,2621,2622,2623,-1,2623,2622,2624,-1,2623,2624,2625,-1,2626,2625,2627,-1,2627,2625,2624,-1,2626,2627,2628,-1,2628,2627,2629,-1,2628,2629,2630,-1,2630,2629,2631,-1,2630,2631,2632,-1,2632,2631,2633,-1,2632,2633,2634,-1,2634,2633,2635,-1,2634,2635,2636,-1,2636,2635,2637,-1,2636,2637,2638,-1,2638,2637,2639,-1,2638,2639,2640,-1,2640,2639,2641,-1,2642,2640,2643,-1,2643,2640,2641,-1,2644,2642,2645,-1,2645,2642,2643,-1,2646,2644,2647,-1,2647,2644,2645,-1,2648,2646,2649,-1,2649,2646,2647,-1,2650,2648,2651,-1,2651,2648,2649,-1,2652,2650,2653,-1,2653,2650,2651,-1,2654,2652,2655,-1,2655,2652,2653,-1,2656,2654,2657,-1,2657,2654,2655,-1,2658,2656,2659,-1,2659,2656,2657,-1,2658,2659,2660,-1,2658,2660,2661,-1,2661,2660,2662,-1,2661,2662,2663,-1,2663,2662,2664,-1,2663,2664,2665,-1,2665,2664,2666,-1,2665,2666,2667,-1,2667,2666,2668,-1,2667,2668,2669,-1,2669,2668,2670,-1,2669,2670,2671,-1,2671,2670,2672,-1,2671,2672,2673,-1,2674,2673,2675,-1,2675,2673,2672,-1,2674,2675,2676,-1,2676,2675,2677,-1,2676,2677,2678,-1,2678,2677,2679,-1,2678,2679,2680,-1,2680,2679,2681,-1,2680,2681,2682,-1,2682,2681,2683,-1,2682,2683,2684,-1,2684,2683,2685,-1,2684,2685,2686,-1,2686,2685,2687,-1,2686,2687,2605,-1,2605,2687,2607,-1,2604,2608,2605,-1,2605,2608,2610,-1,2605,2610,2686,-1,2686,2610,2613,-1,2686,2613,2684,-1,2684,2613,2615,-1,2684,2615,2682,-1,2682,2615,2617,-1,2682,2617,2680,-1,2680,2617,2619,-1,2680,2619,2678,-1,2678,2619,2621,-1,2678,2621,2676,-1,2676,2621,2623,-1,2676,2623,2674,-1,2674,2623,2625,-1,2674,2625,2673,-1,2673,2625,2626,-1,2673,2626,2671,-1,2671,2626,2628,-1,2671,2628,2669,-1,2669,2628,2630,-1,2669,2630,2667,-1,2667,2630,2632,-1,2667,2632,2665,-1,2665,2632,2634,-1,2665,2634,2663,-1,2663,2634,2636,-1,2663,2636,2661,-1,2661,2636,2638,-1,2661,2638,2658,-1,2658,2638,2640,-1,2658,2640,2656,-1,2656,2640,2642,-1,2656,2642,2654,-1,2654,2642,2644,-1,2654,2644,2652,-1,2652,2644,2646,-1,2652,2646,2650,-1,2650,2646,2648,-1,2651,2649,2653,-1,2653,2649,2647,-1,2653,2647,2655,-1,2655,2647,2645,-1,2655,2645,2657,-1,2657,2645,2643,-1,2657,2643,2659,-1,2659,2643,2641,-1,2659,2641,2660,-1,2660,2641,2639,-1,2660,2639,2662,-1,2662,2639,2637,-1,2662,2637,2664,-1,2664,2637,2635,-1,2664,2635,2666,-1,2666,2635,2633,-1,2666,2633,2668,-1,2668,2633,2631,-1,2668,2631,2670,-1,2670,2631,2629,-1,2670,2629,2672,-1,2672,2629,2627,-1,2672,2627,2675,-1,2675,2627,2624,-1,2675,2624,2677,-1,2677,2624,2622,-1,2677,2622,2679,-1,2679,2622,2620,-1,2679,2620,2681,-1,2681,2620,2618,-1,2681,2618,2683,-1,2683,2618,2616,-1,2683,2616,2685,-1,2685,2616,2614,-1,2685,2614,2687,-1,2687,2614,2612,-1,2687,2612,2607,-1,2607,2612,2611,-1,2607,2611,2606,-1,2606,2611,2609,-1,2688,2689,2690,-1,2690,2689,2691,-1,2692,2688,2693,-1,2693,2688,2690,-1,2694,2692,2695,-1,2695,2692,2693,-1,2694,2695,2696,-1,2694,2696,2697,-1,2697,2696,2698,-1,2697,2698,2699,-1,2699,2698,2700,-1,2699,2700,2701,-1,2701,2700,2702,-1,2701,2702,2703,-1,2703,2702,2704,-1,2703,2704,2705,-1,2705,2704,2706,-1,2705,2706,2707,-1,2707,2706,2708,-1,2707,2708,2709,-1,2710,2709,2711,-1,2711,2709,2708,-1,2710,2711,2712,-1,2712,2711,2713,-1,2712,2713,2714,-1,2714,2713,2715,-1,2714,2715,2716,-1,2716,2715,2717,-1,2716,2717,2718,-1,2718,2717,2719,-1,2718,2719,2720,-1,2720,2719,2721,-1,2720,2721,2722,-1,2722,2721,2723,-1,2722,2723,2724,-1,2724,2723,2725,-1,2726,2724,2727,-1,2727,2724,2725,-1,2728,2726,2729,-1,2729,2726,2727,-1,2730,2728,2731,-1,2731,2728,2729,-1,2732,2730,2733,-1,2733,2730,2731,-1,2734,2732,2735,-1,2735,2732,2733,-1,2736,2734,2737,-1,2737,2734,2735,-1,2738,2736,2739,-1,2739,2736,2737,-1,2740,2738,2741,-1,2741,2738,2739,-1,2742,2740,2743,-1,2743,2740,2741,-1,2742,2743,2744,-1,2742,2744,2745,-1,2745,2744,2746,-1,2745,2746,2747,-1,2747,2746,2748,-1,2747,2748,2749,-1,2749,2748,2750,-1,2749,2750,2751,-1,2751,2750,2752,-1,2751,2752,2753,-1,2753,2752,2754,-1,2753,2754,2755,-1,2755,2754,2756,-1,2755,2756,2757,-1,2758,2757,2759,-1,2759,2757,2756,-1,2758,2759,2760,-1,2760,2759,2761,-1,2760,2761,2762,-1,2762,2761,2763,-1,2762,2763,2764,-1,2764,2763,2765,-1,2764,2765,2766,-1,2766,2765,2767,-1,2766,2767,2768,-1,2768,2767,2769,-1,2768,2769,2770,-1,2770,2769,2771,-1,2770,2771,2689,-1,2689,2771,2691,-1,2688,2692,2689,-1,2689,2692,2694,-1,2689,2694,2770,-1,2770,2694,2697,-1,2770,2697,2768,-1,2768,2697,2699,-1,2768,2699,2766,-1,2766,2699,2701,-1,2766,2701,2764,-1,2764,2701,2703,-1,2764,2703,2762,-1,2762,2703,2705,-1,2762,2705,2760,-1,2760,2705,2707,-1,2760,2707,2758,-1,2758,2707,2709,-1,2758,2709,2757,-1,2757,2709,2710,-1,2757,2710,2755,-1,2755,2710,2712,-1,2755,2712,2753,-1,2753,2712,2714,-1,2753,2714,2751,-1,2751,2714,2716,-1,2751,2716,2749,-1,2749,2716,2718,-1,2749,2718,2747,-1,2747,2718,2720,-1,2747,2720,2745,-1,2745,2720,2722,-1,2745,2722,2742,-1,2742,2722,2724,-1,2742,2724,2740,-1,2740,2724,2726,-1,2740,2726,2738,-1,2738,2726,2728,-1,2738,2728,2736,-1,2736,2728,2730,-1,2736,2730,2734,-1,2734,2730,2732,-1,2735,2733,2737,-1,2737,2733,2731,-1,2737,2731,2739,-1,2739,2731,2729,-1,2739,2729,2741,-1,2741,2729,2727,-1,2741,2727,2743,-1,2743,2727,2725,-1,2743,2725,2744,-1,2744,2725,2723,-1,2744,2723,2746,-1,2746,2723,2721,-1,2746,2721,2748,-1,2748,2721,2719,-1,2748,2719,2750,-1,2750,2719,2717,-1,2750,2717,2752,-1,2752,2717,2715,-1,2752,2715,2754,-1,2754,2715,2713,-1,2754,2713,2756,-1,2756,2713,2711,-1,2756,2711,2759,-1,2759,2711,2708,-1,2759,2708,2761,-1,2761,2708,2706,-1,2761,2706,2763,-1,2763,2706,2704,-1,2763,2704,2765,-1,2765,2704,2702,-1,2765,2702,2767,-1,2767,2702,2700,-1,2767,2700,2769,-1,2769,2700,2698,-1,2769,2698,2771,-1,2771,2698,2696,-1,2771,2696,2691,-1,2691,2696,2695,-1,2691,2695,2690,-1,2690,2695,2693,-1,2772,2773,2774,-1,2774,2773,2775,-1,2776,2772,2777,-1,2777,2772,2774,-1,2778,2776,2779,-1,2779,2776,2777,-1,2778,2779,2780,-1,2780,2779,2781,-1,2780,2781,2782,-1,2782,2781,2783,-1,2782,2783,2784,-1,2784,2783,2785,-1,2786,2784,2787,-1,2787,2784,2785,-1,2786,2787,2788,-1,2786,2788,2789,-1,2789,2788,2790,-1,2789,2790,2791,-1,2791,2790,2792,-1,2791,2792,2793,-1,2793,2792,2794,-1,2793,2794,2795,-1,2795,2794,2796,-1,2795,2796,2797,-1,2798,2797,2799,-1,2799,2797,2796,-1,2798,2799,2800,-1,2800,2799,2801,-1,2800,2801,2802,-1,2802,2801,2803,-1,2802,2803,2804,-1,2804,2803,2805,-1,2806,2804,2807,-1,2807,2804,2805,-1,2806,2807,2808,-1,2808,2807,2809,-1,2808,2809,2810,-1,2810,2809,2811,-1,2810,2811,2812,-1,2812,2811,2813,-1,2812,2813,2814,-1,2814,2813,2815,-1,2814,2815,2816,-1,2816,2815,2817,-1,2816,2817,2818,-1,2818,2817,2819,-1,2818,2819,2820,-1,2820,2819,2821,-1,2822,2820,2823,-1,2823,2820,2821,-1,2822,2823,2824,-1,2822,2824,2825,-1,2825,2824,2826,-1,2825,2826,2827,-1,2827,2826,2828,-1,2827,2828,2829,-1,2829,2828,2830,-1,2829,2830,2831,-1,2831,2830,2832,-1,2831,2832,2833,-1,2833,2832,2834,-1,2833,2834,2835,-1,2835,2834,2836,-1,2835,2836,2837,-1,2838,2837,2839,-1,2839,2837,2836,-1,2840,2838,2841,-1,2841,2838,2839,-1,2842,2840,2843,-1,2843,2840,2841,-1,2842,2843,2844,-1,2844,2843,2845,-1,2844,2845,2846,-1,2846,2845,2847,-1,2846,2847,2848,-1,2848,2847,2849,-1,2848,2849,2850,-1,2850,2849,2851,-1,2850,2851,2852,-1,2852,2851,2853,-1,2852,2853,2854,-1,2854,2853,2855,-1,2854,2855,2856,-1,2856,2855,2857,-1,2858,2856,2859,-1,2859,2856,2857,-1,2858,2859,2860,-1,2858,2860,2861,-1,2861,2860,2862,-1,2861,2862,2863,-1,2863,2862,2864,-1,2863,2864,2865,-1,2865,2864,2866,-1,2865,2866,2867,-1,2867,2866,2868,-1,2867,2868,2869,-1,2869,2868,2870,-1,2869,2870,2871,-1,2871,2870,2872,-1,2871,2872,2873,-1,2874,2873,2875,-1,2875,2873,2872,-1,2874,2875,2876,-1,2874,2876,2877,-1,2877,2876,2878,-1,2877,2878,2879,-1,2879,2878,2880,-1,2879,2880,2881,-1,2882,2881,2883,-1,2883,2881,2880,-1,2882,2883,2884,-1,2884,2883,2885,-1,2884,2885,2886,-1,2886,2885,2887,-1,2886,2887,2888,-1,2888,2887,2889,-1,2888,2889,2890,-1,2890,2889,2891,-1,2890,2891,2892,-1,2892,2891,2893,-1,2894,2892,2895,-1,2895,2892,2893,-1,2894,2895,2896,-1,2894,2896,2897,-1,2897,2896,2898,-1,2897,2898,2899,-1,2899,2898,2775,-1,2899,2775,2773,-1,2838,2840,2837,-1,2837,2840,2842,-1,2837,2842,2835,-1,2835,2842,2844,-1,2835,2844,2833,-1,2833,2844,2846,-1,2833,2846,2831,-1,2831,2846,2848,-1,2831,2848,2829,-1,2829,2848,2850,-1,2829,2850,2827,-1,2827,2850,2852,-1,2827,2852,2825,-1,2825,2852,2854,-1,2825,2854,2822,-1,2822,2854,2856,-1,2822,2856,2820,-1,2820,2856,2858,-1,2820,2858,2818,-1,2818,2858,2861,-1,2818,2861,2816,-1,2816,2861,2863,-1,2816,2863,2814,-1,2814,2863,2865,-1,2814,2865,2812,-1,2812,2865,2867,-1,2812,2867,2810,-1,2810,2867,2869,-1,2810,2869,2808,-1,2808,2869,2871,-1,2808,2871,2806,-1,2806,2871,2873,-1,2806,2873,2804,-1,2804,2873,2874,-1,2804,2874,2802,-1,2802,2874,2877,-1,2802,2877,2800,-1,2800,2877,2879,-1,2800,2879,2798,-1,2798,2879,2881,-1,2798,2881,2797,-1,2797,2881,2882,-1,2797,2882,2795,-1,2795,2882,2884,-1,2795,2884,2793,-1,2793,2884,2886,-1,2793,2886,2791,-1,2791,2886,2888,-1,2791,2888,2789,-1,2789,2888,2890,-1,2789,2890,2786,-1,2786,2890,2892,-1,2786,2892,2784,-1,2784,2892,2894,-1,2784,2894,2782,-1,2782,2894,2897,-1,2782,2897,2780,-1,2780,2897,2899,-1,2780,2899,2778,-1,2778,2899,2773,-1,2778,2773,2776,-1,2776,2773,2772,-1,2777,2774,2779,-1,2779,2774,2775,-1,2779,2775,2781,-1,2781,2775,2898,-1,2781,2898,2783,-1,2783,2898,2896,-1,2783,2896,2785,-1,2785,2896,2895,-1,2785,2895,2787,-1,2787,2895,2893,-1,2787,2893,2788,-1,2788,2893,2891,-1,2788,2891,2790,-1,2790,2891,2889,-1,2790,2889,2792,-1,2792,2889,2887,-1,2792,2887,2794,-1,2794,2887,2885,-1,2794,2885,2796,-1,2796,2885,2883,-1,2796,2883,2799,-1,2799,2883,2880,-1,2799,2880,2801,-1,2801,2880,2878,-1,2801,2878,2803,-1,2803,2878,2876,-1,2803,2876,2805,-1,2805,2876,2875,-1,2805,2875,2807,-1,2807,2875,2872,-1,2807,2872,2809,-1,2809,2872,2870,-1,2809,2870,2811,-1,2811,2870,2868,-1,2811,2868,2813,-1,2813,2868,2866,-1,2813,2866,2815,-1,2815,2866,2864,-1,2815,2864,2817,-1,2817,2864,2862,-1,2817,2862,2819,-1,2819,2862,2860,-1,2819,2860,2821,-1,2821,2860,2859,-1,2821,2859,2823,-1,2823,2859,2857,-1,2823,2857,2824,-1,2824,2857,2855,-1,2824,2855,2826,-1,2826,2855,2853,-1,2826,2853,2828,-1,2828,2853,2851,-1,2828,2851,2830,-1,2830,2851,2849,-1,2830,2849,2832,-1,2832,2849,2847,-1,2832,2847,2834,-1,2834,2847,2845,-1,2834,2845,2836,-1,2836,2845,2843,-1,2836,2843,2839,-1,2839,2843,2841,-1,2900,2901,2902,-1,2902,2901,2903,-1,2904,2900,2905,-1,2905,2900,2902,-1,2906,2904,2907,-1,2907,2904,2905,-1,2906,2907,2908,-1,2908,2907,2909,-1,2908,2909,2910,-1,2910,2909,2911,-1,2910,2911,2912,-1,2912,2911,2913,-1,2914,2912,2915,-1,2915,2912,2913,-1,2914,2915,2916,-1,2914,2916,2917,-1,2917,2916,2918,-1,2917,2918,2919,-1,2919,2918,2920,-1,2919,2920,2921,-1,2921,2920,2922,-1,2921,2922,2923,-1,2923,2922,2924,-1,2923,2924,2925,-1,2926,2925,2927,-1,2927,2925,2924,-1,2926,2927,2928,-1,2928,2927,2929,-1,2928,2929,2930,-1,2930,2929,2931,-1,2930,2931,2932,-1,2932,2931,2933,-1,2934,2932,2935,-1,2935,2932,2933,-1,2934,2935,2936,-1,2936,2935,2937,-1,2936,2937,2938,-1,2938,2937,2939,-1,2938,2939,2940,-1,2940,2939,2941,-1,2940,2941,2942,-1,2942,2941,2943,-1,2942,2943,2944,-1,2944,2943,2945,-1,2944,2945,2946,-1,2946,2945,2947,-1,2946,2947,2948,-1,2948,2947,2949,-1,2950,2948,2951,-1,2951,2948,2949,-1,2950,2951,2952,-1,2950,2952,2953,-1,2953,2952,2954,-1,2953,2954,2955,-1,2955,2954,2956,-1,2955,2956,2957,-1,2957,2956,2958,-1,2957,2958,2959,-1,2959,2958,2960,-1,2959,2960,2961,-1,2961,2960,2962,-1,2961,2962,2963,-1,2963,2962,2964,-1,2963,2964,2965,-1,2966,2965,2967,-1,2967,2965,2964,-1,2968,2966,2969,-1,2969,2966,2967,-1,2970,2968,2971,-1,2971,2968,2969,-1,2970,2971,2972,-1,2972,2971,2973,-1,2972,2973,2974,-1,2974,2973,2975,-1,2974,2975,2976,-1,2976,2975,2977,-1,2976,2977,2978,-1,2978,2977,2979,-1,2978,2979,2980,-1,2980,2979,2981,-1,2980,2981,2982,-1,2982,2981,2983,-1,2982,2983,2984,-1,2984,2983,2985,-1,2986,2984,2987,-1,2987,2984,2985,-1,2986,2987,2988,-1,2986,2988,2989,-1,2989,2988,2990,-1,2989,2990,2991,-1,2991,2990,2992,-1,2991,2992,2993,-1,2993,2992,2994,-1,2993,2994,2995,-1,2995,2994,2996,-1,2995,2996,2997,-1,2997,2996,2998,-1,2997,2998,2999,-1,2999,2998,3000,-1,2999,3000,3001,-1,3002,3001,3003,-1,3003,3001,3000,-1,3002,3003,3004,-1,3002,3004,3005,-1,3005,3004,3006,-1,3005,3006,3007,-1,3007,3006,3008,-1,3007,3008,3009,-1,3010,3009,3011,-1,3011,3009,3008,-1,3010,3011,3012,-1,3012,3011,3013,-1,3012,3013,3014,-1,3014,3013,3015,-1,3014,3015,3016,-1,3016,3015,3017,-1,3016,3017,3018,-1,3018,3017,3019,-1,3018,3019,3020,-1,3020,3019,3021,-1,3022,3020,3023,-1,3023,3020,3021,-1,3022,3023,3024,-1,3022,3024,3025,-1,3025,3024,3026,-1,3025,3026,3027,-1,3027,3026,2903,-1,3027,2903,2901,-1,2966,2968,2965,-1,2965,2968,2970,-1,2965,2970,2963,-1,2963,2970,2972,-1,2963,2972,2961,-1,2961,2972,2974,-1,2961,2974,2959,-1,2959,2974,2976,-1,2959,2976,2957,-1,2957,2976,2978,-1,2957,2978,2955,-1,2955,2978,2980,-1,2955,2980,2953,-1,2953,2980,2982,-1,2953,2982,2950,-1,2950,2982,2984,-1,2950,2984,2948,-1,2948,2984,2986,-1,2948,2986,2946,-1,2946,2986,2989,-1,2946,2989,2944,-1,2944,2989,2991,-1,2944,2991,2942,-1,2942,2991,2993,-1,2942,2993,2940,-1,2940,2993,2995,-1,2940,2995,2938,-1,2938,2995,2997,-1,2938,2997,2936,-1,2936,2997,2999,-1,2936,2999,2934,-1,2934,2999,3001,-1,2934,3001,2932,-1,2932,3001,3002,-1,2932,3002,2930,-1,2930,3002,3005,-1,2930,3005,2928,-1,2928,3005,3007,-1,2928,3007,2926,-1,2926,3007,3009,-1,2926,3009,2925,-1,2925,3009,3010,-1,2925,3010,2923,-1,2923,3010,3012,-1,2923,3012,2921,-1,2921,3012,3014,-1,2921,3014,2919,-1,2919,3014,3016,-1,2919,3016,2917,-1,2917,3016,3018,-1,2917,3018,2914,-1,2914,3018,3020,-1,2914,3020,2912,-1,2912,3020,3022,-1,2912,3022,2910,-1,2910,3022,3025,-1,2910,3025,2908,-1,2908,3025,3027,-1,2908,3027,2906,-1,2906,3027,2901,-1,2906,2901,2904,-1,2904,2901,2900,-1,2905,2902,2907,-1,2907,2902,2903,-1,2907,2903,2909,-1,2909,2903,3026,-1,2909,3026,2911,-1,2911,3026,3024,-1,2911,3024,2913,-1,2913,3024,3023,-1,2913,3023,2915,-1,2915,3023,3021,-1,2915,3021,2916,-1,2916,3021,3019,-1,2916,3019,2918,-1,2918,3019,3017,-1,2918,3017,2920,-1,2920,3017,3015,-1,2920,3015,2922,-1,2922,3015,3013,-1,2922,3013,2924,-1,2924,3013,3011,-1,2924,3011,2927,-1,2927,3011,3008,-1,2927,3008,2929,-1,2929,3008,3006,-1,2929,3006,2931,-1,2931,3006,3004,-1,2931,3004,2933,-1,2933,3004,3003,-1,2933,3003,2935,-1,2935,3003,3000,-1,2935,3000,2937,-1,2937,3000,2998,-1,2937,2998,2939,-1,2939,2998,2996,-1,2939,2996,2941,-1,2941,2996,2994,-1,2941,2994,2943,-1,2943,2994,2992,-1,2943,2992,2945,-1,2945,2992,2990,-1,2945,2990,2947,-1,2947,2990,2988,-1,2947,2988,2949,-1,2949,2988,2987,-1,2949,2987,2951,-1,2951,2987,2985,-1,2951,2985,2952,-1,2952,2985,2983,-1,2952,2983,2954,-1,2954,2983,2981,-1,2954,2981,2956,-1,2956,2981,2979,-1,2956,2979,2958,-1,2958,2979,2977,-1,2958,2977,2960,-1,2960,2977,2975,-1,2960,2975,2962,-1,2962,2975,2973,-1,2962,2973,2964,-1,2964,2973,2971,-1,2964,2971,2967,-1,2967,2971,2969,-1,3028,3029,3030,-1,3030,3029,3031,-1,3032,3028,3033,-1,3033,3028,3030,-1,3034,3032,3035,-1,3035,3032,3033,-1,3034,3035,3036,-1,3036,3035,3037,-1,3036,3037,3038,-1,3038,3037,3039,-1,3038,3039,3040,-1,3040,3039,3041,-1,3042,3040,3043,-1,3043,3040,3041,-1,3042,3043,3044,-1,3042,3044,3045,-1,3045,3044,3046,-1,3045,3046,3047,-1,3047,3046,3048,-1,3047,3048,3049,-1,3049,3048,3050,-1,3049,3050,3051,-1,3051,3050,3052,-1,3051,3052,3053,-1,3054,3053,3055,-1,3055,3053,3052,-1,3054,3055,3056,-1,3056,3055,3057,-1,3056,3057,3058,-1,3058,3057,3059,-1,3058,3059,3060,-1,3060,3059,3061,-1,3062,3060,3063,-1,3063,3060,3061,-1,3062,3063,3064,-1,3064,3063,3065,-1,3064,3065,3066,-1,3066,3065,3067,-1,3066,3067,3068,-1,3068,3067,3069,-1,3068,3069,3070,-1,3070,3069,3071,-1,3070,3071,3072,-1,3072,3071,3073,-1,3072,3073,3074,-1,3074,3073,3075,-1,3074,3075,3076,-1,3076,3075,3077,-1,3078,3076,3079,-1,3079,3076,3077,-1,3078,3079,3080,-1,3078,3080,3081,-1,3081,3080,3082,-1,3081,3082,3083,-1,3083,3082,3084,-1,3083,3084,3085,-1,3085,3084,3086,-1,3085,3086,3087,-1,3087,3086,3088,-1,3087,3088,3089,-1,3089,3088,3090,-1,3089,3090,3091,-1,3091,3090,3092,-1,3091,3092,3093,-1,3094,3093,3095,-1,3095,3093,3092,-1,3096,3094,3097,-1,3097,3094,3095,-1,3098,3096,3099,-1,3099,3096,3097,-1,3098,3099,3100,-1,3100,3099,3101,-1,3100,3101,3102,-1,3102,3101,3103,-1,3102,3103,3104,-1,3104,3103,3105,-1,3104,3105,3106,-1,3106,3105,3107,-1,3106,3107,3108,-1,3108,3107,3109,-1,3108,3109,3110,-1,3110,3109,3111,-1,3110,3111,3112,-1,3112,3111,3113,-1,3114,3112,3115,-1,3115,3112,3113,-1,3114,3115,3116,-1,3114,3116,3117,-1,3117,3116,3118,-1,3117,3118,3119,-1,3119,3118,3120,-1,3119,3120,3121,-1,3121,3120,3122,-1,3121,3122,3123,-1,3123,3122,3124,-1,3123,3124,3125,-1,3125,3124,3126,-1,3125,3126,3127,-1,3127,3126,3128,-1,3127,3128,3129,-1,3130,3129,3131,-1,3131,3129,3128,-1,3130,3131,3132,-1,3130,3132,3133,-1,3133,3132,3134,-1,3133,3134,3135,-1,3135,3134,3136,-1,3135,3136,3137,-1,3138,3137,3139,-1,3139,3137,3136,-1,3138,3139,3140,-1,3140,3139,3141,-1,3140,3141,3142,-1,3142,3141,3143,-1,3142,3143,3144,-1,3144,3143,3145,-1,3144,3145,3146,-1,3146,3145,3147,-1,3146,3147,3148,-1,3148,3147,3149,-1,3150,3148,3151,-1,3151,3148,3149,-1,3150,3151,3152,-1,3150,3152,3153,-1,3153,3152,3154,-1,3153,3154,3155,-1,3155,3154,3031,-1,3155,3031,3029,-1,3094,3096,3093,-1,3093,3096,3098,-1,3093,3098,3091,-1,3091,3098,3100,-1,3091,3100,3089,-1,3089,3100,3102,-1,3089,3102,3087,-1,3087,3102,3104,-1,3087,3104,3085,-1,3085,3104,3106,-1,3085,3106,3083,-1,3083,3106,3108,-1,3083,3108,3081,-1,3081,3108,3110,-1,3081,3110,3078,-1,3078,3110,3112,-1,3078,3112,3076,-1,3076,3112,3114,-1,3076,3114,3074,-1,3074,3114,3117,-1,3074,3117,3072,-1,3072,3117,3119,-1,3072,3119,3070,-1,3070,3119,3121,-1,3070,3121,3068,-1,3068,3121,3123,-1,3068,3123,3066,-1,3066,3123,3125,-1,3066,3125,3064,-1,3064,3125,3127,-1,3064,3127,3062,-1,3062,3127,3129,-1,3062,3129,3060,-1,3060,3129,3130,-1,3060,3130,3058,-1,3058,3130,3133,-1,3058,3133,3056,-1,3056,3133,3135,-1,3056,3135,3054,-1,3054,3135,3137,-1,3054,3137,3053,-1,3053,3137,3138,-1,3053,3138,3051,-1,3051,3138,3140,-1,3051,3140,3049,-1,3049,3140,3142,-1,3049,3142,3047,-1,3047,3142,3144,-1,3047,3144,3045,-1,3045,3144,3146,-1,3045,3146,3042,-1,3042,3146,3148,-1,3042,3148,3040,-1,3040,3148,3150,-1,3040,3150,3038,-1,3038,3150,3153,-1,3038,3153,3036,-1,3036,3153,3155,-1,3036,3155,3034,-1,3034,3155,3029,-1,3034,3029,3032,-1,3032,3029,3028,-1,3033,3030,3035,-1,3035,3030,3031,-1,3035,3031,3037,-1,3037,3031,3154,-1,3037,3154,3039,-1,3039,3154,3152,-1,3039,3152,3041,-1,3041,3152,3151,-1,3041,3151,3043,-1,3043,3151,3149,-1,3043,3149,3044,-1,3044,3149,3147,-1,3044,3147,3046,-1,3046,3147,3145,-1,3046,3145,3048,-1,3048,3145,3143,-1,3048,3143,3050,-1,3050,3143,3141,-1,3050,3141,3052,-1,3052,3141,3139,-1,3052,3139,3055,-1,3055,3139,3136,-1,3055,3136,3057,-1,3057,3136,3134,-1,3057,3134,3059,-1,3059,3134,3132,-1,3059,3132,3061,-1,3061,3132,3131,-1,3061,3131,3063,-1,3063,3131,3128,-1,3063,3128,3065,-1,3065,3128,3126,-1,3065,3126,3067,-1,3067,3126,3124,-1,3067,3124,3069,-1,3069,3124,3122,-1,3069,3122,3071,-1,3071,3122,3120,-1,3071,3120,3073,-1,3073,3120,3118,-1,3073,3118,3075,-1,3075,3118,3116,-1,3075,3116,3077,-1,3077,3116,3115,-1,3077,3115,3079,-1,3079,3115,3113,-1,3079,3113,3080,-1,3080,3113,3111,-1,3080,3111,3082,-1,3082,3111,3109,-1,3082,3109,3084,-1,3084,3109,3107,-1,3084,3107,3086,-1,3086,3107,3105,-1,3086,3105,3088,-1,3088,3105,3103,-1,3088,3103,3090,-1,3090,3103,3101,-1,3090,3101,3092,-1,3092,3101,3099,-1,3092,3099,3095,-1,3095,3099,3097,-1,3156,3157,3158,-1,3158,3157,3159,-1,3160,3156,3161,-1,3161,3156,3158,-1,3162,3160,3163,-1,3163,3160,3161,-1,3162,3163,3164,-1,3164,3163,3165,-1,3164,3165,3166,-1,3166,3165,3167,-1,3166,3167,3168,-1,3168,3167,3169,-1,3170,3168,3171,-1,3171,3168,3169,-1,3170,3171,3172,-1,3170,3172,3173,-1,3173,3172,3174,-1,3173,3174,3175,-1,3175,3174,3176,-1,3175,3176,3177,-1,3177,3176,3178,-1,3177,3178,3179,-1,3179,3178,3180,-1,3179,3180,3181,-1,3182,3181,3183,-1,3183,3181,3180,-1,3182,3183,3184,-1,3184,3183,3185,-1,3184,3185,3186,-1,3186,3185,3187,-1,3186,3187,3188,-1,3188,3187,3189,-1,3190,3188,3191,-1,3191,3188,3189,-1,3190,3191,3192,-1,3192,3191,3193,-1,3192,3193,3194,-1,3194,3193,3195,-1,3194,3195,3196,-1,3196,3195,3197,-1,3196,3197,3198,-1,3198,3197,3199,-1,3198,3199,3200,-1,3200,3199,3201,-1,3200,3201,3202,-1,3202,3201,3203,-1,3202,3203,3204,-1,3204,3203,3205,-1,3206,3204,3207,-1,3207,3204,3205,-1,3206,3207,3208,-1,3206,3208,3209,-1,3209,3208,3210,-1,3209,3210,3211,-1,3211,3210,3212,-1,3211,3212,3213,-1,3213,3212,3214,-1,3213,3214,3215,-1,3215,3214,3216,-1,3215,3216,3217,-1,3217,3216,3218,-1,3217,3218,3219,-1,3219,3218,3220,-1,3219,3220,3221,-1,3222,3221,3223,-1,3223,3221,3220,-1,3224,3222,3225,-1,3225,3222,3223,-1,3226,3224,3227,-1,3227,3224,3225,-1,3226,3227,3228,-1,3228,3227,3229,-1,3228,3229,3230,-1,3230,3229,3231,-1,3230,3231,3232,-1,3232,3231,3233,-1,3232,3233,3234,-1,3234,3233,3235,-1,3234,3235,3236,-1,3236,3235,3237,-1,3236,3237,3238,-1,3238,3237,3239,-1,3238,3239,3240,-1,3240,3239,3241,-1,3242,3240,3243,-1,3243,3240,3241,-1,3242,3243,3244,-1,3242,3244,3245,-1,3245,3244,3246,-1,3245,3246,3247,-1,3247,3246,3248,-1,3247,3248,3249,-1,3249,3248,3250,-1,3249,3250,3251,-1,3251,3250,3252,-1,3251,3252,3253,-1,3253,3252,3254,-1,3253,3254,3255,-1,3255,3254,3256,-1,3255,3256,3257,-1,3258,3257,3259,-1,3259,3257,3256,-1,3258,3259,3260,-1,3258,3260,3261,-1,3261,3260,3262,-1,3261,3262,3263,-1,3263,3262,3264,-1,3263,3264,3265,-1,3266,3265,3267,-1,3267,3265,3264,-1,3266,3267,3268,-1,3268,3267,3269,-1,3268,3269,3270,-1,3270,3269,3271,-1,3270,3271,3272,-1,3272,3271,3273,-1,3272,3273,3274,-1,3274,3273,3275,-1,3274,3275,3276,-1,3276,3275,3277,-1,3278,3276,3279,-1,3279,3276,3277,-1,3278,3279,3280,-1,3278,3280,3281,-1,3281,3280,3282,-1,3281,3282,3283,-1,3283,3282,3159,-1,3283,3159,3157,-1,3222,3224,3221,-1,3221,3224,3226,-1,3221,3226,3219,-1,3219,3226,3228,-1,3219,3228,3217,-1,3217,3228,3230,-1,3217,3230,3215,-1,3215,3230,3232,-1,3215,3232,3213,-1,3213,3232,3234,-1,3213,3234,3211,-1,3211,3234,3236,-1,3211,3236,3209,-1,3209,3236,3238,-1,3209,3238,3206,-1,3206,3238,3240,-1,3206,3240,3204,-1,3204,3240,3242,-1,3204,3242,3202,-1,3202,3242,3245,-1,3202,3245,3200,-1,3200,3245,3247,-1,3200,3247,3198,-1,3198,3247,3249,-1,3198,3249,3196,-1,3196,3249,3251,-1,3196,3251,3194,-1,3194,3251,3253,-1,3194,3253,3192,-1,3192,3253,3255,-1,3192,3255,3190,-1,3190,3255,3257,-1,3190,3257,3188,-1,3188,3257,3258,-1,3188,3258,3186,-1,3186,3258,3261,-1,3186,3261,3184,-1,3184,3261,3263,-1,3184,3263,3182,-1,3182,3263,3265,-1,3182,3265,3181,-1,3181,3265,3266,-1,3181,3266,3179,-1,3179,3266,3268,-1,3179,3268,3177,-1,3177,3268,3270,-1,3177,3270,3175,-1,3175,3270,3272,-1,3175,3272,3173,-1,3173,3272,3274,-1,3173,3274,3170,-1,3170,3274,3276,-1,3170,3276,3168,-1,3168,3276,3278,-1,3168,3278,3166,-1,3166,3278,3281,-1,3166,3281,3164,-1,3164,3281,3283,-1,3164,3283,3162,-1,3162,3283,3157,-1,3162,3157,3160,-1,3160,3157,3156,-1,3161,3158,3163,-1,3163,3158,3159,-1,3163,3159,3165,-1,3165,3159,3282,-1,3165,3282,3167,-1,3167,3282,3280,-1,3167,3280,3169,-1,3169,3280,3279,-1,3169,3279,3171,-1,3171,3279,3277,-1,3171,3277,3172,-1,3172,3277,3275,-1,3172,3275,3174,-1,3174,3275,3273,-1,3174,3273,3176,-1,3176,3273,3271,-1,3176,3271,3178,-1,3178,3271,3269,-1,3178,3269,3180,-1,3180,3269,3267,-1,3180,3267,3183,-1,3183,3267,3264,-1,3183,3264,3185,-1,3185,3264,3262,-1,3185,3262,3187,-1,3187,3262,3260,-1,3187,3260,3189,-1,3189,3260,3259,-1,3189,3259,3191,-1,3191,3259,3256,-1,3191,3256,3193,-1,3193,3256,3254,-1,3193,3254,3195,-1,3195,3254,3252,-1,3195,3252,3197,-1,3197,3252,3250,-1,3197,3250,3199,-1,3199,3250,3248,-1,3199,3248,3201,-1,3201,3248,3246,-1,3201,3246,3203,-1,3203,3246,3244,-1,3203,3244,3205,-1,3205,3244,3243,-1,3205,3243,3207,-1,3207,3243,3241,-1,3207,3241,3208,-1,3208,3241,3239,-1,3208,3239,3210,-1,3210,3239,3237,-1,3210,3237,3212,-1,3212,3237,3235,-1,3212,3235,3214,-1,3214,3235,3233,-1,3214,3233,3216,-1,3216,3233,3231,-1,3216,3231,3218,-1,3218,3231,3229,-1,3218,3229,3220,-1,3220,3229,3227,-1,3220,3227,3223,-1,3223,3227,3225,-1,3284,3285,3286,-1,3286,3285,3287,-1,3288,3284,3289,-1,3289,3284,3286,-1,3290,3288,3291,-1,3291,3288,3289,-1,3290,3291,3292,-1,3292,3291,3293,-1,3292,3293,3294,-1,3294,3293,3295,-1,3294,3295,3296,-1,3296,3295,3297,-1,3298,3296,3299,-1,3299,3296,3297,-1,3298,3299,3300,-1,3298,3300,3301,-1,3301,3300,3302,-1,3301,3302,3303,-1,3303,3302,3304,-1,3303,3304,3305,-1,3305,3304,3306,-1,3305,3306,3307,-1,3307,3306,3308,-1,3307,3308,3309,-1,3310,3309,3311,-1,3311,3309,3308,-1,3310,3311,3312,-1,3312,3311,3313,-1,3312,3313,3314,-1,3314,3313,3315,-1,3314,3315,3316,-1,3316,3315,3317,-1,3318,3316,3319,-1,3319,3316,3317,-1,3318,3319,3320,-1,3320,3319,3321,-1,3320,3321,3322,-1,3322,3321,3323,-1,3322,3323,3324,-1,3324,3323,3325,-1,3324,3325,3326,-1,3326,3325,3327,-1,3326,3327,3328,-1,3328,3327,3329,-1,3328,3329,3330,-1,3330,3329,3331,-1,3330,3331,3332,-1,3332,3331,3333,-1,3334,3332,3335,-1,3335,3332,3333,-1,3334,3335,3336,-1,3334,3336,3337,-1,3337,3336,3338,-1,3337,3338,3339,-1,3339,3338,3340,-1,3339,3340,3341,-1,3341,3340,3342,-1,3341,3342,3343,-1,3343,3342,3344,-1,3343,3344,3345,-1,3345,3344,3346,-1,3345,3346,3347,-1,3347,3346,3348,-1,3347,3348,3349,-1,3350,3349,3351,-1,3351,3349,3348,-1,3352,3350,3353,-1,3353,3350,3351,-1,3354,3352,3355,-1,3355,3352,3353,-1,3354,3355,3356,-1,3356,3355,3357,-1,3356,3357,3358,-1,3358,3357,3359,-1,3358,3359,3360,-1,3360,3359,3361,-1,3360,3361,3362,-1,3362,3361,3363,-1,3362,3363,3364,-1,3364,3363,3365,-1,3364,3365,3366,-1,3366,3365,3367,-1,3366,3367,3368,-1,3368,3367,3369,-1,3370,3368,3371,-1,3371,3368,3369,-1,3370,3371,3372,-1,3370,3372,3373,-1,3373,3372,3374,-1,3373,3374,3375,-1,3375,3374,3376,-1,3375,3376,3377,-1,3377,3376,3378,-1,3377,3378,3379,-1,3379,3378,3380,-1,3379,3380,3381,-1,3381,3380,3382,-1,3381,3382,3383,-1,3383,3382,3384,-1,3383,3384,3385,-1,3386,3385,3387,-1,3387,3385,3384,-1,3386,3387,3388,-1,3386,3388,3389,-1,3389,3388,3390,-1,3389,3390,3391,-1,3391,3390,3392,-1,3391,3392,3393,-1,3394,3393,3395,-1,3395,3393,3392,-1,3394,3395,3396,-1,3396,3395,3397,-1,3396,3397,3398,-1,3398,3397,3399,-1,3398,3399,3400,-1,3400,3399,3401,-1,3400,3401,3402,-1,3402,3401,3403,-1,3402,3403,3404,-1,3404,3403,3405,-1,3406,3404,3407,-1,3407,3404,3405,-1,3406,3407,3408,-1,3406,3408,3409,-1,3409,3408,3410,-1,3409,3410,3411,-1,3411,3410,3287,-1,3411,3287,3285,-1,3350,3352,3349,-1,3349,3352,3354,-1,3349,3354,3347,-1,3347,3354,3356,-1,3347,3356,3345,-1,3345,3356,3358,-1,3345,3358,3343,-1,3343,3358,3360,-1,3343,3360,3341,-1,3341,3360,3362,-1,3341,3362,3339,-1,3339,3362,3364,-1,3339,3364,3337,-1,3337,3364,3366,-1,3337,3366,3334,-1,3334,3366,3368,-1,3334,3368,3332,-1,3332,3368,3370,-1,3332,3370,3330,-1,3330,3370,3373,-1,3330,3373,3328,-1,3328,3373,3375,-1,3328,3375,3326,-1,3326,3375,3377,-1,3326,3377,3324,-1,3324,3377,3379,-1,3324,3379,3322,-1,3322,3379,3381,-1,3322,3381,3320,-1,3320,3381,3383,-1,3320,3383,3318,-1,3318,3383,3385,-1,3318,3385,3316,-1,3316,3385,3386,-1,3316,3386,3314,-1,3314,3386,3389,-1,3314,3389,3312,-1,3312,3389,3391,-1,3312,3391,3310,-1,3310,3391,3393,-1,3310,3393,3309,-1,3309,3393,3394,-1,3309,3394,3307,-1,3307,3394,3396,-1,3307,3396,3305,-1,3305,3396,3398,-1,3305,3398,3303,-1,3303,3398,3400,-1,3303,3400,3301,-1,3301,3400,3402,-1,3301,3402,3298,-1,3298,3402,3404,-1,3298,3404,3296,-1,3296,3404,3406,-1,3296,3406,3294,-1,3294,3406,3409,-1,3294,3409,3292,-1,3292,3409,3411,-1,3292,3411,3290,-1,3290,3411,3285,-1,3290,3285,3288,-1,3288,3285,3284,-1,3289,3286,3291,-1,3291,3286,3287,-1,3291,3287,3293,-1,3293,3287,3410,-1,3293,3410,3295,-1,3295,3410,3408,-1,3295,3408,3297,-1,3297,3408,3407,-1,3297,3407,3299,-1,3299,3407,3405,-1,3299,3405,3300,-1,3300,3405,3403,-1,3300,3403,3302,-1,3302,3403,3401,-1,3302,3401,3304,-1,3304,3401,3399,-1,3304,3399,3306,-1,3306,3399,3397,-1,3306,3397,3308,-1,3308,3397,3395,-1,3308,3395,3311,-1,3311,3395,3392,-1,3311,3392,3313,-1,3313,3392,3390,-1,3313,3390,3315,-1,3315,3390,3388,-1,3315,3388,3317,-1,3317,3388,3387,-1,3317,3387,3319,-1,3319,3387,3384,-1,3319,3384,3321,-1,3321,3384,3382,-1,3321,3382,3323,-1,3323,3382,3380,-1,3323,3380,3325,-1,3325,3380,3378,-1,3325,3378,3327,-1,3327,3378,3376,-1,3327,3376,3329,-1,3329,3376,3374,-1,3329,3374,3331,-1,3331,3374,3372,-1,3331,3372,3333,-1,3333,3372,3371,-1,3333,3371,3335,-1,3335,3371,3369,-1,3335,3369,3336,-1,3336,3369,3367,-1,3336,3367,3338,-1,3338,3367,3365,-1,3338,3365,3340,-1,3340,3365,3363,-1,3340,3363,3342,-1,3342,3363,3361,-1,3342,3361,3344,-1,3344,3361,3359,-1,3344,3359,3346,-1,3346,3359,3357,-1,3346,3357,3348,-1,3348,3357,3355,-1,3348,3355,3351,-1,3351,3355,3353,-1,3412,3413,3414,-1,3414,3413,3415,-1,3416,3412,3417,-1,3417,3412,3414,-1,3418,3416,3419,-1,3419,3416,3417,-1,3418,3419,3420,-1,3420,3419,3421,-1,3420,3421,3422,-1,3422,3421,3423,-1,3422,3423,3424,-1,3424,3423,3425,-1,3426,3424,3427,-1,3427,3424,3425,-1,3426,3427,3428,-1,3426,3428,3429,-1,3429,3428,3430,-1,3429,3430,3431,-1,3431,3430,3432,-1,3431,3432,3433,-1,3433,3432,3434,-1,3433,3434,3435,-1,3435,3434,3436,-1,3435,3436,3437,-1,3438,3437,3439,-1,3439,3437,3436,-1,3438,3439,3440,-1,3440,3439,3441,-1,3440,3441,3442,-1,3442,3441,3443,-1,3442,3443,3444,-1,3444,3443,3445,-1,3446,3444,3447,-1,3447,3444,3445,-1,3446,3447,3448,-1,3448,3447,3449,-1,3448,3449,3450,-1,3450,3449,3451,-1,3450,3451,3452,-1,3452,3451,3453,-1,3452,3453,3454,-1,3454,3453,3455,-1,3454,3455,3456,-1,3456,3455,3457,-1,3456,3457,3458,-1,3458,3457,3459,-1,3458,3459,3460,-1,3460,3459,3461,-1,3462,3460,3463,-1,3463,3460,3461,-1,3462,3463,3464,-1,3462,3464,3465,-1,3465,3464,3466,-1,3465,3466,3467,-1,3467,3466,3468,-1,3467,3468,3469,-1,3469,3468,3470,-1,3469,3470,3471,-1,3471,3470,3472,-1,3471,3472,3473,-1,3473,3472,3474,-1,3473,3474,3475,-1,3475,3474,3476,-1,3475,3476,3477,-1,3478,3477,3479,-1,3479,3477,3476,-1,3480,3478,3481,-1,3481,3478,3479,-1,3482,3480,3483,-1,3483,3480,3481,-1,3482,3483,3484,-1,3484,3483,3485,-1,3484,3485,3486,-1,3486,3485,3487,-1,3486,3487,3488,-1,3488,3487,3489,-1,3488,3489,3490,-1,3490,3489,3491,-1,3490,3491,3492,-1,3492,3491,3493,-1,3492,3493,3494,-1,3494,3493,3495,-1,3494,3495,3496,-1,3496,3495,3497,-1,3498,3496,3499,-1,3499,3496,3497,-1,3498,3499,3500,-1,3498,3500,3501,-1,3501,3500,3502,-1,3501,3502,3503,-1,3503,3502,3504,-1,3503,3504,3505,-1,3505,3504,3506,-1,3505,3506,3507,-1,3507,3506,3508,-1,3507,3508,3509,-1,3509,3508,3510,-1,3509,3510,3511,-1,3511,3510,3512,-1,3511,3512,3513,-1,3514,3513,3515,-1,3515,3513,3512,-1,3514,3515,3516,-1,3514,3516,3517,-1,3517,3516,3518,-1,3517,3518,3519,-1,3519,3518,3520,-1,3519,3520,3521,-1,3522,3521,3523,-1,3523,3521,3520,-1,3522,3523,3524,-1,3524,3523,3525,-1,3524,3525,3526,-1,3526,3525,3527,-1,3526,3527,3528,-1,3528,3527,3529,-1,3528,3529,3530,-1,3530,3529,3531,-1,3530,3531,3532,-1,3532,3531,3533,-1,3534,3532,3535,-1,3535,3532,3533,-1,3534,3535,3536,-1,3534,3536,3537,-1,3537,3536,3538,-1,3537,3538,3539,-1,3539,3538,3415,-1,3539,3415,3413,-1,3478,3480,3477,-1,3477,3480,3482,-1,3477,3482,3475,-1,3475,3482,3484,-1,3475,3484,3473,-1,3473,3484,3486,-1,3473,3486,3471,-1,3471,3486,3488,-1,3471,3488,3469,-1,3469,3488,3490,-1,3469,3490,3467,-1,3467,3490,3492,-1,3467,3492,3465,-1,3465,3492,3494,-1,3465,3494,3462,-1,3462,3494,3496,-1,3462,3496,3460,-1,3460,3496,3498,-1,3460,3498,3458,-1,3458,3498,3501,-1,3458,3501,3456,-1,3456,3501,3503,-1,3456,3503,3454,-1,3454,3503,3505,-1,3454,3505,3452,-1,3452,3505,3507,-1,3452,3507,3450,-1,3450,3507,3509,-1,3450,3509,3448,-1,3448,3509,3511,-1,3448,3511,3446,-1,3446,3511,3513,-1,3446,3513,3444,-1,3444,3513,3514,-1,3444,3514,3442,-1,3442,3514,3517,-1,3442,3517,3440,-1,3440,3517,3519,-1,3440,3519,3438,-1,3438,3519,3521,-1,3438,3521,3437,-1,3437,3521,3522,-1,3437,3522,3435,-1,3435,3522,3524,-1,3435,3524,3433,-1,3433,3524,3526,-1,3433,3526,3431,-1,3431,3526,3528,-1,3431,3528,3429,-1,3429,3528,3530,-1,3429,3530,3426,-1,3426,3530,3532,-1,3426,3532,3424,-1,3424,3532,3534,-1,3424,3534,3422,-1,3422,3534,3537,-1,3422,3537,3420,-1,3420,3537,3539,-1,3420,3539,3418,-1,3418,3539,3413,-1,3418,3413,3416,-1,3416,3413,3412,-1,3417,3414,3419,-1,3419,3414,3415,-1,3419,3415,3421,-1,3421,3415,3538,-1,3421,3538,3423,-1,3423,3538,3536,-1,3423,3536,3425,-1,3425,3536,3535,-1,3425,3535,3427,-1,3427,3535,3533,-1,3427,3533,3428,-1,3428,3533,3531,-1,3428,3531,3430,-1,3430,3531,3529,-1,3430,3529,3432,-1,3432,3529,3527,-1,3432,3527,3434,-1,3434,3527,3525,-1,3434,3525,3436,-1,3436,3525,3523,-1,3436,3523,3439,-1,3439,3523,3520,-1,3439,3520,3441,-1,3441,3520,3518,-1,3441,3518,3443,-1,3443,3518,3516,-1,3443,3516,3445,-1,3445,3516,3515,-1,3445,3515,3447,-1,3447,3515,3512,-1,3447,3512,3449,-1,3449,3512,3510,-1,3449,3510,3451,-1,3451,3510,3508,-1,3451,3508,3453,-1,3453,3508,3506,-1,3453,3506,3455,-1,3455,3506,3504,-1,3455,3504,3457,-1,3457,3504,3502,-1,3457,3502,3459,-1,3459,3502,3500,-1,3459,3500,3461,-1,3461,3500,3499,-1,3461,3499,3463,-1,3463,3499,3497,-1,3463,3497,3464,-1,3464,3497,3495,-1,3464,3495,3466,-1,3466,3495,3493,-1,3466,3493,3468,-1,3468,3493,3491,-1,3468,3491,3470,-1,3470,3491,3489,-1,3470,3489,3472,-1,3472,3489,3487,-1,3472,3487,3474,-1,3474,3487,3485,-1,3474,3485,3476,-1,3476,3485,3483,-1,3476,3483,3479,-1,3479,3483,3481,-1,3540,3541,3542,-1,3542,3541,3543,-1,3544,3540,3545,-1,3545,3540,3542,-1,3546,3544,3547,-1,3547,3544,3545,-1,3546,3547,3548,-1,3548,3547,3549,-1,3548,3549,3550,-1,3550,3549,3551,-1,3550,3551,3552,-1,3552,3551,3553,-1,3554,3552,3555,-1,3555,3552,3553,-1,3554,3555,3556,-1,3554,3556,3557,-1,3557,3556,3558,-1,3557,3558,3559,-1,3559,3558,3560,-1,3559,3560,3561,-1,3561,3560,3562,-1,3561,3562,3563,-1,3563,3562,3564,-1,3563,3564,3565,-1,3566,3565,3567,-1,3567,3565,3564,-1,3566,3567,3568,-1,3568,3567,3569,-1,3568,3569,3570,-1,3570,3569,3571,-1,3570,3571,3572,-1,3572,3571,3573,-1,3574,3572,3575,-1,3575,3572,3573,-1,3574,3575,3576,-1,3576,3575,3577,-1,3576,3577,3578,-1,3578,3577,3579,-1,3578,3579,3580,-1,3580,3579,3581,-1,3580,3581,3582,-1,3582,3581,3583,-1,3582,3583,3584,-1,3584,3583,3585,-1,3584,3585,3586,-1,3586,3585,3587,-1,3586,3587,3588,-1,3588,3587,3589,-1,3590,3588,3591,-1,3591,3588,3589,-1,3590,3591,3592,-1,3590,3592,3593,-1,3593,3592,3594,-1,3593,3594,3595,-1,3595,3594,3596,-1,3595,3596,3597,-1,3597,3596,3598,-1,3597,3598,3599,-1,3599,3598,3600,-1,3599,3600,3601,-1,3601,3600,3602,-1,3601,3602,3603,-1,3603,3602,3604,-1,3603,3604,3605,-1,3606,3605,3607,-1,3607,3605,3604,-1,3608,3606,3609,-1,3609,3606,3607,-1,3610,3608,3611,-1,3611,3608,3609,-1,3610,3611,3612,-1,3612,3611,3613,-1,3612,3613,3614,-1,3614,3613,3615,-1,3614,3615,3616,-1,3616,3615,3617,-1,3616,3617,3618,-1,3618,3617,3619,-1,3618,3619,3620,-1,3620,3619,3621,-1,3620,3621,3622,-1,3622,3621,3623,-1,3622,3623,3624,-1,3624,3623,3625,-1,3626,3624,3627,-1,3627,3624,3625,-1,3626,3627,3628,-1,3626,3628,3629,-1,3629,3628,3630,-1,3629,3630,3631,-1,3631,3630,3632,-1,3631,3632,3633,-1,3633,3632,3634,-1,3633,3634,3635,-1,3635,3634,3636,-1,3635,3636,3637,-1,3637,3636,3638,-1,3637,3638,3639,-1,3639,3638,3640,-1,3639,3640,3641,-1,3642,3641,3643,-1,3643,3641,3640,-1,3642,3643,3644,-1,3642,3644,3645,-1,3645,3644,3646,-1,3645,3646,3647,-1,3647,3646,3648,-1,3647,3648,3649,-1,3650,3649,3651,-1,3651,3649,3648,-1,3650,3651,3652,-1,3652,3651,3653,-1,3652,3653,3654,-1,3654,3653,3655,-1,3654,3655,3656,-1,3656,3655,3657,-1,3656,3657,3658,-1,3658,3657,3659,-1,3658,3659,3660,-1,3660,3659,3661,-1,3662,3660,3663,-1,3663,3660,3661,-1,3662,3663,3664,-1,3662,3664,3665,-1,3665,3664,3666,-1,3665,3666,3667,-1,3667,3666,3543,-1,3667,3543,3541,-1,3606,3608,3605,-1,3605,3608,3610,-1,3605,3610,3603,-1,3603,3610,3612,-1,3603,3612,3601,-1,3601,3612,3614,-1,3601,3614,3599,-1,3599,3614,3616,-1,3599,3616,3597,-1,3597,3616,3618,-1,3597,3618,3595,-1,3595,3618,3620,-1,3595,3620,3593,-1,3593,3620,3622,-1,3593,3622,3590,-1,3590,3622,3624,-1,3590,3624,3588,-1,3588,3624,3626,-1,3588,3626,3586,-1,3586,3626,3629,-1,3586,3629,3584,-1,3584,3629,3631,-1,3584,3631,3582,-1,3582,3631,3633,-1,3582,3633,3580,-1,3580,3633,3635,-1,3580,3635,3578,-1,3578,3635,3637,-1,3578,3637,3576,-1,3576,3637,3639,-1,3576,3639,3574,-1,3574,3639,3641,-1,3574,3641,3572,-1,3572,3641,3642,-1,3572,3642,3570,-1,3570,3642,3645,-1,3570,3645,3568,-1,3568,3645,3647,-1,3568,3647,3566,-1,3566,3647,3649,-1,3566,3649,3565,-1,3565,3649,3650,-1,3565,3650,3563,-1,3563,3650,3652,-1,3563,3652,3561,-1,3561,3652,3654,-1,3561,3654,3559,-1,3559,3654,3656,-1,3559,3656,3557,-1,3557,3656,3658,-1,3557,3658,3554,-1,3554,3658,3660,-1,3554,3660,3552,-1,3552,3660,3662,-1,3552,3662,3550,-1,3550,3662,3665,-1,3550,3665,3548,-1,3548,3665,3667,-1,3548,3667,3546,-1,3546,3667,3541,-1,3546,3541,3544,-1,3544,3541,3540,-1,3545,3542,3547,-1,3547,3542,3543,-1,3547,3543,3549,-1,3549,3543,3666,-1,3549,3666,3551,-1,3551,3666,3664,-1,3551,3664,3553,-1,3553,3664,3663,-1,3553,3663,3555,-1,3555,3663,3661,-1,3555,3661,3556,-1,3556,3661,3659,-1,3556,3659,3558,-1,3558,3659,3657,-1,3558,3657,3560,-1,3560,3657,3655,-1,3560,3655,3562,-1,3562,3655,3653,-1,3562,3653,3564,-1,3564,3653,3651,-1,3564,3651,3567,-1,3567,3651,3648,-1,3567,3648,3569,-1,3569,3648,3646,-1,3569,3646,3571,-1,3571,3646,3644,-1,3571,3644,3573,-1,3573,3644,3643,-1,3573,3643,3575,-1,3575,3643,3640,-1,3575,3640,3577,-1,3577,3640,3638,-1,3577,3638,3579,-1,3579,3638,3636,-1,3579,3636,3581,-1,3581,3636,3634,-1,3581,3634,3583,-1,3583,3634,3632,-1,3583,3632,3585,-1,3585,3632,3630,-1,3585,3630,3587,-1,3587,3630,3628,-1,3587,3628,3589,-1,3589,3628,3627,-1,3589,3627,3591,-1,3591,3627,3625,-1,3591,3625,3592,-1,3592,3625,3623,-1,3592,3623,3594,-1,3594,3623,3621,-1,3594,3621,3596,-1,3596,3621,3619,-1,3596,3619,3598,-1,3598,3619,3617,-1,3598,3617,3600,-1,3600,3617,3615,-1,3600,3615,3602,-1,3602,3615,3613,-1,3602,3613,3604,-1,3604,3613,3611,-1,3604,3611,3607,-1,3607,3611,3609,-1,3668,3669,3670,-1,3670,3669,3671,-1,3672,3668,3673,-1,3673,3668,3670,-1,3674,3672,3675,-1,3675,3672,3673,-1,3674,3675,3676,-1,3676,3675,3677,-1,3676,3677,3678,-1,3678,3677,3679,-1,3678,3679,3680,-1,3680,3679,3681,-1,3682,3680,3683,-1,3683,3680,3681,-1,3682,3683,3684,-1,3682,3684,3685,-1,3685,3684,3686,-1,3685,3686,3687,-1,3687,3686,3688,-1,3687,3688,3689,-1,3689,3688,3690,-1,3689,3690,3691,-1,3691,3690,3692,-1,3691,3692,3693,-1,3694,3693,3695,-1,3695,3693,3692,-1,3694,3695,3696,-1,3696,3695,3697,-1,3696,3697,3698,-1,3698,3697,3699,-1,3698,3699,3700,-1,3700,3699,3701,-1,3702,3700,3703,-1,3703,3700,3701,-1,3702,3703,3704,-1,3704,3703,3705,-1,3704,3705,3706,-1,3706,3705,3707,-1,3706,3707,3708,-1,3708,3707,3709,-1,3708,3709,3710,-1,3710,3709,3711,-1,3710,3711,3712,-1,3712,3711,3713,-1,3712,3713,3714,-1,3714,3713,3715,-1,3714,3715,3716,-1,3716,3715,3717,-1,3718,3716,3719,-1,3719,3716,3717,-1,3718,3719,3720,-1,3718,3720,3721,-1,3721,3720,3722,-1,3721,3722,3723,-1,3723,3722,3724,-1,3723,3724,3725,-1,3725,3724,3726,-1,3725,3726,3727,-1,3727,3726,3728,-1,3727,3728,3729,-1,3729,3728,3730,-1,3729,3730,3731,-1,3731,3730,3732,-1,3731,3732,3733,-1,3734,3733,3735,-1,3735,3733,3732,-1,3736,3734,3737,-1,3737,3734,3735,-1,3738,3736,3739,-1,3739,3736,3737,-1,3738,3739,3740,-1,3740,3739,3741,-1,3740,3741,3742,-1,3742,3741,3743,-1,3742,3743,3744,-1,3744,3743,3745,-1,3744,3745,3746,-1,3746,3745,3747,-1,3746,3747,3748,-1,3748,3747,3749,-1,3748,3749,3750,-1,3750,3749,3751,-1,3750,3751,3752,-1,3752,3751,3753,-1,3754,3752,3755,-1,3755,3752,3753,-1,3754,3755,3756,-1,3754,3756,3757,-1,3757,3756,3758,-1,3757,3758,3759,-1,3759,3758,3760,-1,3759,3760,3761,-1,3761,3760,3762,-1,3761,3762,3763,-1,3763,3762,3764,-1,3763,3764,3765,-1,3765,3764,3766,-1,3765,3766,3767,-1,3767,3766,3768,-1,3767,3768,3769,-1,3770,3769,3771,-1,3771,3769,3768,-1,3770,3771,3772,-1,3770,3772,3773,-1,3773,3772,3774,-1,3773,3774,3775,-1,3775,3774,3776,-1,3775,3776,3777,-1,3778,3777,3779,-1,3779,3777,3776,-1,3778,3779,3780,-1,3780,3779,3781,-1,3780,3781,3782,-1,3782,3781,3783,-1,3782,3783,3784,-1,3784,3783,3785,-1,3784,3785,3786,-1,3786,3785,3787,-1,3786,3787,3788,-1,3788,3787,3789,-1,3790,3788,3791,-1,3791,3788,3789,-1,3790,3791,3792,-1,3790,3792,3793,-1,3793,3792,3794,-1,3793,3794,3795,-1,3795,3794,3671,-1,3795,3671,3669,-1,3734,3736,3733,-1,3733,3736,3738,-1,3733,3738,3731,-1,3731,3738,3740,-1,3731,3740,3729,-1,3729,3740,3742,-1,3729,3742,3727,-1,3727,3742,3744,-1,3727,3744,3725,-1,3725,3744,3746,-1,3725,3746,3723,-1,3723,3746,3748,-1,3723,3748,3721,-1,3721,3748,3750,-1,3721,3750,3718,-1,3718,3750,3752,-1,3718,3752,3716,-1,3716,3752,3754,-1,3716,3754,3714,-1,3714,3754,3757,-1,3714,3757,3712,-1,3712,3757,3759,-1,3712,3759,3710,-1,3710,3759,3761,-1,3710,3761,3708,-1,3708,3761,3763,-1,3708,3763,3706,-1,3706,3763,3765,-1,3706,3765,3704,-1,3704,3765,3767,-1,3704,3767,3702,-1,3702,3767,3769,-1,3702,3769,3700,-1,3700,3769,3770,-1,3700,3770,3698,-1,3698,3770,3773,-1,3698,3773,3696,-1,3696,3773,3775,-1,3696,3775,3694,-1,3694,3775,3777,-1,3694,3777,3693,-1,3693,3777,3778,-1,3693,3778,3691,-1,3691,3778,3780,-1,3691,3780,3689,-1,3689,3780,3782,-1,3689,3782,3687,-1,3687,3782,3784,-1,3687,3784,3685,-1,3685,3784,3786,-1,3685,3786,3682,-1,3682,3786,3788,-1,3682,3788,3680,-1,3680,3788,3790,-1,3680,3790,3678,-1,3678,3790,3793,-1,3678,3793,3676,-1,3676,3793,3795,-1,3676,3795,3674,-1,3674,3795,3669,-1,3674,3669,3672,-1,3672,3669,3668,-1,3673,3670,3675,-1,3675,3670,3671,-1,3675,3671,3677,-1,3677,3671,3794,-1,3677,3794,3679,-1,3679,3794,3792,-1,3679,3792,3681,-1,3681,3792,3791,-1,3681,3791,3683,-1,3683,3791,3789,-1,3683,3789,3684,-1,3684,3789,3787,-1,3684,3787,3686,-1,3686,3787,3785,-1,3686,3785,3688,-1,3688,3785,3783,-1,3688,3783,3690,-1,3690,3783,3781,-1,3690,3781,3692,-1,3692,3781,3779,-1,3692,3779,3695,-1,3695,3779,3776,-1,3695,3776,3697,-1,3697,3776,3774,-1,3697,3774,3699,-1,3699,3774,3772,-1,3699,3772,3701,-1,3701,3772,3771,-1,3701,3771,3703,-1,3703,3771,3768,-1,3703,3768,3705,-1,3705,3768,3766,-1,3705,3766,3707,-1,3707,3766,3764,-1,3707,3764,3709,-1,3709,3764,3762,-1,3709,3762,3711,-1,3711,3762,3760,-1,3711,3760,3713,-1,3713,3760,3758,-1,3713,3758,3715,-1,3715,3758,3756,-1,3715,3756,3717,-1,3717,3756,3755,-1,3717,3755,3719,-1,3719,3755,3753,-1,3719,3753,3720,-1,3720,3753,3751,-1,3720,3751,3722,-1,3722,3751,3749,-1,3722,3749,3724,-1,3724,3749,3747,-1,3724,3747,3726,-1,3726,3747,3745,-1,3726,3745,3728,-1,3728,3745,3743,-1,3728,3743,3730,-1,3730,3743,3741,-1,3730,3741,3732,-1,3732,3741,3739,-1,3732,3739,3735,-1,3735,3739,3737,-1,3796,3797,3798,-1,3798,3797,3799,-1,3800,3796,3801,-1,3801,3796,3798,-1,3802,3800,3803,-1,3803,3800,3801,-1,3802,3803,3804,-1,3804,3803,3805,-1,3804,3805,3806,-1,3806,3805,3807,-1,3806,3807,3808,-1,3808,3807,3809,-1,3810,3808,3811,-1,3811,3808,3809,-1,3810,3811,3812,-1,3810,3812,3813,-1,3813,3812,3814,-1,3813,3814,3815,-1,3815,3814,3816,-1,3815,3816,3817,-1,3817,3816,3818,-1,3817,3818,3819,-1,3819,3818,3820,-1,3819,3820,3821,-1,3822,3821,3823,-1,3823,3821,3820,-1,3822,3823,3824,-1,3824,3823,3825,-1,3824,3825,3826,-1,3826,3825,3827,-1,3826,3827,3828,-1,3828,3827,3829,-1,3830,3828,3831,-1,3831,3828,3829,-1,3830,3831,3832,-1,3832,3831,3833,-1,3832,3833,3834,-1,3834,3833,3835,-1,3834,3835,3836,-1,3836,3835,3837,-1,3836,3837,3838,-1,3838,3837,3839,-1,3838,3839,3840,-1,3840,3839,3841,-1,3840,3841,3842,-1,3842,3841,3843,-1,3842,3843,3844,-1,3844,3843,3845,-1,3846,3844,3847,-1,3847,3844,3845,-1,3846,3847,3848,-1,3846,3848,3849,-1,3849,3848,3850,-1,3849,3850,3851,-1,3851,3850,3852,-1,3851,3852,3853,-1,3853,3852,3854,-1,3853,3854,3855,-1,3855,3854,3856,-1,3855,3856,3857,-1,3857,3856,3858,-1,3857,3858,3859,-1,3859,3858,3860,-1,3859,3860,3861,-1,3862,3861,3863,-1,3863,3861,3860,-1,3864,3862,3865,-1,3865,3862,3863,-1,3866,3864,3867,-1,3867,3864,3865,-1,3866,3867,3868,-1,3868,3867,3869,-1,3868,3869,3870,-1,3870,3869,3871,-1,3870,3871,3872,-1,3872,3871,3873,-1,3872,3873,3874,-1,3874,3873,3875,-1,3874,3875,3876,-1,3876,3875,3877,-1,3876,3877,3878,-1,3878,3877,3879,-1,3878,3879,3880,-1,3880,3879,3881,-1,3882,3880,3883,-1,3883,3880,3881,-1,3882,3883,3884,-1,3882,3884,3885,-1,3885,3884,3886,-1,3885,3886,3887,-1,3887,3886,3888,-1,3887,3888,3889,-1,3889,3888,3890,-1,3889,3890,3891,-1,3891,3890,3892,-1,3891,3892,3893,-1,3893,3892,3894,-1,3893,3894,3895,-1,3895,3894,3896,-1,3895,3896,3897,-1,3898,3897,3899,-1,3899,3897,3896,-1,3898,3899,3900,-1,3898,3900,3901,-1,3901,3900,3902,-1,3901,3902,3903,-1,3903,3902,3904,-1,3903,3904,3905,-1,3906,3905,3907,-1,3907,3905,3904,-1,3906,3907,3908,-1,3908,3907,3909,-1,3908,3909,3910,-1,3910,3909,3911,-1,3910,3911,3912,-1,3912,3911,3913,-1,3912,3913,3914,-1,3914,3913,3915,-1,3914,3915,3916,-1,3916,3915,3917,-1,3918,3916,3919,-1,3919,3916,3917,-1,3918,3919,3920,-1,3918,3920,3921,-1,3921,3920,3922,-1,3921,3922,3923,-1,3923,3922,3799,-1,3923,3799,3797,-1,3862,3864,3861,-1,3861,3864,3866,-1,3861,3866,3859,-1,3859,3866,3868,-1,3859,3868,3857,-1,3857,3868,3870,-1,3857,3870,3855,-1,3855,3870,3872,-1,3855,3872,3853,-1,3853,3872,3874,-1,3853,3874,3851,-1,3851,3874,3876,-1,3851,3876,3849,-1,3849,3876,3878,-1,3849,3878,3846,-1,3846,3878,3880,-1,3846,3880,3844,-1,3844,3880,3882,-1,3844,3882,3842,-1,3842,3882,3885,-1,3842,3885,3840,-1,3840,3885,3887,-1,3840,3887,3838,-1,3838,3887,3889,-1,3838,3889,3836,-1,3836,3889,3891,-1,3836,3891,3834,-1,3834,3891,3893,-1,3834,3893,3832,-1,3832,3893,3895,-1,3832,3895,3830,-1,3830,3895,3897,-1,3830,3897,3828,-1,3828,3897,3898,-1,3828,3898,3826,-1,3826,3898,3901,-1,3826,3901,3824,-1,3824,3901,3903,-1,3824,3903,3822,-1,3822,3903,3905,-1,3822,3905,3821,-1,3821,3905,3906,-1,3821,3906,3819,-1,3819,3906,3908,-1,3819,3908,3817,-1,3817,3908,3910,-1,3817,3910,3815,-1,3815,3910,3912,-1,3815,3912,3813,-1,3813,3912,3914,-1,3813,3914,3810,-1,3810,3914,3916,-1,3810,3916,3808,-1,3808,3916,3918,-1,3808,3918,3806,-1,3806,3918,3921,-1,3806,3921,3804,-1,3804,3921,3923,-1,3804,3923,3802,-1,3802,3923,3797,-1,3802,3797,3800,-1,3800,3797,3796,-1,3801,3798,3803,-1,3803,3798,3799,-1,3803,3799,3805,-1,3805,3799,3922,-1,3805,3922,3807,-1,3807,3922,3920,-1,3807,3920,3809,-1,3809,3920,3919,-1,3809,3919,3811,-1,3811,3919,3917,-1,3811,3917,3812,-1,3812,3917,3915,-1,3812,3915,3814,-1,3814,3915,3913,-1,3814,3913,3816,-1,3816,3913,3911,-1,3816,3911,3818,-1,3818,3911,3909,-1,3818,3909,3820,-1,3820,3909,3907,-1,3820,3907,3823,-1,3823,3907,3904,-1,3823,3904,3825,-1,3825,3904,3902,-1,3825,3902,3827,-1,3827,3902,3900,-1,3827,3900,3829,-1,3829,3900,3899,-1,3829,3899,3831,-1,3831,3899,3896,-1,3831,3896,3833,-1,3833,3896,3894,-1,3833,3894,3835,-1,3835,3894,3892,-1,3835,3892,3837,-1,3837,3892,3890,-1,3837,3890,3839,-1,3839,3890,3888,-1,3839,3888,3841,-1,3841,3888,3886,-1,3841,3886,3843,-1,3843,3886,3884,-1,3843,3884,3845,-1,3845,3884,3883,-1,3845,3883,3847,-1,3847,3883,3881,-1,3847,3881,3848,-1,3848,3881,3879,-1,3848,3879,3850,-1,3850,3879,3877,-1,3850,3877,3852,-1,3852,3877,3875,-1,3852,3875,3854,-1,3854,3875,3873,-1,3854,3873,3856,-1,3856,3873,3871,-1,3856,3871,3858,-1,3858,3871,3869,-1,3858,3869,3860,-1,3860,3869,3867,-1,3860,3867,3863,-1,3863,3867,3865,-1,3924,3925,3926,-1,3926,3925,3927,-1,3928,3924,3929,-1,3929,3924,3926,-1,3930,3928,3931,-1,3931,3928,3929,-1,3930,3931,3932,-1,3932,3931,3933,-1,3932,3933,3934,-1,3934,3933,3935,-1,3934,3935,3936,-1,3936,3935,3937,-1,3938,3936,3939,-1,3939,3936,3937,-1,3938,3939,3940,-1,3938,3940,3941,-1,3941,3940,3942,-1,3941,3942,3943,-1,3943,3942,3944,-1,3943,3944,3945,-1,3945,3944,3946,-1,3945,3946,3947,-1,3947,3946,3948,-1,3947,3948,3949,-1,3950,3949,3951,-1,3951,3949,3948,-1,3950,3951,3952,-1,3952,3951,3953,-1,3952,3953,3954,-1,3954,3953,3955,-1,3954,3955,3956,-1,3956,3955,3957,-1,3958,3956,3959,-1,3959,3956,3957,-1,3958,3959,3960,-1,3960,3959,3961,-1,3960,3961,3962,-1,3962,3961,3963,-1,3962,3963,3964,-1,3964,3963,3965,-1,3964,3965,3966,-1,3966,3965,3967,-1,3966,3967,3968,-1,3968,3967,3969,-1,3968,3969,3970,-1,3970,3969,3971,-1,3970,3971,3972,-1,3972,3971,3973,-1,3974,3972,3975,-1,3975,3972,3973,-1,3974,3975,3976,-1,3974,3976,3977,-1,3977,3976,3978,-1,3977,3978,3979,-1,3979,3978,3980,-1,3979,3980,3981,-1,3981,3980,3982,-1,3981,3982,3983,-1,3983,3982,3984,-1,3983,3984,3985,-1,3985,3984,3986,-1,3985,3986,3987,-1,3987,3986,3988,-1,3987,3988,3989,-1,3990,3989,3991,-1,3991,3989,3988,-1,3992,3990,3993,-1,3993,3990,3991,-1,3994,3992,3995,-1,3995,3992,3993,-1,3994,3995,3996,-1,3996,3995,3997,-1,3996,3997,3998,-1,3998,3997,3999,-1,3998,3999,4000,-1,4000,3999,4001,-1,4000,4001,4002,-1,4002,4001,4003,-1,4002,4003,4004,-1,4004,4003,4005,-1,4004,4005,4006,-1,4006,4005,4007,-1,4006,4007,4008,-1,4008,4007,4009,-1,4010,4008,4011,-1,4011,4008,4009,-1,4010,4011,4012,-1,4010,4012,4013,-1,4013,4012,4014,-1,4013,4014,4015,-1,4015,4014,4016,-1,4015,4016,4017,-1,4017,4016,4018,-1,4017,4018,4019,-1,4019,4018,4020,-1,4019,4020,4021,-1,4021,4020,4022,-1,4021,4022,4023,-1,4023,4022,4024,-1,4023,4024,4025,-1,4026,4025,4027,-1,4027,4025,4024,-1,4026,4027,4028,-1,4026,4028,4029,-1,4029,4028,4030,-1,4029,4030,4031,-1,4031,4030,4032,-1,4031,4032,4033,-1,4034,4033,4035,-1,4035,4033,4032,-1,4034,4035,4036,-1,4036,4035,4037,-1,4036,4037,4038,-1,4038,4037,4039,-1,4038,4039,4040,-1,4040,4039,4041,-1,4040,4041,4042,-1,4042,4041,4043,-1,4042,4043,4044,-1,4044,4043,4045,-1,4046,4044,4047,-1,4047,4044,4045,-1,4046,4047,4048,-1,4046,4048,4049,-1,4049,4048,4050,-1,4049,4050,4051,-1,4051,4050,3927,-1,4051,3927,3925,-1,3990,3992,3989,-1,3989,3992,3994,-1,3989,3994,3987,-1,3987,3994,3996,-1,3987,3996,3985,-1,3985,3996,3998,-1,3985,3998,3983,-1,3983,3998,4000,-1,3983,4000,3981,-1,3981,4000,4002,-1,3981,4002,3979,-1,3979,4002,4004,-1,3979,4004,3977,-1,3977,4004,4006,-1,3977,4006,3974,-1,3974,4006,4008,-1,3974,4008,3972,-1,3972,4008,4010,-1,3972,4010,3970,-1,3970,4010,4013,-1,3970,4013,3968,-1,3968,4013,4015,-1,3968,4015,3966,-1,3966,4015,4017,-1,3966,4017,3964,-1,3964,4017,4019,-1,3964,4019,3962,-1,3962,4019,4021,-1,3962,4021,3960,-1,3960,4021,4023,-1,3960,4023,3958,-1,3958,4023,4025,-1,3958,4025,3956,-1,3956,4025,4026,-1,3956,4026,3954,-1,3954,4026,4029,-1,3954,4029,3952,-1,3952,4029,4031,-1,3952,4031,3950,-1,3950,4031,4033,-1,3950,4033,3949,-1,3949,4033,4034,-1,3949,4034,3947,-1,3947,4034,4036,-1,3947,4036,3945,-1,3945,4036,4038,-1,3945,4038,3943,-1,3943,4038,4040,-1,3943,4040,3941,-1,3941,4040,4042,-1,3941,4042,3938,-1,3938,4042,4044,-1,3938,4044,3936,-1,3936,4044,4046,-1,3936,4046,3934,-1,3934,4046,4049,-1,3934,4049,3932,-1,3932,4049,4051,-1,3932,4051,3930,-1,3930,4051,3925,-1,3930,3925,3928,-1,3928,3925,3924,-1,3929,3926,3931,-1,3931,3926,3927,-1,3931,3927,3933,-1,3933,3927,4050,-1,3933,4050,3935,-1,3935,4050,4048,-1,3935,4048,3937,-1,3937,4048,4047,-1,3937,4047,3939,-1,3939,4047,4045,-1,3939,4045,3940,-1,3940,4045,4043,-1,3940,4043,3942,-1,3942,4043,4041,-1,3942,4041,3944,-1,3944,4041,4039,-1,3944,4039,3946,-1,3946,4039,4037,-1,3946,4037,3948,-1,3948,4037,4035,-1,3948,4035,3951,-1,3951,4035,4032,-1,3951,4032,3953,-1,3953,4032,4030,-1,3953,4030,3955,-1,3955,4030,4028,-1,3955,4028,3957,-1,3957,4028,4027,-1,3957,4027,3959,-1,3959,4027,4024,-1,3959,4024,3961,-1,3961,4024,4022,-1,3961,4022,3963,-1,3963,4022,4020,-1,3963,4020,3965,-1,3965,4020,4018,-1,3965,4018,3967,-1,3967,4018,4016,-1,3967,4016,3969,-1,3969,4016,4014,-1,3969,4014,3971,-1,3971,4014,4012,-1,3971,4012,3973,-1,3973,4012,4011,-1,3973,4011,3975,-1,3975,4011,4009,-1,3975,4009,3976,-1,3976,4009,4007,-1,3976,4007,3978,-1,3978,4007,4005,-1,3978,4005,3980,-1,3980,4005,4003,-1,3980,4003,3982,-1,3982,4003,4001,-1,3982,4001,3984,-1,3984,4001,3999,-1,3984,3999,3986,-1,3986,3999,3997,-1,3986,3997,3988,-1,3988,3997,3995,-1,3988,3995,3991,-1,3991,3995,3993,-1,4052,4053,4054,-1,4054,4053,4055,-1,4056,4052,4057,-1,4057,4052,4054,-1,4058,4056,4059,-1,4059,4056,4057,-1,4058,4059,4060,-1,4060,4059,4061,-1,4060,4061,4062,-1,4062,4061,4063,-1,4062,4063,4064,-1,4064,4063,4065,-1,4066,4064,4067,-1,4067,4064,4065,-1,4066,4067,4068,-1,4066,4068,4069,-1,4069,4068,4070,-1,4069,4070,4071,-1,4071,4070,4072,-1,4071,4072,4073,-1,4073,4072,4074,-1,4073,4074,4075,-1,4075,4074,4076,-1,4075,4076,4077,-1,4078,4077,4079,-1,4079,4077,4076,-1,4078,4079,4080,-1,4080,4079,4081,-1,4080,4081,4082,-1,4082,4081,4083,-1,4082,4083,4084,-1,4084,4083,4085,-1,4086,4084,4087,-1,4087,4084,4085,-1,4086,4087,4088,-1,4088,4087,4089,-1,4088,4089,4090,-1,4090,4089,4091,-1,4090,4091,4092,-1,4092,4091,4093,-1,4092,4093,4094,-1,4094,4093,4095,-1,4094,4095,4096,-1,4096,4095,4097,-1,4096,4097,4098,-1,4098,4097,4099,-1,4098,4099,4100,-1,4100,4099,4101,-1,4102,4100,4103,-1,4103,4100,4101,-1,4102,4103,4104,-1,4102,4104,4105,-1,4105,4104,4106,-1,4105,4106,4107,-1,4107,4106,4108,-1,4107,4108,4109,-1,4109,4108,4110,-1,4109,4110,4111,-1,4111,4110,4112,-1,4111,4112,4113,-1,4113,4112,4114,-1,4113,4114,4115,-1,4115,4114,4116,-1,4115,4116,4117,-1,4118,4117,4119,-1,4119,4117,4116,-1,4120,4118,4121,-1,4121,4118,4119,-1,4122,4120,4123,-1,4123,4120,4121,-1,4122,4123,4124,-1,4124,4123,4125,-1,4124,4125,4126,-1,4126,4125,4127,-1,4126,4127,4128,-1,4128,4127,4129,-1,4128,4129,4130,-1,4130,4129,4131,-1,4130,4131,4132,-1,4132,4131,4133,-1,4132,4133,4134,-1,4134,4133,4135,-1,4134,4135,4136,-1,4136,4135,4137,-1,4138,4136,4139,-1,4139,4136,4137,-1,4138,4139,4140,-1,4138,4140,4141,-1,4141,4140,4142,-1,4141,4142,4143,-1,4143,4142,4144,-1,4143,4144,4145,-1,4145,4144,4146,-1,4145,4146,4147,-1,4147,4146,4148,-1,4147,4148,4149,-1,4149,4148,4150,-1,4149,4150,4151,-1,4151,4150,4152,-1,4151,4152,4153,-1,4154,4153,4155,-1,4155,4153,4152,-1,4154,4155,4156,-1,4154,4156,4157,-1,4157,4156,4158,-1,4157,4158,4159,-1,4159,4158,4160,-1,4159,4160,4161,-1,4162,4161,4163,-1,4163,4161,4160,-1,4162,4163,4164,-1,4164,4163,4165,-1,4164,4165,4166,-1,4166,4165,4167,-1,4166,4167,4168,-1,4168,4167,4169,-1,4168,4169,4170,-1,4170,4169,4171,-1,4170,4171,4172,-1,4172,4171,4173,-1,4174,4172,4175,-1,4175,4172,4173,-1,4174,4175,4176,-1,4174,4176,4177,-1,4177,4176,4178,-1,4177,4178,4179,-1,4179,4178,4055,-1,4179,4055,4053,-1,4118,4120,4117,-1,4117,4120,4122,-1,4117,4122,4115,-1,4115,4122,4124,-1,4115,4124,4113,-1,4113,4124,4126,-1,4113,4126,4111,-1,4111,4126,4128,-1,4111,4128,4109,-1,4109,4128,4130,-1,4109,4130,4107,-1,4107,4130,4132,-1,4107,4132,4105,-1,4105,4132,4134,-1,4105,4134,4102,-1,4102,4134,4136,-1,4102,4136,4100,-1,4100,4136,4138,-1,4100,4138,4098,-1,4098,4138,4141,-1,4098,4141,4096,-1,4096,4141,4143,-1,4096,4143,4094,-1,4094,4143,4145,-1,4094,4145,4092,-1,4092,4145,4147,-1,4092,4147,4090,-1,4090,4147,4149,-1,4090,4149,4088,-1,4088,4149,4151,-1,4088,4151,4086,-1,4086,4151,4153,-1,4086,4153,4084,-1,4084,4153,4154,-1,4084,4154,4082,-1,4082,4154,4157,-1,4082,4157,4080,-1,4080,4157,4159,-1,4080,4159,4078,-1,4078,4159,4161,-1,4078,4161,4077,-1,4077,4161,4162,-1,4077,4162,4075,-1,4075,4162,4164,-1,4075,4164,4073,-1,4073,4164,4166,-1,4073,4166,4071,-1,4071,4166,4168,-1,4071,4168,4069,-1,4069,4168,4170,-1,4069,4170,4066,-1,4066,4170,4172,-1,4066,4172,4064,-1,4064,4172,4174,-1,4064,4174,4062,-1,4062,4174,4177,-1,4062,4177,4060,-1,4060,4177,4179,-1,4060,4179,4058,-1,4058,4179,4053,-1,4058,4053,4056,-1,4056,4053,4052,-1,4057,4054,4059,-1,4059,4054,4055,-1,4059,4055,4061,-1,4061,4055,4178,-1,4061,4178,4063,-1,4063,4178,4176,-1,4063,4176,4065,-1,4065,4176,4175,-1,4065,4175,4067,-1,4067,4175,4173,-1,4067,4173,4068,-1,4068,4173,4171,-1,4068,4171,4070,-1,4070,4171,4169,-1,4070,4169,4072,-1,4072,4169,4167,-1,4072,4167,4074,-1,4074,4167,4165,-1,4074,4165,4076,-1,4076,4165,4163,-1,4076,4163,4079,-1,4079,4163,4160,-1,4079,4160,4081,-1,4081,4160,4158,-1,4081,4158,4083,-1,4083,4158,4156,-1,4083,4156,4085,-1,4085,4156,4155,-1,4085,4155,4087,-1,4087,4155,4152,-1,4087,4152,4089,-1,4089,4152,4150,-1,4089,4150,4091,-1,4091,4150,4148,-1,4091,4148,4093,-1,4093,4148,4146,-1,4093,4146,4095,-1,4095,4146,4144,-1,4095,4144,4097,-1,4097,4144,4142,-1,4097,4142,4099,-1,4099,4142,4140,-1,4099,4140,4101,-1,4101,4140,4139,-1,4101,4139,4103,-1,4103,4139,4137,-1,4103,4137,4104,-1,4104,4137,4135,-1,4104,4135,4106,-1,4106,4135,4133,-1,4106,4133,4108,-1,4108,4133,4131,-1,4108,4131,4110,-1,4110,4131,4129,-1,4110,4129,4112,-1,4112,4129,4127,-1,4112,4127,4114,-1,4114,4127,4125,-1,4114,4125,4116,-1,4116,4125,4123,-1,4116,4123,4119,-1,4119,4123,4121,-1,4180,4181,4182,-1,4182,4181,4183,-1,4184,4180,4185,-1,4185,4180,4182,-1,4186,4184,4187,-1,4187,4184,4185,-1,4186,4187,4188,-1,4188,4187,4189,-1,4188,4189,4190,-1,4190,4189,4191,-1,4190,4191,4192,-1,4192,4191,4193,-1,4194,4192,4195,-1,4195,4192,4193,-1,4194,4195,4196,-1,4194,4196,4197,-1,4197,4196,4198,-1,4197,4198,4199,-1,4199,4198,4200,-1,4199,4200,4201,-1,4201,4200,4202,-1,4201,4202,4203,-1,4203,4202,4204,-1,4203,4204,4205,-1,4206,4205,4207,-1,4207,4205,4204,-1,4206,4207,4208,-1,4208,4207,4209,-1,4208,4209,4210,-1,4210,4209,4211,-1,4210,4211,4212,-1,4212,4211,4213,-1,4214,4212,4215,-1,4215,4212,4213,-1,4214,4215,4216,-1,4216,4215,4217,-1,4216,4217,4218,-1,4218,4217,4219,-1,4218,4219,4220,-1,4220,4219,4221,-1,4220,4221,4222,-1,4222,4221,4223,-1,4222,4223,4224,-1,4224,4223,4225,-1,4224,4225,4226,-1,4226,4225,4227,-1,4226,4227,4228,-1,4228,4227,4229,-1,4230,4228,4231,-1,4231,4228,4229,-1,4230,4231,4232,-1,4230,4232,4233,-1,4233,4232,4234,-1,4233,4234,4235,-1,4235,4234,4236,-1,4235,4236,4237,-1,4237,4236,4238,-1,4237,4238,4239,-1,4239,4238,4240,-1,4239,4240,4241,-1,4241,4240,4242,-1,4241,4242,4243,-1,4243,4242,4244,-1,4243,4244,4245,-1,4246,4245,4247,-1,4247,4245,4244,-1,4248,4246,4249,-1,4249,4246,4247,-1,4250,4248,4251,-1,4251,4248,4249,-1,4250,4251,4252,-1,4252,4251,4253,-1,4252,4253,4254,-1,4254,4253,4255,-1,4254,4255,4256,-1,4256,4255,4257,-1,4256,4257,4258,-1,4258,4257,4259,-1,4258,4259,4260,-1,4260,4259,4261,-1,4260,4261,4262,-1,4262,4261,4263,-1,4262,4263,4264,-1,4264,4263,4265,-1,4266,4264,4267,-1,4267,4264,4265,-1,4266,4267,4268,-1,4266,4268,4269,-1,4269,4268,4270,-1,4269,4270,4271,-1,4271,4270,4272,-1,4271,4272,4273,-1,4273,4272,4274,-1,4273,4274,4275,-1,4275,4274,4276,-1,4275,4276,4277,-1,4277,4276,4278,-1,4277,4278,4279,-1,4279,4278,4280,-1,4279,4280,4281,-1,4282,4281,4283,-1,4283,4281,4280,-1,4282,4283,4284,-1,4282,4284,4285,-1,4285,4284,4286,-1,4285,4286,4287,-1,4287,4286,4288,-1,4287,4288,4289,-1,4290,4289,4291,-1,4291,4289,4288,-1,4290,4291,4292,-1,4292,4291,4293,-1,4292,4293,4294,-1,4294,4293,4295,-1,4294,4295,4296,-1,4296,4295,4297,-1,4296,4297,4298,-1,4298,4297,4299,-1,4298,4299,4300,-1,4300,4299,4301,-1,4302,4300,4303,-1,4303,4300,4301,-1,4302,4303,4304,-1,4302,4304,4305,-1,4305,4304,4306,-1,4305,4306,4307,-1,4307,4306,4183,-1,4307,4183,4181,-1,4246,4248,4245,-1,4245,4248,4250,-1,4245,4250,4243,-1,4243,4250,4252,-1,4243,4252,4241,-1,4241,4252,4254,-1,4241,4254,4239,-1,4239,4254,4256,-1,4239,4256,4237,-1,4237,4256,4258,-1,4237,4258,4235,-1,4235,4258,4260,-1,4235,4260,4233,-1,4233,4260,4262,-1,4233,4262,4230,-1,4230,4262,4264,-1,4230,4264,4228,-1,4228,4264,4266,-1,4228,4266,4226,-1,4226,4266,4269,-1,4226,4269,4224,-1,4224,4269,4271,-1,4224,4271,4222,-1,4222,4271,4273,-1,4222,4273,4220,-1,4220,4273,4275,-1,4220,4275,4218,-1,4218,4275,4277,-1,4218,4277,4216,-1,4216,4277,4279,-1,4216,4279,4214,-1,4214,4279,4281,-1,4214,4281,4212,-1,4212,4281,4282,-1,4212,4282,4210,-1,4210,4282,4285,-1,4210,4285,4208,-1,4208,4285,4287,-1,4208,4287,4206,-1,4206,4287,4289,-1,4206,4289,4205,-1,4205,4289,4290,-1,4205,4290,4203,-1,4203,4290,4292,-1,4203,4292,4201,-1,4201,4292,4294,-1,4201,4294,4199,-1,4199,4294,4296,-1,4199,4296,4197,-1,4197,4296,4298,-1,4197,4298,4194,-1,4194,4298,4300,-1,4194,4300,4192,-1,4192,4300,4302,-1,4192,4302,4190,-1,4190,4302,4305,-1,4190,4305,4188,-1,4188,4305,4307,-1,4188,4307,4186,-1,4186,4307,4181,-1,4186,4181,4184,-1,4184,4181,4180,-1,4185,4182,4187,-1,4187,4182,4183,-1,4187,4183,4189,-1,4189,4183,4306,-1,4189,4306,4191,-1,4191,4306,4304,-1,4191,4304,4193,-1,4193,4304,4303,-1,4193,4303,4195,-1,4195,4303,4301,-1,4195,4301,4196,-1,4196,4301,4299,-1,4196,4299,4198,-1,4198,4299,4297,-1,4198,4297,4200,-1,4200,4297,4295,-1,4200,4295,4202,-1,4202,4295,4293,-1,4202,4293,4204,-1,4204,4293,4291,-1,4204,4291,4207,-1,4207,4291,4288,-1,4207,4288,4209,-1,4209,4288,4286,-1,4209,4286,4211,-1,4211,4286,4284,-1,4211,4284,4213,-1,4213,4284,4283,-1,4213,4283,4215,-1,4215,4283,4280,-1,4215,4280,4217,-1,4217,4280,4278,-1,4217,4278,4219,-1,4219,4278,4276,-1,4219,4276,4221,-1,4221,4276,4274,-1,4221,4274,4223,-1,4223,4274,4272,-1,4223,4272,4225,-1,4225,4272,4270,-1,4225,4270,4227,-1,4227,4270,4268,-1,4227,4268,4229,-1,4229,4268,4267,-1,4229,4267,4231,-1,4231,4267,4265,-1,4231,4265,4232,-1,4232,4265,4263,-1,4232,4263,4234,-1,4234,4263,4261,-1,4234,4261,4236,-1,4236,4261,4259,-1,4236,4259,4238,-1,4238,4259,4257,-1,4238,4257,4240,-1,4240,4257,4255,-1,4240,4255,4242,-1,4242,4255,4253,-1,4242,4253,4244,-1,4244,4253,4251,-1,4244,4251,4247,-1,4247,4251,4249,-1,4308,4309,4310,-1,4310,4309,4311,-1,4312,4308,4313,-1,4313,4308,4310,-1,4314,4312,4315,-1,4315,4312,4313,-1,4314,4315,4316,-1,4316,4315,4317,-1,4316,4317,4318,-1,4318,4317,4319,-1,4318,4319,4320,-1,4320,4319,4321,-1,4322,4320,4323,-1,4323,4320,4321,-1,4322,4323,4324,-1,4322,4324,4325,-1,4325,4324,4326,-1,4325,4326,4327,-1,4327,4326,4328,-1,4327,4328,4329,-1,4329,4328,4330,-1,4329,4330,4331,-1,4331,4330,4332,-1,4331,4332,4333,-1,4334,4333,4335,-1,4335,4333,4332,-1,4334,4335,4336,-1,4336,4335,4337,-1,4336,4337,4338,-1,4338,4337,4339,-1,4338,4339,4340,-1,4340,4339,4341,-1,4342,4340,4343,-1,4343,4340,4341,-1,4342,4343,4344,-1,4344,4343,4345,-1,4344,4345,4346,-1,4346,4345,4347,-1,4346,4347,4348,-1,4348,4347,4349,-1,4348,4349,4350,-1,4350,4349,4351,-1,4350,4351,4352,-1,4352,4351,4353,-1,4352,4353,4354,-1,4354,4353,4355,-1,4354,4355,4356,-1,4356,4355,4357,-1,4358,4356,4359,-1,4359,4356,4357,-1,4358,4359,4360,-1,4358,4360,4361,-1,4361,4360,4362,-1,4361,4362,4363,-1,4363,4362,4364,-1,4363,4364,4365,-1,4365,4364,4366,-1,4365,4366,4367,-1,4367,4366,4368,-1,4367,4368,4369,-1,4369,4368,4370,-1,4369,4370,4371,-1,4371,4370,4372,-1,4371,4372,4373,-1,4374,4373,4375,-1,4375,4373,4372,-1,4376,4374,4377,-1,4377,4374,4375,-1,4378,4376,4379,-1,4379,4376,4377,-1,4378,4379,4380,-1,4380,4379,4381,-1,4380,4381,4382,-1,4382,4381,4383,-1,4382,4383,4384,-1,4384,4383,4385,-1,4384,4385,4386,-1,4386,4385,4387,-1,4386,4387,4388,-1,4388,4387,4389,-1,4388,4389,4390,-1,4390,4389,4391,-1,4390,4391,4392,-1,4392,4391,4393,-1,4394,4392,4395,-1,4395,4392,4393,-1,4394,4395,4396,-1,4394,4396,4397,-1,4397,4396,4398,-1,4397,4398,4399,-1,4399,4398,4400,-1,4399,4400,4401,-1,4401,4400,4402,-1,4401,4402,4403,-1,4403,4402,4404,-1,4403,4404,4405,-1,4405,4404,4406,-1,4405,4406,4407,-1,4407,4406,4408,-1,4407,4408,4409,-1,4410,4409,4411,-1,4411,4409,4408,-1,4410,4411,4412,-1,4410,4412,4413,-1,4413,4412,4414,-1,4413,4414,4415,-1,4415,4414,4416,-1,4415,4416,4417,-1,4418,4417,4419,-1,4419,4417,4416,-1,4418,4419,4420,-1,4420,4419,4421,-1,4420,4421,4422,-1,4422,4421,4423,-1,4422,4423,4424,-1,4424,4423,4425,-1,4424,4425,4426,-1,4426,4425,4427,-1,4426,4427,4428,-1,4428,4427,4429,-1,4430,4428,4431,-1,4431,4428,4429,-1,4430,4431,4432,-1,4430,4432,4433,-1,4433,4432,4434,-1,4433,4434,4435,-1,4435,4434,4311,-1,4435,4311,4309,-1,4374,4376,4373,-1,4373,4376,4378,-1,4373,4378,4371,-1,4371,4378,4380,-1,4371,4380,4369,-1,4369,4380,4382,-1,4369,4382,4367,-1,4367,4382,4384,-1,4367,4384,4365,-1,4365,4384,4386,-1,4365,4386,4363,-1,4363,4386,4388,-1,4363,4388,4361,-1,4361,4388,4390,-1,4361,4390,4358,-1,4358,4390,4392,-1,4358,4392,4356,-1,4356,4392,4394,-1,4356,4394,4354,-1,4354,4394,4397,-1,4354,4397,4352,-1,4352,4397,4399,-1,4352,4399,4350,-1,4350,4399,4401,-1,4350,4401,4348,-1,4348,4401,4403,-1,4348,4403,4346,-1,4346,4403,4405,-1,4346,4405,4344,-1,4344,4405,4407,-1,4344,4407,4342,-1,4342,4407,4409,-1,4342,4409,4340,-1,4340,4409,4410,-1,4340,4410,4338,-1,4338,4410,4413,-1,4338,4413,4336,-1,4336,4413,4415,-1,4336,4415,4334,-1,4334,4415,4417,-1,4334,4417,4333,-1,4333,4417,4418,-1,4333,4418,4331,-1,4331,4418,4420,-1,4331,4420,4329,-1,4329,4420,4422,-1,4329,4422,4327,-1,4327,4422,4424,-1,4327,4424,4325,-1,4325,4424,4426,-1,4325,4426,4322,-1,4322,4426,4428,-1,4322,4428,4320,-1,4320,4428,4430,-1,4320,4430,4318,-1,4318,4430,4433,-1,4318,4433,4316,-1,4316,4433,4435,-1,4316,4435,4314,-1,4314,4435,4309,-1,4314,4309,4312,-1,4312,4309,4308,-1,4313,4310,4315,-1,4315,4310,4311,-1,4315,4311,4317,-1,4317,4311,4434,-1,4317,4434,4319,-1,4319,4434,4432,-1,4319,4432,4321,-1,4321,4432,4431,-1,4321,4431,4323,-1,4323,4431,4429,-1,4323,4429,4324,-1,4324,4429,4427,-1,4324,4427,4326,-1,4326,4427,4425,-1,4326,4425,4328,-1,4328,4425,4423,-1,4328,4423,4330,-1,4330,4423,4421,-1,4330,4421,4332,-1,4332,4421,4419,-1,4332,4419,4335,-1,4335,4419,4416,-1,4335,4416,4337,-1,4337,4416,4414,-1,4337,4414,4339,-1,4339,4414,4412,-1,4339,4412,4341,-1,4341,4412,4411,-1,4341,4411,4343,-1,4343,4411,4408,-1,4343,4408,4345,-1,4345,4408,4406,-1,4345,4406,4347,-1,4347,4406,4404,-1,4347,4404,4349,-1,4349,4404,4402,-1,4349,4402,4351,-1,4351,4402,4400,-1,4351,4400,4353,-1,4353,4400,4398,-1,4353,4398,4355,-1,4355,4398,4396,-1,4355,4396,4357,-1,4357,4396,4395,-1,4357,4395,4359,-1,4359,4395,4393,-1,4359,4393,4360,-1,4360,4393,4391,-1,4360,4391,4362,-1,4362,4391,4389,-1,4362,4389,4364,-1,4364,4389,4387,-1,4364,4387,4366,-1,4366,4387,4385,-1,4366,4385,4368,-1,4368,4385,4383,-1,4368,4383,4370,-1,4370,4383,4381,-1,4370,4381,4372,-1,4372,4381,4379,-1,4372,4379,4375,-1,4375,4379,4377,-1,4436,4437,4438,-1,4438,4437,4439,-1,4440,4436,4441,-1,4441,4436,4438,-1,4442,4440,4443,-1,4443,4440,4441,-1,4442,4443,4444,-1,4444,4443,4445,-1,4444,4445,4446,-1,4446,4445,4447,-1,4446,4447,4448,-1,4448,4447,4449,-1,4450,4448,4451,-1,4451,4448,4449,-1,4450,4451,4452,-1,4450,4452,4453,-1,4453,4452,4454,-1,4453,4454,4455,-1,4455,4454,4456,-1,4455,4456,4457,-1,4457,4456,4458,-1,4457,4458,4459,-1,4459,4458,4460,-1,4459,4460,4461,-1,4462,4461,4463,-1,4463,4461,4460,-1,4462,4463,4464,-1,4464,4463,4465,-1,4464,4465,4466,-1,4466,4465,4467,-1,4466,4467,4468,-1,4468,4467,4469,-1,4470,4468,4471,-1,4471,4468,4469,-1,4470,4471,4472,-1,4472,4471,4473,-1,4472,4473,4474,-1,4474,4473,4475,-1,4474,4475,4476,-1,4476,4475,4477,-1,4476,4477,4478,-1,4478,4477,4479,-1,4478,4479,4480,-1,4480,4479,4481,-1,4480,4481,4482,-1,4482,4481,4483,-1,4482,4483,4484,-1,4484,4483,4485,-1,4486,4484,4487,-1,4487,4484,4485,-1,4486,4487,4488,-1,4486,4488,4489,-1,4489,4488,4490,-1,4489,4490,4491,-1,4491,4490,4492,-1,4491,4492,4493,-1,4493,4492,4494,-1,4493,4494,4495,-1,4495,4494,4496,-1,4495,4496,4497,-1,4497,4496,4498,-1,4497,4498,4499,-1,4499,4498,4500,-1,4499,4500,4501,-1,4502,4501,4503,-1,4503,4501,4500,-1,4504,4502,4505,-1,4505,4502,4503,-1,4506,4504,4507,-1,4507,4504,4505,-1,4506,4507,4508,-1,4508,4507,4509,-1,4508,4509,4510,-1,4510,4509,4511,-1,4510,4511,4512,-1,4512,4511,4513,-1,4512,4513,4514,-1,4514,4513,4515,-1,4514,4515,4516,-1,4516,4515,4517,-1,4516,4517,4518,-1,4518,4517,4519,-1,4518,4519,4520,-1,4520,4519,4521,-1,4522,4520,4523,-1,4523,4520,4521,-1,4522,4523,4524,-1,4522,4524,4525,-1,4525,4524,4526,-1,4525,4526,4527,-1,4527,4526,4528,-1,4527,4528,4529,-1,4529,4528,4530,-1,4529,4530,4531,-1,4531,4530,4532,-1,4531,4532,4533,-1,4533,4532,4534,-1,4533,4534,4535,-1,4535,4534,4536,-1,4535,4536,4537,-1,4538,4537,4539,-1,4539,4537,4536,-1,4538,4539,4540,-1,4538,4540,4541,-1,4541,4540,4542,-1,4541,4542,4543,-1,4543,4542,4544,-1,4543,4544,4545,-1,4546,4545,4547,-1,4547,4545,4544,-1,4546,4547,4548,-1,4548,4547,4549,-1,4548,4549,4550,-1,4550,4549,4551,-1,4550,4551,4552,-1,4552,4551,4553,-1,4552,4553,4554,-1,4554,4553,4555,-1,4554,4555,4556,-1,4556,4555,4557,-1,4558,4556,4559,-1,4559,4556,4557,-1,4558,4559,4560,-1,4558,4560,4561,-1,4561,4560,4562,-1,4561,4562,4563,-1,4563,4562,4439,-1,4563,4439,4437,-1,4502,4504,4501,-1,4501,4504,4506,-1,4501,4506,4499,-1,4499,4506,4508,-1,4499,4508,4497,-1,4497,4508,4510,-1,4497,4510,4495,-1,4495,4510,4512,-1,4495,4512,4493,-1,4493,4512,4514,-1,4493,4514,4491,-1,4491,4514,4516,-1,4491,4516,4489,-1,4489,4516,4518,-1,4489,4518,4486,-1,4486,4518,4520,-1,4486,4520,4484,-1,4484,4520,4522,-1,4484,4522,4482,-1,4482,4522,4525,-1,4482,4525,4480,-1,4480,4525,4527,-1,4480,4527,4478,-1,4478,4527,4529,-1,4478,4529,4476,-1,4476,4529,4531,-1,4476,4531,4474,-1,4474,4531,4533,-1,4474,4533,4472,-1,4472,4533,4535,-1,4472,4535,4470,-1,4470,4535,4537,-1,4470,4537,4468,-1,4468,4537,4538,-1,4468,4538,4466,-1,4466,4538,4541,-1,4466,4541,4464,-1,4464,4541,4543,-1,4464,4543,4462,-1,4462,4543,4545,-1,4462,4545,4461,-1,4461,4545,4546,-1,4461,4546,4459,-1,4459,4546,4548,-1,4459,4548,4457,-1,4457,4548,4550,-1,4457,4550,4455,-1,4455,4550,4552,-1,4455,4552,4453,-1,4453,4552,4554,-1,4453,4554,4450,-1,4450,4554,4556,-1,4450,4556,4448,-1,4448,4556,4558,-1,4448,4558,4446,-1,4446,4558,4561,-1,4446,4561,4444,-1,4444,4561,4563,-1,4444,4563,4442,-1,4442,4563,4437,-1,4442,4437,4440,-1,4440,4437,4436,-1,4441,4438,4443,-1,4443,4438,4439,-1,4443,4439,4445,-1,4445,4439,4562,-1,4445,4562,4447,-1,4447,4562,4560,-1,4447,4560,4449,-1,4449,4560,4559,-1,4449,4559,4451,-1,4451,4559,4557,-1,4451,4557,4452,-1,4452,4557,4555,-1,4452,4555,4454,-1,4454,4555,4553,-1,4454,4553,4456,-1,4456,4553,4551,-1,4456,4551,4458,-1,4458,4551,4549,-1,4458,4549,4460,-1,4460,4549,4547,-1,4460,4547,4463,-1,4463,4547,4544,-1,4463,4544,4465,-1,4465,4544,4542,-1,4465,4542,4467,-1,4467,4542,4540,-1,4467,4540,4469,-1,4469,4540,4539,-1,4469,4539,4471,-1,4471,4539,4536,-1,4471,4536,4473,-1,4473,4536,4534,-1,4473,4534,4475,-1,4475,4534,4532,-1,4475,4532,4477,-1,4477,4532,4530,-1,4477,4530,4479,-1,4479,4530,4528,-1,4479,4528,4481,-1,4481,4528,4526,-1,4481,4526,4483,-1,4483,4526,4524,-1,4483,4524,4485,-1,4485,4524,4523,-1,4485,4523,4487,-1,4487,4523,4521,-1,4487,4521,4488,-1,4488,4521,4519,-1,4488,4519,4490,-1,4490,4519,4517,-1,4490,4517,4492,-1,4492,4517,4515,-1,4492,4515,4494,-1,4494,4515,4513,-1,4494,4513,4496,-1,4496,4513,4511,-1,4496,4511,4498,-1,4498,4511,4509,-1,4498,4509,4500,-1,4500,4509,4507,-1,4500,4507,4503,-1,4503,4507,4505,-1,4564,4565,4566,-1,4566,4565,4567,-1,4568,4564,4569,-1,4569,4564,4566,-1,4570,4568,4571,-1,4571,4568,4569,-1,4570,4571,4572,-1,4572,4571,4573,-1,4572,4573,4574,-1,4574,4573,4575,-1,4574,4575,4576,-1,4576,4575,4577,-1,4578,4576,4579,-1,4579,4576,4577,-1,4578,4579,4580,-1,4578,4580,4581,-1,4581,4580,4582,-1,4581,4582,4583,-1,4583,4582,4584,-1,4583,4584,4585,-1,4585,4584,4586,-1,4585,4586,4587,-1,4587,4586,4588,-1,4587,4588,4589,-1,4590,4589,4591,-1,4591,4589,4588,-1,4590,4591,4592,-1,4592,4591,4593,-1,4592,4593,4594,-1,4594,4593,4595,-1,4594,4595,4596,-1,4596,4595,4597,-1,4598,4596,4599,-1,4599,4596,4597,-1,4598,4599,4600,-1,4600,4599,4601,-1,4600,4601,4602,-1,4602,4601,4603,-1,4602,4603,4604,-1,4604,4603,4605,-1,4604,4605,4606,-1,4606,4605,4607,-1,4606,4607,4608,-1,4608,4607,4609,-1,4608,4609,4610,-1,4610,4609,4611,-1,4610,4611,4612,-1,4612,4611,4613,-1,4614,4612,4615,-1,4615,4612,4613,-1,4614,4615,4616,-1,4614,4616,4617,-1,4617,4616,4618,-1,4617,4618,4619,-1,4619,4618,4620,-1,4619,4620,4621,-1,4621,4620,4622,-1,4621,4622,4623,-1,4623,4622,4624,-1,4623,4624,4625,-1,4625,4624,4626,-1,4625,4626,4627,-1,4627,4626,4628,-1,4627,4628,4629,-1,4630,4629,4631,-1,4631,4629,4628,-1,4632,4630,4633,-1,4633,4630,4631,-1,4634,4632,4635,-1,4635,4632,4633,-1,4634,4635,4636,-1,4636,4635,4637,-1,4636,4637,4638,-1,4638,4637,4639,-1,4638,4639,4640,-1,4640,4639,4641,-1,4640,4641,4642,-1,4642,4641,4643,-1,4642,4643,4644,-1,4644,4643,4645,-1,4644,4645,4646,-1,4646,4645,4647,-1,4646,4647,4648,-1,4648,4647,4649,-1,4650,4648,4651,-1,4651,4648,4649,-1,4650,4651,4652,-1,4650,4652,4653,-1,4653,4652,4654,-1,4653,4654,4655,-1,4655,4654,4656,-1,4655,4656,4657,-1,4657,4656,4658,-1,4657,4658,4659,-1,4659,4658,4660,-1,4659,4660,4661,-1,4661,4660,4662,-1,4661,4662,4663,-1,4663,4662,4664,-1,4663,4664,4665,-1,4666,4665,4667,-1,4667,4665,4664,-1,4666,4667,4668,-1,4666,4668,4669,-1,4669,4668,4670,-1,4669,4670,4671,-1,4671,4670,4672,-1,4671,4672,4673,-1,4674,4673,4675,-1,4675,4673,4672,-1,4674,4675,4676,-1,4676,4675,4677,-1,4676,4677,4678,-1,4678,4677,4679,-1,4678,4679,4680,-1,4680,4679,4681,-1,4680,4681,4682,-1,4682,4681,4683,-1,4682,4683,4684,-1,4684,4683,4685,-1,4686,4684,4687,-1,4687,4684,4685,-1,4686,4687,4688,-1,4686,4688,4689,-1,4689,4688,4690,-1,4689,4690,4691,-1,4691,4690,4567,-1,4691,4567,4565,-1,4630,4632,4629,-1,4629,4632,4634,-1,4629,4634,4627,-1,4627,4634,4636,-1,4627,4636,4625,-1,4625,4636,4638,-1,4625,4638,4623,-1,4623,4638,4640,-1,4623,4640,4621,-1,4621,4640,4642,-1,4621,4642,4619,-1,4619,4642,4644,-1,4619,4644,4617,-1,4617,4644,4646,-1,4617,4646,4614,-1,4614,4646,4648,-1,4614,4648,4612,-1,4612,4648,4650,-1,4612,4650,4610,-1,4610,4650,4653,-1,4610,4653,4608,-1,4608,4653,4655,-1,4608,4655,4606,-1,4606,4655,4657,-1,4606,4657,4604,-1,4604,4657,4659,-1,4604,4659,4602,-1,4602,4659,4661,-1,4602,4661,4600,-1,4600,4661,4663,-1,4600,4663,4598,-1,4598,4663,4665,-1,4598,4665,4596,-1,4596,4665,4666,-1,4596,4666,4594,-1,4594,4666,4669,-1,4594,4669,4592,-1,4592,4669,4671,-1,4592,4671,4590,-1,4590,4671,4673,-1,4590,4673,4589,-1,4589,4673,4674,-1,4589,4674,4587,-1,4587,4674,4676,-1,4587,4676,4585,-1,4585,4676,4678,-1,4585,4678,4583,-1,4583,4678,4680,-1,4583,4680,4581,-1,4581,4680,4682,-1,4581,4682,4578,-1,4578,4682,4684,-1,4578,4684,4576,-1,4576,4684,4686,-1,4576,4686,4574,-1,4574,4686,4689,-1,4574,4689,4572,-1,4572,4689,4691,-1,4572,4691,4570,-1,4570,4691,4565,-1,4570,4565,4568,-1,4568,4565,4564,-1,4569,4566,4571,-1,4571,4566,4567,-1,4571,4567,4573,-1,4573,4567,4690,-1,4573,4690,4575,-1,4575,4690,4688,-1,4575,4688,4577,-1,4577,4688,4687,-1,4577,4687,4579,-1,4579,4687,4685,-1,4579,4685,4580,-1,4580,4685,4683,-1,4580,4683,4582,-1,4582,4683,4681,-1,4582,4681,4584,-1,4584,4681,4679,-1,4584,4679,4586,-1,4586,4679,4677,-1,4586,4677,4588,-1,4588,4677,4675,-1,4588,4675,4591,-1,4591,4675,4672,-1,4591,4672,4593,-1,4593,4672,4670,-1,4593,4670,4595,-1,4595,4670,4668,-1,4595,4668,4597,-1,4597,4668,4667,-1,4597,4667,4599,-1,4599,4667,4664,-1,4599,4664,4601,-1,4601,4664,4662,-1,4601,4662,4603,-1,4603,4662,4660,-1,4603,4660,4605,-1,4605,4660,4658,-1,4605,4658,4607,-1,4607,4658,4656,-1,4607,4656,4609,-1,4609,4656,4654,-1,4609,4654,4611,-1,4611,4654,4652,-1,4611,4652,4613,-1,4613,4652,4651,-1,4613,4651,4615,-1,4615,4651,4649,-1,4615,4649,4616,-1,4616,4649,4647,-1,4616,4647,4618,-1,4618,4647,4645,-1,4618,4645,4620,-1,4620,4645,4643,-1,4620,4643,4622,-1,4622,4643,4641,-1,4622,4641,4624,-1,4624,4641,4639,-1,4624,4639,4626,-1,4626,4639,4637,-1,4626,4637,4628,-1,4628,4637,4635,-1,4628,4635,4631,-1,4631,4635,4633,-1,4692,4693,4694,-1,4694,4693,4695,-1,4696,4692,4697,-1,4697,4692,4694,-1,4698,4696,4699,-1,4699,4696,4697,-1,4698,4699,4700,-1,4700,4699,4701,-1,4700,4701,4702,-1,4702,4701,4703,-1,4702,4703,4704,-1,4704,4703,4705,-1,4706,4704,4707,-1,4707,4704,4705,-1,4706,4707,4708,-1,4706,4708,4709,-1,4709,4708,4710,-1,4709,4710,4711,-1,4711,4710,4712,-1,4711,4712,4713,-1,4713,4712,4714,-1,4713,4714,4715,-1,4715,4714,4716,-1,4715,4716,4717,-1,4718,4717,4719,-1,4719,4717,4716,-1,4718,4719,4720,-1,4720,4719,4721,-1,4720,4721,4722,-1,4722,4721,4723,-1,4722,4723,4724,-1,4724,4723,4725,-1,4726,4724,4727,-1,4727,4724,4725,-1,4726,4727,4728,-1,4728,4727,4729,-1,4728,4729,4730,-1,4730,4729,4731,-1,4730,4731,4732,-1,4732,4731,4733,-1,4732,4733,4734,-1,4734,4733,4735,-1,4734,4735,4736,-1,4736,4735,4737,-1,4736,4737,4738,-1,4738,4737,4739,-1,4738,4739,4740,-1,4740,4739,4741,-1,4742,4740,4743,-1,4743,4740,4741,-1,4742,4743,4744,-1,4742,4744,4745,-1,4745,4744,4746,-1,4745,4746,4747,-1,4747,4746,4748,-1,4747,4748,4749,-1,4749,4748,4750,-1,4749,4750,4751,-1,4751,4750,4752,-1,4751,4752,4753,-1,4753,4752,4754,-1,4753,4754,4755,-1,4755,4754,4756,-1,4755,4756,4757,-1,4758,4757,4759,-1,4759,4757,4756,-1,4760,4758,4761,-1,4761,4758,4759,-1,4762,4760,4763,-1,4763,4760,4761,-1,4762,4763,4764,-1,4764,4763,4765,-1,4764,4765,4766,-1,4766,4765,4767,-1,4766,4767,4768,-1,4768,4767,4769,-1,4768,4769,4770,-1,4770,4769,4771,-1,4770,4771,4772,-1,4772,4771,4773,-1,4772,4773,4774,-1,4774,4773,4775,-1,4774,4775,4776,-1,4776,4775,4777,-1,4778,4776,4779,-1,4779,4776,4777,-1,4778,4779,4780,-1,4778,4780,4781,-1,4781,4780,4782,-1,4781,4782,4783,-1,4783,4782,4784,-1,4783,4784,4785,-1,4785,4784,4786,-1,4785,4786,4787,-1,4787,4786,4788,-1,4787,4788,4789,-1,4789,4788,4790,-1,4789,4790,4791,-1,4791,4790,4792,-1,4791,4792,4793,-1,4794,4793,4795,-1,4795,4793,4792,-1,4794,4795,4796,-1,4794,4796,4797,-1,4797,4796,4798,-1,4797,4798,4799,-1,4799,4798,4800,-1,4799,4800,4801,-1,4802,4801,4803,-1,4803,4801,4800,-1,4802,4803,4804,-1,4804,4803,4805,-1,4804,4805,4806,-1,4806,4805,4807,-1,4806,4807,4808,-1,4808,4807,4809,-1,4808,4809,4810,-1,4810,4809,4811,-1,4810,4811,4812,-1,4812,4811,4813,-1,4814,4812,4815,-1,4815,4812,4813,-1,4814,4815,4816,-1,4814,4816,4817,-1,4817,4816,4818,-1,4817,4818,4819,-1,4819,4818,4695,-1,4819,4695,4693,-1,4758,4760,4757,-1,4757,4760,4762,-1,4757,4762,4755,-1,4755,4762,4764,-1,4755,4764,4753,-1,4753,4764,4766,-1,4753,4766,4751,-1,4751,4766,4768,-1,4751,4768,4749,-1,4749,4768,4770,-1,4749,4770,4747,-1,4747,4770,4772,-1,4747,4772,4745,-1,4745,4772,4774,-1,4745,4774,4742,-1,4742,4774,4776,-1,4742,4776,4740,-1,4740,4776,4778,-1,4740,4778,4738,-1,4738,4778,4781,-1,4738,4781,4736,-1,4736,4781,4783,-1,4736,4783,4734,-1,4734,4783,4785,-1,4734,4785,4732,-1,4732,4785,4787,-1,4732,4787,4730,-1,4730,4787,4789,-1,4730,4789,4728,-1,4728,4789,4791,-1,4728,4791,4726,-1,4726,4791,4793,-1,4726,4793,4724,-1,4724,4793,4794,-1,4724,4794,4722,-1,4722,4794,4797,-1,4722,4797,4720,-1,4720,4797,4799,-1,4720,4799,4718,-1,4718,4799,4801,-1,4718,4801,4717,-1,4717,4801,4802,-1,4717,4802,4715,-1,4715,4802,4804,-1,4715,4804,4713,-1,4713,4804,4806,-1,4713,4806,4711,-1,4711,4806,4808,-1,4711,4808,4709,-1,4709,4808,4810,-1,4709,4810,4706,-1,4706,4810,4812,-1,4706,4812,4704,-1,4704,4812,4814,-1,4704,4814,4702,-1,4702,4814,4817,-1,4702,4817,4700,-1,4700,4817,4819,-1,4700,4819,4698,-1,4698,4819,4693,-1,4698,4693,4696,-1,4696,4693,4692,-1,4697,4694,4699,-1,4699,4694,4695,-1,4699,4695,4701,-1,4701,4695,4818,-1,4701,4818,4703,-1,4703,4818,4816,-1,4703,4816,4705,-1,4705,4816,4815,-1,4705,4815,4707,-1,4707,4815,4813,-1,4707,4813,4708,-1,4708,4813,4811,-1,4708,4811,4710,-1,4710,4811,4809,-1,4710,4809,4712,-1,4712,4809,4807,-1,4712,4807,4714,-1,4714,4807,4805,-1,4714,4805,4716,-1,4716,4805,4803,-1,4716,4803,4719,-1,4719,4803,4800,-1,4719,4800,4721,-1,4721,4800,4798,-1,4721,4798,4723,-1,4723,4798,4796,-1,4723,4796,4725,-1,4725,4796,4795,-1,4725,4795,4727,-1,4727,4795,4792,-1,4727,4792,4729,-1,4729,4792,4790,-1,4729,4790,4731,-1,4731,4790,4788,-1,4731,4788,4733,-1,4733,4788,4786,-1,4733,4786,4735,-1,4735,4786,4784,-1,4735,4784,4737,-1,4737,4784,4782,-1,4737,4782,4739,-1,4739,4782,4780,-1,4739,4780,4741,-1,4741,4780,4779,-1,4741,4779,4743,-1,4743,4779,4777,-1,4743,4777,4744,-1,4744,4777,4775,-1,4744,4775,4746,-1,4746,4775,4773,-1,4746,4773,4748,-1,4748,4773,4771,-1,4748,4771,4750,-1,4750,4771,4769,-1,4750,4769,4752,-1,4752,4769,4767,-1,4752,4767,4754,-1,4754,4767,4765,-1,4754,4765,4756,-1,4756,4765,4763,-1,4756,4763,4759,-1,4759,4763,4761,-1,4820,4821,4822,-1,4822,4821,4823,-1,4824,4820,4825,-1,4825,4820,4822,-1,4826,4824,4827,-1,4827,4824,4825,-1,4826,4827,4828,-1,4828,4827,4829,-1,4828,4829,4830,-1,4830,4829,4831,-1,4830,4831,4832,-1,4832,4831,4833,-1,4834,4832,4835,-1,4835,4832,4833,-1,4834,4835,4836,-1,4834,4836,4837,-1,4837,4836,4838,-1,4837,4838,4839,-1,4839,4838,4840,-1,4839,4840,4841,-1,4841,4840,4842,-1,4841,4842,4843,-1,4843,4842,4844,-1,4843,4844,4845,-1,4846,4845,4847,-1,4847,4845,4844,-1,4846,4847,4848,-1,4848,4847,4849,-1,4848,4849,4850,-1,4850,4849,4851,-1,4850,4851,4852,-1,4852,4851,4853,-1,4854,4852,4855,-1,4855,4852,4853,-1,4854,4855,4856,-1,4856,4855,4857,-1,4856,4857,4858,-1,4858,4857,4859,-1,4858,4859,4860,-1,4860,4859,4861,-1,4860,4861,4862,-1,4862,4861,4863,-1,4862,4863,4864,-1,4864,4863,4865,-1,4864,4865,4866,-1,4866,4865,4867,-1,4866,4867,4868,-1,4868,4867,4869,-1,4870,4868,4871,-1,4871,4868,4869,-1,4870,4871,4872,-1,4870,4872,4873,-1,4873,4872,4874,-1,4873,4874,4875,-1,4875,4874,4876,-1,4875,4876,4877,-1,4877,4876,4878,-1,4877,4878,4879,-1,4879,4878,4880,-1,4879,4880,4881,-1,4881,4880,4882,-1,4881,4882,4883,-1,4883,4882,4884,-1,4883,4884,4885,-1,4886,4885,4887,-1,4887,4885,4884,-1,4888,4886,4889,-1,4889,4886,4887,-1,4890,4888,4891,-1,4891,4888,4889,-1,4890,4891,4892,-1,4892,4891,4893,-1,4892,4893,4894,-1,4894,4893,4895,-1,4894,4895,4896,-1,4896,4895,4897,-1,4896,4897,4898,-1,4898,4897,4899,-1,4898,4899,4900,-1,4900,4899,4901,-1,4900,4901,4902,-1,4902,4901,4903,-1,4902,4903,4904,-1,4904,4903,4905,-1,4906,4904,4907,-1,4907,4904,4905,-1,4906,4907,4908,-1,4906,4908,4909,-1,4909,4908,4910,-1,4909,4910,4911,-1,4911,4910,4912,-1,4911,4912,4913,-1,4913,4912,4914,-1,4913,4914,4915,-1,4915,4914,4916,-1,4915,4916,4917,-1,4917,4916,4918,-1,4917,4918,4919,-1,4919,4918,4920,-1,4919,4920,4921,-1,4922,4921,4923,-1,4923,4921,4920,-1,4922,4923,4924,-1,4922,4924,4925,-1,4925,4924,4926,-1,4925,4926,4927,-1,4927,4926,4928,-1,4927,4928,4929,-1,4930,4929,4931,-1,4931,4929,4928,-1,4930,4931,4932,-1,4932,4931,4933,-1,4932,4933,4934,-1,4934,4933,4935,-1,4934,4935,4936,-1,4936,4935,4937,-1,4936,4937,4938,-1,4938,4937,4939,-1,4938,4939,4940,-1,4940,4939,4941,-1,4942,4940,4943,-1,4943,4940,4941,-1,4942,4943,4944,-1,4942,4944,4945,-1,4945,4944,4946,-1,4945,4946,4947,-1,4947,4946,4823,-1,4947,4823,4821,-1,4886,4888,4885,-1,4885,4888,4890,-1,4885,4890,4883,-1,4883,4890,4892,-1,4883,4892,4881,-1,4881,4892,4894,-1,4881,4894,4879,-1,4879,4894,4896,-1,4879,4896,4877,-1,4877,4896,4898,-1,4877,4898,4875,-1,4875,4898,4900,-1,4875,4900,4873,-1,4873,4900,4902,-1,4873,4902,4870,-1,4870,4902,4904,-1,4870,4904,4868,-1,4868,4904,4906,-1,4868,4906,4866,-1,4866,4906,4909,-1,4866,4909,4864,-1,4864,4909,4911,-1,4864,4911,4862,-1,4862,4911,4913,-1,4862,4913,4860,-1,4860,4913,4915,-1,4860,4915,4858,-1,4858,4915,4917,-1,4858,4917,4856,-1,4856,4917,4919,-1,4856,4919,4854,-1,4854,4919,4921,-1,4854,4921,4852,-1,4852,4921,4922,-1,4852,4922,4850,-1,4850,4922,4925,-1,4850,4925,4848,-1,4848,4925,4927,-1,4848,4927,4846,-1,4846,4927,4929,-1,4846,4929,4845,-1,4845,4929,4930,-1,4845,4930,4843,-1,4843,4930,4932,-1,4843,4932,4841,-1,4841,4932,4934,-1,4841,4934,4839,-1,4839,4934,4936,-1,4839,4936,4837,-1,4837,4936,4938,-1,4837,4938,4834,-1,4834,4938,4940,-1,4834,4940,4832,-1,4832,4940,4942,-1,4832,4942,4830,-1,4830,4942,4945,-1,4830,4945,4828,-1,4828,4945,4947,-1,4828,4947,4826,-1,4826,4947,4821,-1,4826,4821,4824,-1,4824,4821,4820,-1,4825,4822,4827,-1,4827,4822,4823,-1,4827,4823,4829,-1,4829,4823,4946,-1,4829,4946,4831,-1,4831,4946,4944,-1,4831,4944,4833,-1,4833,4944,4943,-1,4833,4943,4835,-1,4835,4943,4941,-1,4835,4941,4836,-1,4836,4941,4939,-1,4836,4939,4838,-1,4838,4939,4937,-1,4838,4937,4840,-1,4840,4937,4935,-1,4840,4935,4842,-1,4842,4935,4933,-1,4842,4933,4844,-1,4844,4933,4931,-1,4844,4931,4847,-1,4847,4931,4928,-1,4847,4928,4849,-1,4849,4928,4926,-1,4849,4926,4851,-1,4851,4926,4924,-1,4851,4924,4853,-1,4853,4924,4923,-1,4853,4923,4855,-1,4855,4923,4920,-1,4855,4920,4857,-1,4857,4920,4918,-1,4857,4918,4859,-1,4859,4918,4916,-1,4859,4916,4861,-1,4861,4916,4914,-1,4861,4914,4863,-1,4863,4914,4912,-1,4863,4912,4865,-1,4865,4912,4910,-1,4865,4910,4867,-1,4867,4910,4908,-1,4867,4908,4869,-1,4869,4908,4907,-1,4869,4907,4871,-1,4871,4907,4905,-1,4871,4905,4872,-1,4872,4905,4903,-1,4872,4903,4874,-1,4874,4903,4901,-1,4874,4901,4876,-1,4876,4901,4899,-1,4876,4899,4878,-1,4878,4899,4897,-1,4878,4897,4880,-1,4880,4897,4895,-1,4880,4895,4882,-1,4882,4895,4893,-1,4882,4893,4884,-1,4884,4893,4891,-1,4884,4891,4887,-1,4887,4891,4889,-1,4948,4949,4950,-1,4950,4949,4951,-1,4952,4948,4953,-1,4953,4948,4950,-1,4954,4952,4955,-1,4955,4952,4953,-1,4954,4955,4956,-1,4956,4955,4957,-1,4956,4957,4958,-1,4958,4957,4959,-1,4958,4959,4960,-1,4960,4959,4961,-1,4962,4960,4963,-1,4963,4960,4961,-1,4962,4963,4964,-1,4962,4964,4965,-1,4965,4964,4966,-1,4965,4966,4967,-1,4967,4966,4968,-1,4967,4968,4969,-1,4969,4968,4970,-1,4969,4970,4971,-1,4971,4970,4972,-1,4971,4972,4973,-1,4974,4973,4975,-1,4975,4973,4972,-1,4974,4975,4976,-1,4976,4975,4977,-1,4976,4977,4978,-1,4978,4977,4979,-1,4978,4979,4980,-1,4980,4979,4981,-1,4982,4980,4983,-1,4983,4980,4981,-1,4982,4983,4984,-1,4984,4983,4985,-1,4984,4985,4986,-1,4986,4985,4987,-1,4986,4987,4988,-1,4988,4987,4989,-1,4988,4989,4990,-1,4990,4989,4991,-1,4990,4991,4992,-1,4992,4991,4993,-1,4992,4993,4994,-1,4994,4993,4995,-1,4994,4995,4996,-1,4996,4995,4997,-1,4998,4996,4999,-1,4999,4996,4997,-1,4998,4999,5000,-1,4998,5000,5001,-1,5001,5000,5002,-1,5001,5002,5003,-1,5003,5002,5004,-1,5003,5004,5005,-1,5005,5004,5006,-1,5005,5006,5007,-1,5007,5006,5008,-1,5007,5008,5009,-1,5009,5008,5010,-1,5009,5010,5011,-1,5011,5010,5012,-1,5011,5012,5013,-1,5014,5013,5015,-1,5015,5013,5012,-1,5016,5014,5017,-1,5017,5014,5015,-1,5018,5016,5019,-1,5019,5016,5017,-1,5018,5019,5020,-1,5020,5019,5021,-1,5020,5021,5022,-1,5022,5021,5023,-1,5022,5023,5024,-1,5024,5023,5025,-1,5024,5025,5026,-1,5026,5025,5027,-1,5026,5027,5028,-1,5028,5027,5029,-1,5028,5029,5030,-1,5030,5029,5031,-1,5030,5031,5032,-1,5032,5031,5033,-1,5034,5032,5035,-1,5035,5032,5033,-1,5034,5035,5036,-1,5034,5036,5037,-1,5037,5036,5038,-1,5037,5038,5039,-1,5039,5038,5040,-1,5039,5040,5041,-1,5041,5040,5042,-1,5041,5042,5043,-1,5043,5042,5044,-1,5043,5044,5045,-1,5045,5044,5046,-1,5045,5046,5047,-1,5047,5046,5048,-1,5047,5048,5049,-1,5050,5049,5051,-1,5051,5049,5048,-1,5050,5051,5052,-1,5050,5052,5053,-1,5053,5052,5054,-1,5053,5054,5055,-1,5055,5054,5056,-1,5055,5056,5057,-1,5058,5057,5059,-1,5059,5057,5056,-1,5058,5059,5060,-1,5060,5059,5061,-1,5060,5061,5062,-1,5062,5061,5063,-1,5062,5063,5064,-1,5064,5063,5065,-1,5064,5065,5066,-1,5066,5065,5067,-1,5066,5067,5068,-1,5068,5067,5069,-1,5070,5068,5071,-1,5071,5068,5069,-1,5070,5071,5072,-1,5070,5072,5073,-1,5073,5072,5074,-1,5073,5074,5075,-1,5075,5074,4951,-1,5075,4951,4949,-1,5014,5016,5013,-1,5013,5016,5018,-1,5013,5018,5011,-1,5011,5018,5020,-1,5011,5020,5009,-1,5009,5020,5022,-1,5009,5022,5007,-1,5007,5022,5024,-1,5007,5024,5005,-1,5005,5024,5026,-1,5005,5026,5003,-1,5003,5026,5028,-1,5003,5028,5001,-1,5001,5028,5030,-1,5001,5030,4998,-1,4998,5030,5032,-1,4998,5032,4996,-1,4996,5032,5034,-1,4996,5034,4994,-1,4994,5034,5037,-1,4994,5037,4992,-1,4992,5037,5039,-1,4992,5039,4990,-1,4990,5039,5041,-1,4990,5041,4988,-1,4988,5041,5043,-1,4988,5043,4986,-1,4986,5043,5045,-1,4986,5045,4984,-1,4984,5045,5047,-1,4984,5047,4982,-1,4982,5047,5049,-1,4982,5049,4980,-1,4980,5049,5050,-1,4980,5050,4978,-1,4978,5050,5053,-1,4978,5053,4976,-1,4976,5053,5055,-1,4976,5055,4974,-1,4974,5055,5057,-1,4974,5057,4973,-1,4973,5057,5058,-1,4973,5058,4971,-1,4971,5058,5060,-1,4971,5060,4969,-1,4969,5060,5062,-1,4969,5062,4967,-1,4967,5062,5064,-1,4967,5064,4965,-1,4965,5064,5066,-1,4965,5066,4962,-1,4962,5066,5068,-1,4962,5068,4960,-1,4960,5068,5070,-1,4960,5070,4958,-1,4958,5070,5073,-1,4958,5073,4956,-1,4956,5073,5075,-1,4956,5075,4954,-1,4954,5075,4949,-1,4954,4949,4952,-1,4952,4949,4948,-1,4953,4950,4955,-1,4955,4950,4951,-1,4955,4951,4957,-1,4957,4951,5074,-1,4957,5074,4959,-1,4959,5074,5072,-1,4959,5072,4961,-1,4961,5072,5071,-1,4961,5071,4963,-1,4963,5071,5069,-1,4963,5069,4964,-1,4964,5069,5067,-1,4964,5067,4966,-1,4966,5067,5065,-1,4966,5065,4968,-1,4968,5065,5063,-1,4968,5063,4970,-1,4970,5063,5061,-1,4970,5061,4972,-1,4972,5061,5059,-1,4972,5059,4975,-1,4975,5059,5056,-1,4975,5056,4977,-1,4977,5056,5054,-1,4977,5054,4979,-1,4979,5054,5052,-1,4979,5052,4981,-1,4981,5052,5051,-1,4981,5051,4983,-1,4983,5051,5048,-1,4983,5048,4985,-1,4985,5048,5046,-1,4985,5046,4987,-1,4987,5046,5044,-1,4987,5044,4989,-1,4989,5044,5042,-1,4989,5042,4991,-1,4991,5042,5040,-1,4991,5040,4993,-1,4993,5040,5038,-1,4993,5038,4995,-1,4995,5038,5036,-1,4995,5036,4997,-1,4997,5036,5035,-1,4997,5035,4999,-1,4999,5035,5033,-1,4999,5033,5000,-1,5000,5033,5031,-1,5000,5031,5002,-1,5002,5031,5029,-1,5002,5029,5004,-1,5004,5029,5027,-1,5004,5027,5006,-1,5006,5027,5025,-1,5006,5025,5008,-1,5008,5025,5023,-1,5008,5023,5010,-1,5010,5023,5021,-1,5010,5021,5012,-1,5012,5021,5019,-1,5012,5019,5015,-1,5015,5019,5017,-1,5076,5077,5078,-1,5078,5077,5079,-1,5080,5076,5081,-1,5081,5076,5078,-1,5082,5080,5083,-1,5083,5080,5081,-1,5082,5083,5084,-1,5084,5083,5085,-1,5084,5085,5086,-1,5086,5085,5087,-1,5086,5087,5088,-1,5088,5087,5089,-1,5090,5088,5091,-1,5091,5088,5089,-1,5090,5091,5092,-1,5090,5092,5093,-1,5093,5092,5094,-1,5093,5094,5095,-1,5095,5094,5096,-1,5095,5096,5097,-1,5097,5096,5098,-1,5097,5098,5099,-1,5099,5098,5100,-1,5099,5100,5101,-1,5102,5101,5103,-1,5103,5101,5100,-1,5102,5103,5104,-1,5104,5103,5105,-1,5104,5105,5106,-1,5106,5105,5107,-1,5106,5107,5108,-1,5108,5107,5109,-1,5110,5108,5111,-1,5111,5108,5109,-1,5110,5111,5112,-1,5112,5111,5113,-1,5112,5113,5114,-1,5114,5113,5115,-1,5114,5115,5116,-1,5116,5115,5117,-1,5116,5117,5118,-1,5118,5117,5119,-1,5118,5119,5120,-1,5120,5119,5121,-1,5120,5121,5122,-1,5122,5121,5123,-1,5122,5123,5124,-1,5124,5123,5125,-1,5126,5124,5127,-1,5127,5124,5125,-1,5126,5127,5128,-1,5126,5128,5129,-1,5129,5128,5130,-1,5129,5130,5131,-1,5131,5130,5132,-1,5131,5132,5133,-1,5133,5132,5134,-1,5133,5134,5135,-1,5135,5134,5136,-1,5135,5136,5137,-1,5137,5136,5138,-1,5137,5138,5139,-1,5139,5138,5140,-1,5139,5140,5141,-1,5142,5141,5143,-1,5143,5141,5140,-1,5144,5142,5145,-1,5145,5142,5143,-1,5146,5144,5147,-1,5147,5144,5145,-1,5146,5147,5148,-1,5148,5147,5149,-1,5148,5149,5150,-1,5150,5149,5151,-1,5150,5151,5152,-1,5152,5151,5153,-1,5152,5153,5154,-1,5154,5153,5155,-1,5154,5155,5156,-1,5156,5155,5157,-1,5156,5157,5158,-1,5158,5157,5159,-1,5158,5159,5160,-1,5160,5159,5161,-1,5162,5160,5163,-1,5163,5160,5161,-1,5162,5163,5164,-1,5162,5164,5165,-1,5165,5164,5166,-1,5165,5166,5167,-1,5167,5166,5168,-1,5167,5168,5169,-1,5169,5168,5170,-1,5169,5170,5171,-1,5171,5170,5172,-1,5171,5172,5173,-1,5173,5172,5174,-1,5173,5174,5175,-1,5175,5174,5176,-1,5175,5176,5177,-1,5178,5177,5179,-1,5179,5177,5176,-1,5178,5179,5180,-1,5178,5180,5181,-1,5181,5180,5182,-1,5181,5182,5183,-1,5183,5182,5184,-1,5183,5184,5185,-1,5186,5185,5187,-1,5187,5185,5184,-1,5186,5187,5188,-1,5188,5187,5189,-1,5188,5189,5190,-1,5190,5189,5191,-1,5190,5191,5192,-1,5192,5191,5193,-1,5192,5193,5194,-1,5194,5193,5195,-1,5194,5195,5196,-1,5196,5195,5197,-1,5198,5196,5199,-1,5199,5196,5197,-1,5198,5199,5200,-1,5198,5200,5201,-1,5201,5200,5202,-1,5201,5202,5203,-1,5203,5202,5079,-1,5203,5079,5077,-1,5142,5144,5141,-1,5141,5144,5146,-1,5141,5146,5139,-1,5139,5146,5148,-1,5139,5148,5137,-1,5137,5148,5150,-1,5137,5150,5135,-1,5135,5150,5152,-1,5135,5152,5133,-1,5133,5152,5154,-1,5133,5154,5131,-1,5131,5154,5156,-1,5131,5156,5129,-1,5129,5156,5158,-1,5129,5158,5126,-1,5126,5158,5160,-1,5126,5160,5124,-1,5124,5160,5162,-1,5124,5162,5122,-1,5122,5162,5165,-1,5122,5165,5120,-1,5120,5165,5167,-1,5120,5167,5118,-1,5118,5167,5169,-1,5118,5169,5116,-1,5116,5169,5171,-1,5116,5171,5114,-1,5114,5171,5173,-1,5114,5173,5112,-1,5112,5173,5175,-1,5112,5175,5110,-1,5110,5175,5177,-1,5110,5177,5108,-1,5108,5177,5178,-1,5108,5178,5106,-1,5106,5178,5181,-1,5106,5181,5104,-1,5104,5181,5183,-1,5104,5183,5102,-1,5102,5183,5185,-1,5102,5185,5101,-1,5101,5185,5186,-1,5101,5186,5099,-1,5099,5186,5188,-1,5099,5188,5097,-1,5097,5188,5190,-1,5097,5190,5095,-1,5095,5190,5192,-1,5095,5192,5093,-1,5093,5192,5194,-1,5093,5194,5090,-1,5090,5194,5196,-1,5090,5196,5088,-1,5088,5196,5198,-1,5088,5198,5086,-1,5086,5198,5201,-1,5086,5201,5084,-1,5084,5201,5203,-1,5084,5203,5082,-1,5082,5203,5077,-1,5082,5077,5080,-1,5080,5077,5076,-1,5081,5078,5083,-1,5083,5078,5079,-1,5083,5079,5085,-1,5085,5079,5202,-1,5085,5202,5087,-1,5087,5202,5200,-1,5087,5200,5089,-1,5089,5200,5199,-1,5089,5199,5091,-1,5091,5199,5197,-1,5091,5197,5092,-1,5092,5197,5195,-1,5092,5195,5094,-1,5094,5195,5193,-1,5094,5193,5096,-1,5096,5193,5191,-1,5096,5191,5098,-1,5098,5191,5189,-1,5098,5189,5100,-1,5100,5189,5187,-1,5100,5187,5103,-1,5103,5187,5184,-1,5103,5184,5105,-1,5105,5184,5182,-1,5105,5182,5107,-1,5107,5182,5180,-1,5107,5180,5109,-1,5109,5180,5179,-1,5109,5179,5111,-1,5111,5179,5176,-1,5111,5176,5113,-1,5113,5176,5174,-1,5113,5174,5115,-1,5115,5174,5172,-1,5115,5172,5117,-1,5117,5172,5170,-1,5117,5170,5119,-1,5119,5170,5168,-1,5119,5168,5121,-1,5121,5168,5166,-1,5121,5166,5123,-1,5123,5166,5164,-1,5123,5164,5125,-1,5125,5164,5163,-1,5125,5163,5127,-1,5127,5163,5161,-1,5127,5161,5128,-1,5128,5161,5159,-1,5128,5159,5130,-1,5130,5159,5157,-1,5130,5157,5132,-1,5132,5157,5155,-1,5132,5155,5134,-1,5134,5155,5153,-1,5134,5153,5136,-1,5136,5153,5151,-1,5136,5151,5138,-1,5138,5151,5149,-1,5138,5149,5140,-1,5140,5149,5147,-1,5140,5147,5143,-1,5143,5147,5145,-1,5204,5205,5206,-1,5206,5205,5207,-1,5208,5204,5209,-1,5209,5204,5206,-1,5210,5208,5211,-1,5211,5208,5209,-1,5210,5211,5212,-1,5212,5211,5213,-1,5212,5213,5214,-1,5214,5213,5215,-1,5214,5215,5216,-1,5216,5215,5217,-1,5218,5216,5219,-1,5219,5216,5217,-1,5218,5219,5220,-1,5218,5220,5221,-1,5221,5220,5222,-1,5221,5222,5223,-1,5223,5222,5224,-1,5223,5224,5225,-1,5225,5224,5226,-1,5225,5226,5227,-1,5227,5226,5228,-1,5227,5228,5229,-1,5230,5229,5231,-1,5231,5229,5228,-1,5230,5231,5232,-1,5232,5231,5233,-1,5232,5233,5234,-1,5234,5233,5235,-1,5234,5235,5236,-1,5236,5235,5237,-1,5238,5236,5239,-1,5239,5236,5237,-1,5238,5239,5240,-1,5240,5239,5241,-1,5240,5241,5242,-1,5242,5241,5243,-1,5242,5243,5244,-1,5244,5243,5245,-1,5244,5245,5246,-1,5246,5245,5247,-1,5246,5247,5248,-1,5248,5247,5249,-1,5248,5249,5250,-1,5250,5249,5251,-1,5250,5251,5252,-1,5252,5251,5253,-1,5254,5252,5255,-1,5255,5252,5253,-1,5254,5255,5256,-1,5254,5256,5257,-1,5257,5256,5258,-1,5257,5258,5259,-1,5259,5258,5260,-1,5259,5260,5261,-1,5261,5260,5262,-1,5261,5262,5263,-1,5263,5262,5264,-1,5263,5264,5265,-1,5265,5264,5266,-1,5265,5266,5267,-1,5267,5266,5268,-1,5267,5268,5269,-1,5270,5269,5271,-1,5271,5269,5268,-1,5272,5270,5273,-1,5273,5270,5271,-1,5274,5272,5275,-1,5275,5272,5273,-1,5274,5275,5276,-1,5276,5275,5277,-1,5276,5277,5278,-1,5278,5277,5279,-1,5278,5279,5280,-1,5280,5279,5281,-1,5280,5281,5282,-1,5282,5281,5283,-1,5282,5283,5284,-1,5284,5283,5285,-1,5284,5285,5286,-1,5286,5285,5287,-1,5286,5287,5288,-1,5288,5287,5289,-1,5290,5288,5291,-1,5291,5288,5289,-1,5290,5291,5292,-1,5290,5292,5293,-1,5293,5292,5294,-1,5293,5294,5295,-1,5295,5294,5296,-1,5295,5296,5297,-1,5297,5296,5298,-1,5297,5298,5299,-1,5299,5298,5300,-1,5299,5300,5301,-1,5301,5300,5302,-1,5301,5302,5303,-1,5303,5302,5304,-1,5303,5304,5305,-1,5306,5305,5307,-1,5307,5305,5304,-1,5306,5307,5308,-1,5306,5308,5309,-1,5309,5308,5310,-1,5309,5310,5311,-1,5311,5310,5312,-1,5311,5312,5313,-1,5314,5313,5315,-1,5315,5313,5312,-1,5314,5315,5316,-1,5316,5315,5317,-1,5316,5317,5318,-1,5318,5317,5319,-1,5318,5319,5320,-1,5320,5319,5321,-1,5320,5321,5322,-1,5322,5321,5323,-1,5322,5323,5324,-1,5324,5323,5325,-1,5326,5324,5327,-1,5327,5324,5325,-1,5326,5327,5328,-1,5326,5328,5329,-1,5329,5328,5330,-1,5329,5330,5331,-1,5331,5330,5207,-1,5331,5207,5205,-1,5270,5272,5269,-1,5269,5272,5274,-1,5269,5274,5267,-1,5267,5274,5276,-1,5267,5276,5265,-1,5265,5276,5278,-1,5265,5278,5263,-1,5263,5278,5280,-1,5263,5280,5261,-1,5261,5280,5282,-1,5261,5282,5259,-1,5259,5282,5284,-1,5259,5284,5257,-1,5257,5284,5286,-1,5257,5286,5254,-1,5254,5286,5288,-1,5254,5288,5252,-1,5252,5288,5290,-1,5252,5290,5250,-1,5250,5290,5293,-1,5250,5293,5248,-1,5248,5293,5295,-1,5248,5295,5246,-1,5246,5295,5297,-1,5246,5297,5244,-1,5244,5297,5299,-1,5244,5299,5242,-1,5242,5299,5301,-1,5242,5301,5240,-1,5240,5301,5303,-1,5240,5303,5238,-1,5238,5303,5305,-1,5238,5305,5236,-1,5236,5305,5306,-1,5236,5306,5234,-1,5234,5306,5309,-1,5234,5309,5232,-1,5232,5309,5311,-1,5232,5311,5230,-1,5230,5311,5313,-1,5230,5313,5229,-1,5229,5313,5314,-1,5229,5314,5227,-1,5227,5314,5316,-1,5227,5316,5225,-1,5225,5316,5318,-1,5225,5318,5223,-1,5223,5318,5320,-1,5223,5320,5221,-1,5221,5320,5322,-1,5221,5322,5218,-1,5218,5322,5324,-1,5218,5324,5216,-1,5216,5324,5326,-1,5216,5326,5214,-1,5214,5326,5329,-1,5214,5329,5212,-1,5212,5329,5331,-1,5212,5331,5210,-1,5210,5331,5205,-1,5210,5205,5208,-1,5208,5205,5204,-1,5209,5206,5211,-1,5211,5206,5207,-1,5211,5207,5213,-1,5213,5207,5330,-1,5213,5330,5215,-1,5215,5330,5328,-1,5215,5328,5217,-1,5217,5328,5327,-1,5217,5327,5219,-1,5219,5327,5325,-1,5219,5325,5220,-1,5220,5325,5323,-1,5220,5323,5222,-1,5222,5323,5321,-1,5222,5321,5224,-1,5224,5321,5319,-1,5224,5319,5226,-1,5226,5319,5317,-1,5226,5317,5228,-1,5228,5317,5315,-1,5228,5315,5231,-1,5231,5315,5312,-1,5231,5312,5233,-1,5233,5312,5310,-1,5233,5310,5235,-1,5235,5310,5308,-1,5235,5308,5237,-1,5237,5308,5307,-1,5237,5307,5239,-1,5239,5307,5304,-1,5239,5304,5241,-1,5241,5304,5302,-1,5241,5302,5243,-1,5243,5302,5300,-1,5243,5300,5245,-1,5245,5300,5298,-1,5245,5298,5247,-1,5247,5298,5296,-1,5247,5296,5249,-1,5249,5296,5294,-1,5249,5294,5251,-1,5251,5294,5292,-1,5251,5292,5253,-1,5253,5292,5291,-1,5253,5291,5255,-1,5255,5291,5289,-1,5255,5289,5256,-1,5256,5289,5287,-1,5256,5287,5258,-1,5258,5287,5285,-1,5258,5285,5260,-1,5260,5285,5283,-1,5260,5283,5262,-1,5262,5283,5281,-1,5262,5281,5264,-1,5264,5281,5279,-1,5264,5279,5266,-1,5266,5279,5277,-1,5266,5277,5268,-1,5268,5277,5275,-1,5268,5275,5271,-1,5271,5275,5273,-1,5332,5333,5334,-1,5334,5333,5335,-1,5336,5332,5337,-1,5337,5332,5334,-1,5338,5336,5339,-1,5339,5336,5337,-1,5338,5339,5340,-1,5340,5339,5341,-1,5340,5341,5342,-1,5342,5341,5343,-1,5342,5343,5344,-1,5344,5343,5345,-1,5346,5344,5347,-1,5347,5344,5345,-1,5346,5347,5348,-1,5346,5348,5349,-1,5349,5348,5350,-1,5349,5350,5351,-1,5351,5350,5352,-1,5351,5352,5353,-1,5353,5352,5354,-1,5353,5354,5355,-1,5355,5354,5356,-1,5355,5356,5357,-1,5358,5357,5359,-1,5359,5357,5356,-1,5358,5359,5360,-1,5360,5359,5361,-1,5360,5361,5362,-1,5362,5361,5363,-1,5362,5363,5364,-1,5364,5363,5365,-1,5366,5364,5367,-1,5367,5364,5365,-1,5366,5367,5368,-1,5368,5367,5369,-1,5368,5369,5370,-1,5370,5369,5371,-1,5370,5371,5372,-1,5372,5371,5373,-1,5372,5373,5374,-1,5374,5373,5375,-1,5374,5375,5376,-1,5376,5375,5377,-1,5376,5377,5378,-1,5378,5377,5379,-1,5378,5379,5380,-1,5380,5379,5381,-1,5382,5380,5383,-1,5383,5380,5381,-1,5382,5383,5384,-1,5382,5384,5385,-1,5385,5384,5386,-1,5385,5386,5387,-1,5387,5386,5388,-1,5387,5388,5389,-1,5389,5388,5390,-1,5389,5390,5391,-1,5391,5390,5392,-1,5391,5392,5393,-1,5393,5392,5394,-1,5393,5394,5395,-1,5395,5394,5396,-1,5395,5396,5397,-1,5398,5397,5399,-1,5399,5397,5396,-1,5400,5398,5401,-1,5401,5398,5399,-1,5402,5400,5403,-1,5403,5400,5401,-1,5402,5403,5404,-1,5404,5403,5405,-1,5404,5405,5406,-1,5406,5405,5407,-1,5406,5407,5408,-1,5408,5407,5409,-1,5408,5409,5410,-1,5410,5409,5411,-1,5410,5411,5412,-1,5412,5411,5413,-1,5412,5413,5414,-1,5414,5413,5415,-1,5414,5415,5416,-1,5416,5415,5417,-1,5418,5416,5419,-1,5419,5416,5417,-1,5418,5419,5420,-1,5418,5420,5421,-1,5421,5420,5422,-1,5421,5422,5423,-1,5423,5422,5424,-1,5423,5424,5425,-1,5425,5424,5426,-1,5425,5426,5427,-1,5427,5426,5428,-1,5427,5428,5429,-1,5429,5428,5430,-1,5429,5430,5431,-1,5431,5430,5432,-1,5431,5432,5433,-1,5434,5433,5435,-1,5435,5433,5432,-1,5434,5435,5436,-1,5434,5436,5437,-1,5437,5436,5438,-1,5437,5438,5439,-1,5439,5438,5440,-1,5439,5440,5441,-1,5442,5441,5443,-1,5443,5441,5440,-1,5442,5443,5444,-1,5444,5443,5445,-1,5444,5445,5446,-1,5446,5445,5447,-1,5446,5447,5448,-1,5448,5447,5449,-1,5448,5449,5450,-1,5450,5449,5451,-1,5450,5451,5452,-1,5452,5451,5453,-1,5454,5452,5455,-1,5455,5452,5453,-1,5454,5455,5456,-1,5454,5456,5457,-1,5457,5456,5458,-1,5457,5458,5459,-1,5459,5458,5335,-1,5459,5335,5333,-1,5398,5400,5397,-1,5397,5400,5402,-1,5397,5402,5395,-1,5395,5402,5404,-1,5395,5404,5393,-1,5393,5404,5406,-1,5393,5406,5391,-1,5391,5406,5408,-1,5391,5408,5389,-1,5389,5408,5410,-1,5389,5410,5387,-1,5387,5410,5412,-1,5387,5412,5385,-1,5385,5412,5414,-1,5385,5414,5382,-1,5382,5414,5416,-1,5382,5416,5380,-1,5380,5416,5418,-1,5380,5418,5378,-1,5378,5418,5421,-1,5378,5421,5376,-1,5376,5421,5423,-1,5376,5423,5374,-1,5374,5423,5425,-1,5374,5425,5372,-1,5372,5425,5427,-1,5372,5427,5370,-1,5370,5427,5429,-1,5370,5429,5368,-1,5368,5429,5431,-1,5368,5431,5366,-1,5366,5431,5433,-1,5366,5433,5364,-1,5364,5433,5434,-1,5364,5434,5362,-1,5362,5434,5437,-1,5362,5437,5360,-1,5360,5437,5439,-1,5360,5439,5358,-1,5358,5439,5441,-1,5358,5441,5357,-1,5357,5441,5442,-1,5357,5442,5355,-1,5355,5442,5444,-1,5355,5444,5353,-1,5353,5444,5446,-1,5353,5446,5351,-1,5351,5446,5448,-1,5351,5448,5349,-1,5349,5448,5450,-1,5349,5450,5346,-1,5346,5450,5452,-1,5346,5452,5344,-1,5344,5452,5454,-1,5344,5454,5342,-1,5342,5454,5457,-1,5342,5457,5340,-1,5340,5457,5459,-1,5340,5459,5338,-1,5338,5459,5333,-1,5338,5333,5336,-1,5336,5333,5332,-1,5337,5334,5339,-1,5339,5334,5335,-1,5339,5335,5341,-1,5341,5335,5458,-1,5341,5458,5343,-1,5343,5458,5456,-1,5343,5456,5345,-1,5345,5456,5455,-1,5345,5455,5347,-1,5347,5455,5453,-1,5347,5453,5348,-1,5348,5453,5451,-1,5348,5451,5350,-1,5350,5451,5449,-1,5350,5449,5352,-1,5352,5449,5447,-1,5352,5447,5354,-1,5354,5447,5445,-1,5354,5445,5356,-1,5356,5445,5443,-1,5356,5443,5359,-1,5359,5443,5440,-1,5359,5440,5361,-1,5361,5440,5438,-1,5361,5438,5363,-1,5363,5438,5436,-1,5363,5436,5365,-1,5365,5436,5435,-1,5365,5435,5367,-1,5367,5435,5432,-1,5367,5432,5369,-1,5369,5432,5430,-1,5369,5430,5371,-1,5371,5430,5428,-1,5371,5428,5373,-1,5373,5428,5426,-1,5373,5426,5375,-1,5375,5426,5424,-1,5375,5424,5377,-1,5377,5424,5422,-1,5377,5422,5379,-1,5379,5422,5420,-1,5379,5420,5381,-1,5381,5420,5419,-1,5381,5419,5383,-1,5383,5419,5417,-1,5383,5417,5384,-1,5384,5417,5415,-1,5384,5415,5386,-1,5386,5415,5413,-1,5386,5413,5388,-1,5388,5413,5411,-1,5388,5411,5390,-1,5390,5411,5409,-1,5390,5409,5392,-1,5392,5409,5407,-1,5392,5407,5394,-1,5394,5407,5405,-1,5394,5405,5396,-1,5396,5405,5403,-1,5396,5403,5399,-1,5399,5403,5401,-1,5460,5461,5462,-1,5462,5461,5463,-1,5464,5460,5465,-1,5465,5460,5462,-1,5466,5464,5467,-1,5467,5464,5465,-1,5466,5467,5468,-1,5468,5467,5469,-1,5468,5469,5470,-1,5470,5469,5471,-1,5470,5471,5472,-1,5472,5471,5473,-1,5474,5472,5475,-1,5475,5472,5473,-1,5474,5475,5476,-1,5474,5476,5477,-1,5477,5476,5478,-1,5477,5478,5479,-1,5479,5478,5480,-1,5479,5480,5481,-1,5481,5480,5482,-1,5481,5482,5483,-1,5483,5482,5484,-1,5483,5484,5485,-1,5486,5485,5487,-1,5487,5485,5484,-1,5486,5487,5488,-1,5488,5487,5489,-1,5488,5489,5490,-1,5490,5489,5491,-1,5490,5491,5492,-1,5492,5491,5493,-1,5494,5492,5495,-1,5495,5492,5493,-1,5494,5495,5496,-1,5496,5495,5497,-1,5496,5497,5498,-1,5498,5497,5499,-1,5498,5499,5500,-1,5500,5499,5501,-1,5500,5501,5502,-1,5502,5501,5503,-1,5502,5503,5504,-1,5504,5503,5505,-1,5504,5505,5506,-1,5506,5505,5507,-1,5506,5507,5508,-1,5508,5507,5509,-1,5510,5508,5511,-1,5511,5508,5509,-1,5510,5511,5512,-1,5510,5512,5513,-1,5513,5512,5514,-1,5513,5514,5515,-1,5515,5514,5516,-1,5515,5516,5517,-1,5517,5516,5518,-1,5517,5518,5519,-1,5519,5518,5520,-1,5519,5520,5521,-1,5521,5520,5522,-1,5521,5522,5523,-1,5523,5522,5524,-1,5523,5524,5525,-1,5526,5525,5527,-1,5527,5525,5524,-1,5528,5526,5529,-1,5529,5526,5527,-1,5530,5528,5531,-1,5531,5528,5529,-1,5530,5531,5532,-1,5532,5531,5533,-1,5532,5533,5534,-1,5534,5533,5535,-1,5534,5535,5536,-1,5536,5535,5537,-1,5536,5537,5538,-1,5538,5537,5539,-1,5538,5539,5540,-1,5540,5539,5541,-1,5540,5541,5542,-1,5542,5541,5543,-1,5542,5543,5544,-1,5544,5543,5545,-1,5546,5544,5547,-1,5547,5544,5545,-1,5546,5547,5548,-1,5546,5548,5549,-1,5549,5548,5550,-1,5549,5550,5551,-1,5551,5550,5552,-1,5551,5552,5553,-1,5553,5552,5554,-1,5553,5554,5555,-1,5555,5554,5556,-1,5555,5556,5557,-1,5557,5556,5558,-1,5557,5558,5559,-1,5559,5558,5560,-1,5559,5560,5561,-1,5562,5561,5563,-1,5563,5561,5560,-1,5562,5563,5564,-1,5562,5564,5565,-1,5565,5564,5566,-1,5565,5566,5567,-1,5567,5566,5568,-1,5567,5568,5569,-1,5570,5569,5571,-1,5571,5569,5568,-1,5570,5571,5572,-1,5572,5571,5573,-1,5572,5573,5574,-1,5574,5573,5575,-1,5574,5575,5576,-1,5576,5575,5577,-1,5576,5577,5578,-1,5578,5577,5579,-1,5578,5579,5580,-1,5580,5579,5581,-1,5582,5580,5583,-1,5583,5580,5581,-1,5582,5583,5584,-1,5582,5584,5585,-1,5585,5584,5586,-1,5585,5586,5587,-1,5587,5586,5463,-1,5587,5463,5461,-1,5526,5528,5525,-1,5525,5528,5530,-1,5525,5530,5523,-1,5523,5530,5532,-1,5523,5532,5521,-1,5521,5532,5534,-1,5521,5534,5519,-1,5519,5534,5536,-1,5519,5536,5517,-1,5517,5536,5538,-1,5517,5538,5515,-1,5515,5538,5540,-1,5515,5540,5513,-1,5513,5540,5542,-1,5513,5542,5510,-1,5510,5542,5544,-1,5510,5544,5508,-1,5508,5544,5546,-1,5508,5546,5506,-1,5506,5546,5549,-1,5506,5549,5504,-1,5504,5549,5551,-1,5504,5551,5502,-1,5502,5551,5553,-1,5502,5553,5500,-1,5500,5553,5555,-1,5500,5555,5498,-1,5498,5555,5557,-1,5498,5557,5496,-1,5496,5557,5559,-1,5496,5559,5494,-1,5494,5559,5561,-1,5494,5561,5492,-1,5492,5561,5562,-1,5492,5562,5490,-1,5490,5562,5565,-1,5490,5565,5488,-1,5488,5565,5567,-1,5488,5567,5486,-1,5486,5567,5569,-1,5486,5569,5485,-1,5485,5569,5570,-1,5485,5570,5483,-1,5483,5570,5572,-1,5483,5572,5481,-1,5481,5572,5574,-1,5481,5574,5479,-1,5479,5574,5576,-1,5479,5576,5477,-1,5477,5576,5578,-1,5477,5578,5474,-1,5474,5578,5580,-1,5474,5580,5472,-1,5472,5580,5582,-1,5472,5582,5470,-1,5470,5582,5585,-1,5470,5585,5468,-1,5468,5585,5587,-1,5468,5587,5466,-1,5466,5587,5461,-1,5466,5461,5464,-1,5464,5461,5460,-1,5465,5462,5467,-1,5467,5462,5463,-1,5467,5463,5469,-1,5469,5463,5586,-1,5469,5586,5471,-1,5471,5586,5584,-1,5471,5584,5473,-1,5473,5584,5583,-1,5473,5583,5475,-1,5475,5583,5581,-1,5475,5581,5476,-1,5476,5581,5579,-1,5476,5579,5478,-1,5478,5579,5577,-1,5478,5577,5480,-1,5480,5577,5575,-1,5480,5575,5482,-1,5482,5575,5573,-1,5482,5573,5484,-1,5484,5573,5571,-1,5484,5571,5487,-1,5487,5571,5568,-1,5487,5568,5489,-1,5489,5568,5566,-1,5489,5566,5491,-1,5491,5566,5564,-1,5491,5564,5493,-1,5493,5564,5563,-1,5493,5563,5495,-1,5495,5563,5560,-1,5495,5560,5497,-1,5497,5560,5558,-1,5497,5558,5499,-1,5499,5558,5556,-1,5499,5556,5501,-1,5501,5556,5554,-1,5501,5554,5503,-1,5503,5554,5552,-1,5503,5552,5505,-1,5505,5552,5550,-1,5505,5550,5507,-1,5507,5550,5548,-1,5507,5548,5509,-1,5509,5548,5547,-1,5509,5547,5511,-1,5511,5547,5545,-1,5511,5545,5512,-1,5512,5545,5543,-1,5512,5543,5514,-1,5514,5543,5541,-1,5514,5541,5516,-1,5516,5541,5539,-1,5516,5539,5518,-1,5518,5539,5537,-1,5518,5537,5520,-1,5520,5537,5535,-1,5520,5535,5522,-1,5522,5535,5533,-1,5522,5533,5524,-1,5524,5533,5531,-1,5524,5531,5527,-1,5527,5531,5529,-1,5588,5589,5590,-1,5590,5589,5591,-1,5592,5588,5593,-1,5593,5588,5590,-1,5594,5592,5595,-1,5595,5592,5593,-1,5594,5595,5596,-1,5596,5595,5597,-1,5596,5597,5598,-1,5598,5597,5599,-1,5598,5599,5600,-1,5600,5599,5601,-1,5602,5600,5603,-1,5603,5600,5601,-1,5602,5603,5604,-1,5602,5604,5605,-1,5605,5604,5606,-1,5605,5606,5607,-1,5607,5606,5608,-1,5607,5608,5609,-1,5609,5608,5610,-1,5609,5610,5611,-1,5611,5610,5612,-1,5611,5612,5613,-1,5614,5613,5615,-1,5615,5613,5612,-1,5614,5615,5616,-1,5616,5615,5617,-1,5616,5617,5618,-1,5618,5617,5619,-1,5618,5619,5620,-1,5620,5619,5621,-1,5622,5620,5623,-1,5623,5620,5621,-1,5622,5623,5624,-1,5624,5623,5625,-1,5624,5625,5626,-1,5626,5625,5627,-1,5626,5627,5628,-1,5628,5627,5629,-1,5628,5629,5630,-1,5630,5629,5631,-1,5630,5631,5632,-1,5632,5631,5633,-1,5632,5633,5634,-1,5634,5633,5635,-1,5634,5635,5636,-1,5636,5635,5637,-1,5638,5636,5639,-1,5639,5636,5637,-1,5638,5639,5640,-1,5638,5640,5641,-1,5641,5640,5642,-1,5641,5642,5643,-1,5643,5642,5644,-1,5643,5644,5645,-1,5645,5644,5646,-1,5645,5646,5647,-1,5647,5646,5648,-1,5647,5648,5649,-1,5649,5648,5650,-1,5649,5650,5651,-1,5651,5650,5652,-1,5651,5652,5653,-1,5654,5653,5655,-1,5655,5653,5652,-1,5656,5654,5657,-1,5657,5654,5655,-1,5658,5656,5659,-1,5659,5656,5657,-1,5658,5659,5660,-1,5660,5659,5661,-1,5660,5661,5662,-1,5662,5661,5663,-1,5662,5663,5664,-1,5664,5663,5665,-1,5664,5665,5666,-1,5666,5665,5667,-1,5666,5667,5668,-1,5668,5667,5669,-1,5668,5669,5670,-1,5670,5669,5671,-1,5670,5671,5672,-1,5672,5671,5673,-1,5674,5672,5675,-1,5675,5672,5673,-1,5674,5675,5676,-1,5674,5676,5677,-1,5677,5676,5678,-1,5677,5678,5679,-1,5679,5678,5680,-1,5679,5680,5681,-1,5681,5680,5682,-1,5681,5682,5683,-1,5683,5682,5684,-1,5683,5684,5685,-1,5685,5684,5686,-1,5685,5686,5687,-1,5687,5686,5688,-1,5687,5688,5689,-1,5690,5689,5691,-1,5691,5689,5688,-1,5690,5691,5692,-1,5690,5692,5693,-1,5693,5692,5694,-1,5693,5694,5695,-1,5695,5694,5696,-1,5695,5696,5697,-1,5698,5697,5699,-1,5699,5697,5696,-1,5698,5699,5700,-1,5700,5699,5701,-1,5700,5701,5702,-1,5702,5701,5703,-1,5702,5703,5704,-1,5704,5703,5705,-1,5704,5705,5706,-1,5706,5705,5707,-1,5706,5707,5708,-1,5708,5707,5709,-1,5710,5708,5711,-1,5711,5708,5709,-1,5710,5711,5712,-1,5710,5712,5713,-1,5713,5712,5714,-1,5713,5714,5715,-1,5715,5714,5591,-1,5715,5591,5589,-1,5654,5656,5653,-1,5653,5656,5658,-1,5653,5658,5651,-1,5651,5658,5660,-1,5651,5660,5649,-1,5649,5660,5662,-1,5649,5662,5647,-1,5647,5662,5664,-1,5647,5664,5645,-1,5645,5664,5666,-1,5645,5666,5643,-1,5643,5666,5668,-1,5643,5668,5641,-1,5641,5668,5670,-1,5641,5670,5638,-1,5638,5670,5672,-1,5638,5672,5636,-1,5636,5672,5674,-1,5636,5674,5634,-1,5634,5674,5677,-1,5634,5677,5632,-1,5632,5677,5679,-1,5632,5679,5630,-1,5630,5679,5681,-1,5630,5681,5628,-1,5628,5681,5683,-1,5628,5683,5626,-1,5626,5683,5685,-1,5626,5685,5624,-1,5624,5685,5687,-1,5624,5687,5622,-1,5622,5687,5689,-1,5622,5689,5620,-1,5620,5689,5690,-1,5620,5690,5618,-1,5618,5690,5693,-1,5618,5693,5616,-1,5616,5693,5695,-1,5616,5695,5614,-1,5614,5695,5697,-1,5614,5697,5613,-1,5613,5697,5698,-1,5613,5698,5611,-1,5611,5698,5700,-1,5611,5700,5609,-1,5609,5700,5702,-1,5609,5702,5607,-1,5607,5702,5704,-1,5607,5704,5605,-1,5605,5704,5706,-1,5605,5706,5602,-1,5602,5706,5708,-1,5602,5708,5600,-1,5600,5708,5710,-1,5600,5710,5598,-1,5598,5710,5713,-1,5598,5713,5596,-1,5596,5713,5715,-1,5596,5715,5594,-1,5594,5715,5589,-1,5594,5589,5592,-1,5592,5589,5588,-1,5593,5590,5595,-1,5595,5590,5591,-1,5595,5591,5597,-1,5597,5591,5714,-1,5597,5714,5599,-1,5599,5714,5712,-1,5599,5712,5601,-1,5601,5712,5711,-1,5601,5711,5603,-1,5603,5711,5709,-1,5603,5709,5604,-1,5604,5709,5707,-1,5604,5707,5606,-1,5606,5707,5705,-1,5606,5705,5608,-1,5608,5705,5703,-1,5608,5703,5610,-1,5610,5703,5701,-1,5610,5701,5612,-1,5612,5701,5699,-1,5612,5699,5615,-1,5615,5699,5696,-1,5615,5696,5617,-1,5617,5696,5694,-1,5617,5694,5619,-1,5619,5694,5692,-1,5619,5692,5621,-1,5621,5692,5691,-1,5621,5691,5623,-1,5623,5691,5688,-1,5623,5688,5625,-1,5625,5688,5686,-1,5625,5686,5627,-1,5627,5686,5684,-1,5627,5684,5629,-1,5629,5684,5682,-1,5629,5682,5631,-1,5631,5682,5680,-1,5631,5680,5633,-1,5633,5680,5678,-1,5633,5678,5635,-1,5635,5678,5676,-1,5635,5676,5637,-1,5637,5676,5675,-1,5637,5675,5639,-1,5639,5675,5673,-1,5639,5673,5640,-1,5640,5673,5671,-1,5640,5671,5642,-1,5642,5671,5669,-1,5642,5669,5644,-1,5644,5669,5667,-1,5644,5667,5646,-1,5646,5667,5665,-1,5646,5665,5648,-1,5648,5665,5663,-1,5648,5663,5650,-1,5650,5663,5661,-1,5650,5661,5652,-1,5652,5661,5659,-1,5652,5659,5655,-1,5655,5659,5657,-1,5716,5717,5718,-1,5718,5717,5719,-1,5720,5716,5721,-1,5721,5716,5718,-1,5722,5720,5723,-1,5723,5720,5721,-1,5722,5723,5724,-1,5724,5723,5725,-1,5724,5725,5726,-1,5726,5725,5727,-1,5726,5727,5728,-1,5728,5727,5729,-1,5730,5728,5731,-1,5731,5728,5729,-1,5730,5731,5732,-1,5730,5732,5733,-1,5733,5732,5734,-1,5733,5734,5735,-1,5735,5734,5736,-1,5735,5736,5737,-1,5737,5736,5738,-1,5737,5738,5739,-1,5739,5738,5740,-1,5739,5740,5741,-1,5742,5741,5743,-1,5743,5741,5740,-1,5742,5743,5744,-1,5744,5743,5745,-1,5744,5745,5746,-1,5746,5745,5747,-1,5746,5747,5748,-1,5748,5747,5749,-1,5750,5748,5751,-1,5751,5748,5749,-1,5750,5751,5752,-1,5752,5751,5753,-1,5752,5753,5754,-1,5754,5753,5755,-1,5754,5755,5756,-1,5756,5755,5757,-1,5756,5757,5758,-1,5758,5757,5759,-1,5758,5759,5760,-1,5760,5759,5761,-1,5760,5761,5762,-1,5762,5761,5763,-1,5762,5763,5764,-1,5764,5763,5765,-1,5766,5764,5767,-1,5767,5764,5765,-1,5766,5767,5768,-1,5766,5768,5769,-1,5769,5768,5770,-1,5769,5770,5771,-1,5771,5770,5772,-1,5771,5772,5773,-1,5773,5772,5774,-1,5773,5774,5775,-1,5775,5774,5776,-1,5775,5776,5777,-1,5777,5776,5778,-1,5777,5778,5779,-1,5779,5778,5780,-1,5779,5780,5781,-1,5782,5781,5783,-1,5783,5781,5780,-1,5784,5782,5785,-1,5785,5782,5783,-1,5786,5784,5787,-1,5787,5784,5785,-1,5786,5787,5788,-1,5788,5787,5789,-1,5788,5789,5790,-1,5790,5789,5791,-1,5790,5791,5792,-1,5792,5791,5793,-1,5792,5793,5794,-1,5794,5793,5795,-1,5794,5795,5796,-1,5796,5795,5797,-1,5796,5797,5798,-1,5798,5797,5799,-1,5798,5799,5800,-1,5800,5799,5801,-1,5802,5800,5803,-1,5803,5800,5801,-1,5802,5803,5804,-1,5802,5804,5805,-1,5805,5804,5806,-1,5805,5806,5807,-1,5807,5806,5808,-1,5807,5808,5809,-1,5809,5808,5810,-1,5809,5810,5811,-1,5811,5810,5812,-1,5811,5812,5813,-1,5813,5812,5814,-1,5813,5814,5815,-1,5815,5814,5816,-1,5815,5816,5817,-1,5818,5817,5819,-1,5819,5817,5816,-1,5818,5819,5820,-1,5818,5820,5821,-1,5821,5820,5822,-1,5821,5822,5823,-1,5823,5822,5824,-1,5823,5824,5825,-1,5826,5825,5827,-1,5827,5825,5824,-1,5826,5827,5828,-1,5828,5827,5829,-1,5828,5829,5830,-1,5830,5829,5831,-1,5830,5831,5832,-1,5832,5831,5833,-1,5832,5833,5834,-1,5834,5833,5835,-1,5834,5835,5836,-1,5836,5835,5837,-1,5838,5836,5839,-1,5839,5836,5837,-1,5838,5839,5840,-1,5838,5840,5841,-1,5841,5840,5842,-1,5841,5842,5843,-1,5843,5842,5719,-1,5843,5719,5717,-1,5782,5784,5781,-1,5781,5784,5786,-1,5781,5786,5779,-1,5779,5786,5788,-1,5779,5788,5777,-1,5777,5788,5790,-1,5777,5790,5775,-1,5775,5790,5792,-1,5775,5792,5773,-1,5773,5792,5794,-1,5773,5794,5771,-1,5771,5794,5796,-1,5771,5796,5769,-1,5769,5796,5798,-1,5769,5798,5766,-1,5766,5798,5800,-1,5766,5800,5764,-1,5764,5800,5802,-1,5764,5802,5762,-1,5762,5802,5805,-1,5762,5805,5760,-1,5760,5805,5807,-1,5760,5807,5758,-1,5758,5807,5809,-1,5758,5809,5756,-1,5756,5809,5811,-1,5756,5811,5754,-1,5754,5811,5813,-1,5754,5813,5752,-1,5752,5813,5815,-1,5752,5815,5750,-1,5750,5815,5817,-1,5750,5817,5748,-1,5748,5817,5818,-1,5748,5818,5746,-1,5746,5818,5821,-1,5746,5821,5744,-1,5744,5821,5823,-1,5744,5823,5742,-1,5742,5823,5825,-1,5742,5825,5741,-1,5741,5825,5826,-1,5741,5826,5739,-1,5739,5826,5828,-1,5739,5828,5737,-1,5737,5828,5830,-1,5737,5830,5735,-1,5735,5830,5832,-1,5735,5832,5733,-1,5733,5832,5834,-1,5733,5834,5730,-1,5730,5834,5836,-1,5730,5836,5728,-1,5728,5836,5838,-1,5728,5838,5726,-1,5726,5838,5841,-1,5726,5841,5724,-1,5724,5841,5843,-1,5724,5843,5722,-1,5722,5843,5717,-1,5722,5717,5720,-1,5720,5717,5716,-1,5721,5718,5723,-1,5723,5718,5719,-1,5723,5719,5725,-1,5725,5719,5842,-1,5725,5842,5727,-1,5727,5842,5840,-1,5727,5840,5729,-1,5729,5840,5839,-1,5729,5839,5731,-1,5731,5839,5837,-1,5731,5837,5732,-1,5732,5837,5835,-1,5732,5835,5734,-1,5734,5835,5833,-1,5734,5833,5736,-1,5736,5833,5831,-1,5736,5831,5738,-1,5738,5831,5829,-1,5738,5829,5740,-1,5740,5829,5827,-1,5740,5827,5743,-1,5743,5827,5824,-1,5743,5824,5745,-1,5745,5824,5822,-1,5745,5822,5747,-1,5747,5822,5820,-1,5747,5820,5749,-1,5749,5820,5819,-1,5749,5819,5751,-1,5751,5819,5816,-1,5751,5816,5753,-1,5753,5816,5814,-1,5753,5814,5755,-1,5755,5814,5812,-1,5755,5812,5757,-1,5757,5812,5810,-1,5757,5810,5759,-1,5759,5810,5808,-1,5759,5808,5761,-1,5761,5808,5806,-1,5761,5806,5763,-1,5763,5806,5804,-1,5763,5804,5765,-1,5765,5804,5803,-1,5765,5803,5767,-1,5767,5803,5801,-1,5767,5801,5768,-1,5768,5801,5799,-1,5768,5799,5770,-1,5770,5799,5797,-1,5770,5797,5772,-1,5772,5797,5795,-1,5772,5795,5774,-1,5774,5795,5793,-1,5774,5793,5776,-1,5776,5793,5791,-1,5776,5791,5778,-1,5778,5791,5789,-1,5778,5789,5780,-1,5780,5789,5787,-1,5780,5787,5783,-1,5783,5787,5785,-1,5844,5845,5846,-1,5846,5845,5847,-1,5848,5844,5849,-1,5849,5844,5846,-1,5850,5848,5851,-1,5851,5848,5849,-1,5850,5851,5852,-1,5852,5851,5853,-1,5852,5853,5854,-1,5854,5853,5855,-1,5854,5855,5856,-1,5856,5855,5857,-1,5858,5856,5859,-1,5859,5856,5857,-1,5858,5859,5860,-1,5858,5860,5861,-1,5861,5860,5862,-1,5861,5862,5863,-1,5863,5862,5864,-1,5863,5864,5865,-1,5865,5864,5866,-1,5865,5866,5867,-1,5867,5866,5868,-1,5867,5868,5869,-1,5870,5869,5871,-1,5871,5869,5868,-1,5870,5871,5872,-1,5872,5871,5873,-1,5872,5873,5874,-1,5874,5873,5875,-1,5874,5875,5876,-1,5876,5875,5877,-1,5878,5876,5879,-1,5879,5876,5877,-1,5878,5879,5880,-1,5880,5879,5881,-1,5880,5881,5882,-1,5882,5881,5883,-1,5882,5883,5884,-1,5884,5883,5885,-1,5884,5885,5886,-1,5886,5885,5887,-1,5886,5887,5888,-1,5888,5887,5889,-1,5888,5889,5890,-1,5890,5889,5891,-1,5890,5891,5892,-1,5892,5891,5893,-1,5894,5892,5895,-1,5895,5892,5893,-1,5894,5895,5896,-1,5894,5896,5897,-1,5897,5896,5898,-1,5897,5898,5899,-1,5899,5898,5900,-1,5899,5900,5901,-1,5901,5900,5902,-1,5901,5902,5903,-1,5903,5902,5904,-1,5903,5904,5905,-1,5905,5904,5906,-1,5905,5906,5907,-1,5907,5906,5908,-1,5907,5908,5909,-1,5910,5909,5911,-1,5911,5909,5908,-1,5912,5910,5913,-1,5913,5910,5911,-1,5914,5912,5915,-1,5915,5912,5913,-1,5914,5915,5916,-1,5916,5915,5917,-1,5916,5917,5918,-1,5918,5917,5919,-1,5918,5919,5920,-1,5920,5919,5921,-1,5920,5921,5922,-1,5922,5921,5923,-1,5922,5923,5924,-1,5924,5923,5925,-1,5924,5925,5926,-1,5926,5925,5927,-1,5926,5927,5928,-1,5928,5927,5929,-1,5930,5928,5931,-1,5931,5928,5929,-1,5930,5931,5932,-1,5930,5932,5933,-1,5933,5932,5934,-1,5933,5934,5935,-1,5935,5934,5936,-1,5935,5936,5937,-1,5937,5936,5938,-1,5937,5938,5939,-1,5939,5938,5940,-1,5939,5940,5941,-1,5941,5940,5942,-1,5941,5942,5943,-1,5943,5942,5944,-1,5943,5944,5945,-1,5946,5945,5947,-1,5947,5945,5944,-1,5946,5947,5948,-1,5946,5948,5949,-1,5949,5948,5950,-1,5949,5950,5951,-1,5951,5950,5952,-1,5951,5952,5953,-1,5954,5953,5955,-1,5955,5953,5952,-1,5954,5955,5956,-1,5956,5955,5957,-1,5956,5957,5958,-1,5958,5957,5959,-1,5958,5959,5960,-1,5960,5959,5961,-1,5960,5961,5962,-1,5962,5961,5963,-1,5962,5963,5964,-1,5964,5963,5965,-1,5966,5964,5967,-1,5967,5964,5965,-1,5966,5967,5968,-1,5966,5968,5969,-1,5969,5968,5970,-1,5969,5970,5971,-1,5971,5970,5847,-1,5971,5847,5845,-1,5910,5912,5909,-1,5909,5912,5914,-1,5909,5914,5907,-1,5907,5914,5916,-1,5907,5916,5905,-1,5905,5916,5918,-1,5905,5918,5903,-1,5903,5918,5920,-1,5903,5920,5901,-1,5901,5920,5922,-1,5901,5922,5899,-1,5899,5922,5924,-1,5899,5924,5897,-1,5897,5924,5926,-1,5897,5926,5894,-1,5894,5926,5928,-1,5894,5928,5892,-1,5892,5928,5930,-1,5892,5930,5890,-1,5890,5930,5933,-1,5890,5933,5888,-1,5888,5933,5935,-1,5888,5935,5886,-1,5886,5935,5937,-1,5886,5937,5884,-1,5884,5937,5939,-1,5884,5939,5882,-1,5882,5939,5941,-1,5882,5941,5880,-1,5880,5941,5943,-1,5880,5943,5878,-1,5878,5943,5945,-1,5878,5945,5876,-1,5876,5945,5946,-1,5876,5946,5874,-1,5874,5946,5949,-1,5874,5949,5872,-1,5872,5949,5951,-1,5872,5951,5870,-1,5870,5951,5953,-1,5870,5953,5869,-1,5869,5953,5954,-1,5869,5954,5867,-1,5867,5954,5956,-1,5867,5956,5865,-1,5865,5956,5958,-1,5865,5958,5863,-1,5863,5958,5960,-1,5863,5960,5861,-1,5861,5960,5962,-1,5861,5962,5858,-1,5858,5962,5964,-1,5858,5964,5856,-1,5856,5964,5966,-1,5856,5966,5854,-1,5854,5966,5969,-1,5854,5969,5852,-1,5852,5969,5971,-1,5852,5971,5850,-1,5850,5971,5845,-1,5850,5845,5848,-1,5848,5845,5844,-1,5849,5846,5851,-1,5851,5846,5847,-1,5851,5847,5853,-1,5853,5847,5970,-1,5853,5970,5855,-1,5855,5970,5968,-1,5855,5968,5857,-1,5857,5968,5967,-1,5857,5967,5859,-1,5859,5967,5965,-1,5859,5965,5860,-1,5860,5965,5963,-1,5860,5963,5862,-1,5862,5963,5961,-1,5862,5961,5864,-1,5864,5961,5959,-1,5864,5959,5866,-1,5866,5959,5957,-1,5866,5957,5868,-1,5868,5957,5955,-1,5868,5955,5871,-1,5871,5955,5952,-1,5871,5952,5873,-1,5873,5952,5950,-1,5873,5950,5875,-1,5875,5950,5948,-1,5875,5948,5877,-1,5877,5948,5947,-1,5877,5947,5879,-1,5879,5947,5944,-1,5879,5944,5881,-1,5881,5944,5942,-1,5881,5942,5883,-1,5883,5942,5940,-1,5883,5940,5885,-1,5885,5940,5938,-1,5885,5938,5887,-1,5887,5938,5936,-1,5887,5936,5889,-1,5889,5936,5934,-1,5889,5934,5891,-1,5891,5934,5932,-1,5891,5932,5893,-1,5893,5932,5931,-1,5893,5931,5895,-1,5895,5931,5929,-1,5895,5929,5896,-1,5896,5929,5927,-1,5896,5927,5898,-1,5898,5927,5925,-1,5898,5925,5900,-1,5900,5925,5923,-1,5900,5923,5902,-1,5902,5923,5921,-1,5902,5921,5904,-1,5904,5921,5919,-1,5904,5919,5906,-1,5906,5919,5917,-1,5906,5917,5908,-1,5908,5917,5915,-1,5908,5915,5911,-1,5911,5915,5913,-1,5972,5973,5974,-1,5974,5973,5975,-1,5976,5972,5977,-1,5977,5972,5974,-1,5978,5976,5979,-1,5979,5976,5977,-1,5978,5979,5980,-1,5980,5979,5981,-1,5980,5981,5982,-1,5982,5981,5983,-1,5982,5983,5984,-1,5984,5983,5985,-1,5986,5984,5987,-1,5987,5984,5985,-1,5986,5987,5988,-1,5986,5988,5989,-1,5989,5988,5990,-1,5989,5990,5991,-1,5991,5990,5992,-1,5991,5992,5993,-1,5993,5992,5994,-1,5993,5994,5995,-1,5995,5994,5996,-1,5995,5996,5997,-1,5998,5997,5999,-1,5999,5997,5996,-1,5998,5999,6000,-1,6000,5999,6001,-1,6000,6001,6002,-1,6002,6001,6003,-1,6002,6003,6004,-1,6004,6003,6005,-1,6006,6004,6007,-1,6007,6004,6005,-1,6006,6007,6008,-1,6008,6007,6009,-1,6008,6009,6010,-1,6010,6009,6011,-1,6010,6011,6012,-1,6012,6011,6013,-1,6012,6013,6014,-1,6014,6013,6015,-1,6014,6015,6016,-1,6016,6015,6017,-1,6016,6017,6018,-1,6018,6017,6019,-1,6018,6019,6020,-1,6020,6019,6021,-1,6022,6020,6023,-1,6023,6020,6021,-1,6022,6023,6024,-1,6022,6024,6025,-1,6025,6024,6026,-1,6025,6026,6027,-1,6027,6026,6028,-1,6027,6028,6029,-1,6029,6028,6030,-1,6029,6030,6031,-1,6031,6030,6032,-1,6031,6032,6033,-1,6033,6032,6034,-1,6033,6034,6035,-1,6035,6034,6036,-1,6035,6036,6037,-1,6038,6037,6039,-1,6039,6037,6036,-1,6040,6038,6041,-1,6041,6038,6039,-1,6042,6040,6043,-1,6043,6040,6041,-1,6042,6043,6044,-1,6044,6043,6045,-1,6044,6045,6046,-1,6046,6045,6047,-1,6046,6047,6048,-1,6048,6047,6049,-1,6048,6049,6050,-1,6050,6049,6051,-1,6050,6051,6052,-1,6052,6051,6053,-1,6052,6053,6054,-1,6054,6053,6055,-1,6054,6055,6056,-1,6056,6055,6057,-1,6058,6056,6059,-1,6059,6056,6057,-1,6058,6059,6060,-1,6058,6060,6061,-1,6061,6060,6062,-1,6061,6062,6063,-1,6063,6062,6064,-1,6063,6064,6065,-1,6065,6064,6066,-1,6065,6066,6067,-1,6067,6066,6068,-1,6067,6068,6069,-1,6069,6068,6070,-1,6069,6070,6071,-1,6071,6070,6072,-1,6071,6072,6073,-1,6074,6073,6075,-1,6075,6073,6072,-1,6074,6075,6076,-1,6074,6076,6077,-1,6077,6076,6078,-1,6077,6078,6079,-1,6079,6078,6080,-1,6079,6080,6081,-1,6082,6081,6083,-1,6083,6081,6080,-1,6082,6083,6084,-1,6084,6083,6085,-1,6084,6085,6086,-1,6086,6085,6087,-1,6086,6087,6088,-1,6088,6087,6089,-1,6088,6089,6090,-1,6090,6089,6091,-1,6090,6091,6092,-1,6092,6091,6093,-1,6094,6092,6095,-1,6095,6092,6093,-1,6094,6095,6096,-1,6094,6096,6097,-1,6097,6096,6098,-1,6097,6098,6099,-1,6099,6098,5975,-1,6099,5975,5973,-1,6038,6040,6037,-1,6037,6040,6042,-1,6037,6042,6035,-1,6035,6042,6044,-1,6035,6044,6033,-1,6033,6044,6046,-1,6033,6046,6031,-1,6031,6046,6048,-1,6031,6048,6029,-1,6029,6048,6050,-1,6029,6050,6027,-1,6027,6050,6052,-1,6027,6052,6025,-1,6025,6052,6054,-1,6025,6054,6022,-1,6022,6054,6056,-1,6022,6056,6020,-1,6020,6056,6058,-1,6020,6058,6018,-1,6018,6058,6061,-1,6018,6061,6016,-1,6016,6061,6063,-1,6016,6063,6014,-1,6014,6063,6065,-1,6014,6065,6012,-1,6012,6065,6067,-1,6012,6067,6010,-1,6010,6067,6069,-1,6010,6069,6008,-1,6008,6069,6071,-1,6008,6071,6006,-1,6006,6071,6073,-1,6006,6073,6004,-1,6004,6073,6074,-1,6004,6074,6002,-1,6002,6074,6077,-1,6002,6077,6000,-1,6000,6077,6079,-1,6000,6079,5998,-1,5998,6079,6081,-1,5998,6081,5997,-1,5997,6081,6082,-1,5997,6082,5995,-1,5995,6082,6084,-1,5995,6084,5993,-1,5993,6084,6086,-1,5993,6086,5991,-1,5991,6086,6088,-1,5991,6088,5989,-1,5989,6088,6090,-1,5989,6090,5986,-1,5986,6090,6092,-1,5986,6092,5984,-1,5984,6092,6094,-1,5984,6094,5982,-1,5982,6094,6097,-1,5982,6097,5980,-1,5980,6097,6099,-1,5980,6099,5978,-1,5978,6099,5973,-1,5978,5973,5976,-1,5976,5973,5972,-1,5977,5974,5979,-1,5979,5974,5975,-1,5979,5975,5981,-1,5981,5975,6098,-1,5981,6098,5983,-1,5983,6098,6096,-1,5983,6096,5985,-1,5985,6096,6095,-1,5985,6095,5987,-1,5987,6095,6093,-1,5987,6093,5988,-1,5988,6093,6091,-1,5988,6091,5990,-1,5990,6091,6089,-1,5990,6089,5992,-1,5992,6089,6087,-1,5992,6087,5994,-1,5994,6087,6085,-1,5994,6085,5996,-1,5996,6085,6083,-1,5996,6083,5999,-1,5999,6083,6080,-1,5999,6080,6001,-1,6001,6080,6078,-1,6001,6078,6003,-1,6003,6078,6076,-1,6003,6076,6005,-1,6005,6076,6075,-1,6005,6075,6007,-1,6007,6075,6072,-1,6007,6072,6009,-1,6009,6072,6070,-1,6009,6070,6011,-1,6011,6070,6068,-1,6011,6068,6013,-1,6013,6068,6066,-1,6013,6066,6015,-1,6015,6066,6064,-1,6015,6064,6017,-1,6017,6064,6062,-1,6017,6062,6019,-1,6019,6062,6060,-1,6019,6060,6021,-1,6021,6060,6059,-1,6021,6059,6023,-1,6023,6059,6057,-1,6023,6057,6024,-1,6024,6057,6055,-1,6024,6055,6026,-1,6026,6055,6053,-1,6026,6053,6028,-1,6028,6053,6051,-1,6028,6051,6030,-1,6030,6051,6049,-1,6030,6049,6032,-1,6032,6049,6047,-1,6032,6047,6034,-1,6034,6047,6045,-1,6034,6045,6036,-1,6036,6045,6043,-1,6036,6043,6039,-1,6039,6043,6041,-1,6100,6101,6102,-1,6102,6101,6103,-1,6104,6100,6105,-1,6105,6100,6102,-1,6106,6104,6107,-1,6107,6104,6105,-1,6106,6107,6108,-1,6108,6107,6109,-1,6108,6109,6110,-1,6110,6109,6111,-1,6110,6111,6112,-1,6112,6111,6113,-1,6114,6112,6115,-1,6115,6112,6113,-1,6114,6115,6116,-1,6114,6116,6117,-1,6117,6116,6118,-1,6117,6118,6119,-1,6119,6118,6120,-1,6119,6120,6121,-1,6121,6120,6122,-1,6121,6122,6123,-1,6123,6122,6124,-1,6123,6124,6125,-1,6126,6125,6127,-1,6127,6125,6124,-1,6126,6127,6128,-1,6128,6127,6129,-1,6128,6129,6130,-1,6130,6129,6131,-1,6130,6131,6132,-1,6132,6131,6133,-1,6134,6132,6135,-1,6135,6132,6133,-1,6134,6135,6136,-1,6136,6135,6137,-1,6136,6137,6138,-1,6138,6137,6139,-1,6138,6139,6140,-1,6140,6139,6141,-1,6140,6141,6142,-1,6142,6141,6143,-1,6142,6143,6144,-1,6144,6143,6145,-1,6144,6145,6146,-1,6146,6145,6147,-1,6146,6147,6148,-1,6148,6147,6149,-1,6150,6148,6151,-1,6151,6148,6149,-1,6150,6151,6152,-1,6150,6152,6153,-1,6153,6152,6154,-1,6153,6154,6155,-1,6155,6154,6156,-1,6155,6156,6157,-1,6157,6156,6158,-1,6157,6158,6159,-1,6159,6158,6160,-1,6159,6160,6161,-1,6161,6160,6162,-1,6161,6162,6163,-1,6163,6162,6164,-1,6163,6164,6165,-1,6166,6165,6167,-1,6167,6165,6164,-1,6168,6166,6169,-1,6169,6166,6167,-1,6170,6168,6171,-1,6171,6168,6169,-1,6170,6171,6172,-1,6172,6171,6173,-1,6172,6173,6174,-1,6174,6173,6175,-1,6174,6175,6176,-1,6176,6175,6177,-1,6176,6177,6178,-1,6178,6177,6179,-1,6178,6179,6180,-1,6180,6179,6181,-1,6180,6181,6182,-1,6182,6181,6183,-1,6182,6183,6184,-1,6184,6183,6185,-1,6186,6184,6187,-1,6187,6184,6185,-1,6186,6187,6188,-1,6186,6188,6189,-1,6189,6188,6190,-1,6189,6190,6191,-1,6191,6190,6192,-1,6191,6192,6193,-1,6193,6192,6194,-1,6193,6194,6195,-1,6195,6194,6196,-1,6195,6196,6197,-1,6197,6196,6198,-1,6197,6198,6199,-1,6199,6198,6200,-1,6199,6200,6201,-1,6202,6201,6203,-1,6203,6201,6200,-1,6202,6203,6204,-1,6202,6204,6205,-1,6205,6204,6206,-1,6205,6206,6207,-1,6207,6206,6208,-1,6207,6208,6209,-1,6210,6209,6211,-1,6211,6209,6208,-1,6210,6211,6212,-1,6212,6211,6213,-1,6212,6213,6214,-1,6214,6213,6215,-1,6214,6215,6216,-1,6216,6215,6217,-1,6216,6217,6218,-1,6218,6217,6219,-1,6218,6219,6220,-1,6220,6219,6221,-1,6222,6220,6223,-1,6223,6220,6221,-1,6222,6223,6224,-1,6222,6224,6225,-1,6225,6224,6226,-1,6225,6226,6227,-1,6227,6226,6103,-1,6227,6103,6101,-1,6166,6168,6165,-1,6165,6168,6170,-1,6165,6170,6163,-1,6163,6170,6172,-1,6163,6172,6161,-1,6161,6172,6174,-1,6161,6174,6159,-1,6159,6174,6176,-1,6159,6176,6157,-1,6157,6176,6178,-1,6157,6178,6155,-1,6155,6178,6180,-1,6155,6180,6153,-1,6153,6180,6182,-1,6153,6182,6150,-1,6150,6182,6184,-1,6150,6184,6148,-1,6148,6184,6186,-1,6148,6186,6146,-1,6146,6186,6189,-1,6146,6189,6144,-1,6144,6189,6191,-1,6144,6191,6142,-1,6142,6191,6193,-1,6142,6193,6140,-1,6140,6193,6195,-1,6140,6195,6138,-1,6138,6195,6197,-1,6138,6197,6136,-1,6136,6197,6199,-1,6136,6199,6134,-1,6134,6199,6201,-1,6134,6201,6132,-1,6132,6201,6202,-1,6132,6202,6130,-1,6130,6202,6205,-1,6130,6205,6128,-1,6128,6205,6207,-1,6128,6207,6126,-1,6126,6207,6209,-1,6126,6209,6125,-1,6125,6209,6210,-1,6125,6210,6123,-1,6123,6210,6212,-1,6123,6212,6121,-1,6121,6212,6214,-1,6121,6214,6119,-1,6119,6214,6216,-1,6119,6216,6117,-1,6117,6216,6218,-1,6117,6218,6114,-1,6114,6218,6220,-1,6114,6220,6112,-1,6112,6220,6222,-1,6112,6222,6110,-1,6110,6222,6225,-1,6110,6225,6108,-1,6108,6225,6227,-1,6108,6227,6106,-1,6106,6227,6101,-1,6106,6101,6104,-1,6104,6101,6100,-1,6105,6102,6107,-1,6107,6102,6103,-1,6107,6103,6109,-1,6109,6103,6226,-1,6109,6226,6111,-1,6111,6226,6224,-1,6111,6224,6113,-1,6113,6224,6223,-1,6113,6223,6115,-1,6115,6223,6221,-1,6115,6221,6116,-1,6116,6221,6219,-1,6116,6219,6118,-1,6118,6219,6217,-1,6118,6217,6120,-1,6120,6217,6215,-1,6120,6215,6122,-1,6122,6215,6213,-1,6122,6213,6124,-1,6124,6213,6211,-1,6124,6211,6127,-1,6127,6211,6208,-1,6127,6208,6129,-1,6129,6208,6206,-1,6129,6206,6131,-1,6131,6206,6204,-1,6131,6204,6133,-1,6133,6204,6203,-1,6133,6203,6135,-1,6135,6203,6200,-1,6135,6200,6137,-1,6137,6200,6198,-1,6137,6198,6139,-1,6139,6198,6196,-1,6139,6196,6141,-1,6141,6196,6194,-1,6141,6194,6143,-1,6143,6194,6192,-1,6143,6192,6145,-1,6145,6192,6190,-1,6145,6190,6147,-1,6147,6190,6188,-1,6147,6188,6149,-1,6149,6188,6187,-1,6149,6187,6151,-1,6151,6187,6185,-1,6151,6185,6152,-1,6152,6185,6183,-1,6152,6183,6154,-1,6154,6183,6181,-1,6154,6181,6156,-1,6156,6181,6179,-1,6156,6179,6158,-1,6158,6179,6177,-1,6158,6177,6160,-1,6160,6177,6175,-1,6160,6175,6162,-1,6162,6175,6173,-1,6162,6173,6164,-1,6164,6173,6171,-1,6164,6171,6167,-1,6167,6171,6169,-1,6228,6229,6230,-1,6230,6229,6231,-1,6232,6228,6233,-1,6233,6228,6230,-1,6234,6232,6235,-1,6235,6232,6233,-1,6234,6235,6236,-1,6236,6235,6237,-1,6236,6237,6238,-1,6238,6237,6239,-1,6238,6239,6240,-1,6240,6239,6241,-1,6242,6240,6243,-1,6243,6240,6241,-1,6242,6243,6244,-1,6242,6244,6245,-1,6245,6244,6246,-1,6245,6246,6247,-1,6247,6246,6248,-1,6247,6248,6249,-1,6249,6248,6250,-1,6249,6250,6251,-1,6251,6250,6252,-1,6251,6252,6253,-1,6254,6253,6255,-1,6255,6253,6252,-1,6254,6255,6256,-1,6256,6255,6257,-1,6256,6257,6258,-1,6258,6257,6259,-1,6258,6259,6260,-1,6260,6259,6261,-1,6262,6260,6263,-1,6263,6260,6261,-1,6262,6263,6264,-1,6264,6263,6265,-1,6264,6265,6266,-1,6266,6265,6267,-1,6266,6267,6268,-1,6268,6267,6269,-1,6268,6269,6270,-1,6270,6269,6271,-1,6270,6271,6272,-1,6272,6271,6273,-1,6272,6273,6274,-1,6274,6273,6275,-1,6274,6275,6276,-1,6276,6275,6277,-1,6278,6276,6279,-1,6279,6276,6277,-1,6278,6279,6280,-1,6278,6280,6281,-1,6281,6280,6282,-1,6281,6282,6283,-1,6283,6282,6284,-1,6283,6284,6285,-1,6285,6284,6286,-1,6285,6286,6287,-1,6287,6286,6288,-1,6287,6288,6289,-1,6289,6288,6290,-1,6289,6290,6291,-1,6291,6290,6292,-1,6291,6292,6293,-1,6294,6293,6295,-1,6295,6293,6292,-1,6296,6294,6297,-1,6297,6294,6295,-1,6298,6296,6299,-1,6299,6296,6297,-1,6298,6299,6300,-1,6300,6299,6301,-1,6300,6301,6302,-1,6302,6301,6303,-1,6302,6303,6304,-1,6304,6303,6305,-1,6304,6305,6306,-1,6306,6305,6307,-1,6306,6307,6308,-1,6308,6307,6309,-1,6308,6309,6310,-1,6310,6309,6311,-1,6310,6311,6312,-1,6312,6311,6313,-1,6314,6312,6315,-1,6315,6312,6313,-1,6314,6315,6316,-1,6314,6316,6317,-1,6317,6316,6318,-1,6317,6318,6319,-1,6319,6318,6320,-1,6319,6320,6321,-1,6321,6320,6322,-1,6321,6322,6323,-1,6323,6322,6324,-1,6323,6324,6325,-1,6325,6324,6326,-1,6325,6326,6327,-1,6327,6326,6328,-1,6327,6328,6329,-1,6330,6329,6331,-1,6331,6329,6328,-1,6330,6331,6332,-1,6330,6332,6333,-1,6333,6332,6334,-1,6333,6334,6335,-1,6335,6334,6336,-1,6335,6336,6337,-1,6338,6337,6339,-1,6339,6337,6336,-1,6338,6339,6340,-1,6340,6339,6341,-1,6340,6341,6342,-1,6342,6341,6343,-1,6342,6343,6344,-1,6344,6343,6345,-1,6344,6345,6346,-1,6346,6345,6347,-1,6346,6347,6348,-1,6348,6347,6349,-1,6350,6348,6351,-1,6351,6348,6349,-1,6350,6351,6352,-1,6350,6352,6353,-1,6353,6352,6354,-1,6353,6354,6355,-1,6355,6354,6231,-1,6355,6231,6229,-1,6294,6296,6293,-1,6293,6296,6298,-1,6293,6298,6291,-1,6291,6298,6300,-1,6291,6300,6289,-1,6289,6300,6302,-1,6289,6302,6287,-1,6287,6302,6304,-1,6287,6304,6285,-1,6285,6304,6306,-1,6285,6306,6283,-1,6283,6306,6308,-1,6283,6308,6281,-1,6281,6308,6310,-1,6281,6310,6278,-1,6278,6310,6312,-1,6278,6312,6276,-1,6276,6312,6314,-1,6276,6314,6274,-1,6274,6314,6317,-1,6274,6317,6272,-1,6272,6317,6319,-1,6272,6319,6270,-1,6270,6319,6321,-1,6270,6321,6268,-1,6268,6321,6323,-1,6268,6323,6266,-1,6266,6323,6325,-1,6266,6325,6264,-1,6264,6325,6327,-1,6264,6327,6262,-1,6262,6327,6329,-1,6262,6329,6260,-1,6260,6329,6330,-1,6260,6330,6258,-1,6258,6330,6333,-1,6258,6333,6256,-1,6256,6333,6335,-1,6256,6335,6254,-1,6254,6335,6337,-1,6254,6337,6253,-1,6253,6337,6338,-1,6253,6338,6251,-1,6251,6338,6340,-1,6251,6340,6249,-1,6249,6340,6342,-1,6249,6342,6247,-1,6247,6342,6344,-1,6247,6344,6245,-1,6245,6344,6346,-1,6245,6346,6242,-1,6242,6346,6348,-1,6242,6348,6240,-1,6240,6348,6350,-1,6240,6350,6238,-1,6238,6350,6353,-1,6238,6353,6236,-1,6236,6353,6355,-1,6236,6355,6234,-1,6234,6355,6229,-1,6234,6229,6232,-1,6232,6229,6228,-1,6233,6230,6235,-1,6235,6230,6231,-1,6235,6231,6237,-1,6237,6231,6354,-1,6237,6354,6239,-1,6239,6354,6352,-1,6239,6352,6241,-1,6241,6352,6351,-1,6241,6351,6243,-1,6243,6351,6349,-1,6243,6349,6244,-1,6244,6349,6347,-1,6244,6347,6246,-1,6246,6347,6345,-1,6246,6345,6248,-1,6248,6345,6343,-1,6248,6343,6250,-1,6250,6343,6341,-1,6250,6341,6252,-1,6252,6341,6339,-1,6252,6339,6255,-1,6255,6339,6336,-1,6255,6336,6257,-1,6257,6336,6334,-1,6257,6334,6259,-1,6259,6334,6332,-1,6259,6332,6261,-1,6261,6332,6331,-1,6261,6331,6263,-1,6263,6331,6328,-1,6263,6328,6265,-1,6265,6328,6326,-1,6265,6326,6267,-1,6267,6326,6324,-1,6267,6324,6269,-1,6269,6324,6322,-1,6269,6322,6271,-1,6271,6322,6320,-1,6271,6320,6273,-1,6273,6320,6318,-1,6273,6318,6275,-1,6275,6318,6316,-1,6275,6316,6277,-1,6277,6316,6315,-1,6277,6315,6279,-1,6279,6315,6313,-1,6279,6313,6280,-1,6280,6313,6311,-1,6280,6311,6282,-1,6282,6311,6309,-1,6282,6309,6284,-1,6284,6309,6307,-1,6284,6307,6286,-1,6286,6307,6305,-1,6286,6305,6288,-1,6288,6305,6303,-1,6288,6303,6290,-1,6290,6303,6301,-1,6290,6301,6292,-1,6292,6301,6299,-1,6292,6299,6295,-1,6295,6299,6297,-1,6356,6357,6358,-1,6358,6357,6359,-1,6360,6356,6361,-1,6361,6356,6358,-1,6362,6360,6363,-1,6363,6360,6361,-1,6362,6363,6364,-1,6364,6363,6365,-1,6364,6365,6366,-1,6366,6365,6367,-1,6366,6367,6368,-1,6368,6367,6369,-1,6370,6368,6371,-1,6371,6368,6369,-1,6370,6371,6372,-1,6370,6372,6373,-1,6373,6372,6374,-1,6373,6374,6375,-1,6375,6374,6376,-1,6375,6376,6377,-1,6377,6376,6378,-1,6377,6378,6379,-1,6379,6378,6380,-1,6379,6380,6381,-1,6382,6381,6383,-1,6383,6381,6380,-1,6382,6383,6384,-1,6384,6383,6385,-1,6384,6385,6386,-1,6386,6385,6387,-1,6386,6387,6388,-1,6388,6387,6389,-1,6390,6388,6391,-1,6391,6388,6389,-1,6390,6391,6392,-1,6392,6391,6393,-1,6392,6393,6394,-1,6394,6393,6395,-1,6394,6395,6396,-1,6396,6395,6397,-1,6396,6397,6398,-1,6398,6397,6399,-1,6398,6399,6400,-1,6400,6399,6401,-1,6400,6401,6402,-1,6402,6401,6403,-1,6402,6403,6404,-1,6404,6403,6405,-1,6406,6404,6407,-1,6407,6404,6405,-1,6406,6407,6408,-1,6406,6408,6409,-1,6409,6408,6410,-1,6409,6410,6411,-1,6411,6410,6412,-1,6411,6412,6413,-1,6413,6412,6414,-1,6413,6414,6415,-1,6415,6414,6416,-1,6415,6416,6417,-1,6417,6416,6418,-1,6417,6418,6419,-1,6419,6418,6420,-1,6419,6420,6421,-1,6422,6421,6423,-1,6423,6421,6420,-1,6424,6422,6425,-1,6425,6422,6423,-1,6426,6424,6427,-1,6427,6424,6425,-1,6426,6427,6428,-1,6428,6427,6429,-1,6428,6429,6430,-1,6430,6429,6431,-1,6430,6431,6432,-1,6432,6431,6433,-1,6432,6433,6434,-1,6434,6433,6435,-1,6434,6435,6436,-1,6436,6435,6437,-1,6436,6437,6438,-1,6438,6437,6439,-1,6438,6439,6440,-1,6440,6439,6441,-1,6442,6440,6443,-1,6443,6440,6441,-1,6442,6443,6444,-1,6442,6444,6445,-1,6445,6444,6446,-1,6445,6446,6447,-1,6447,6446,6448,-1,6447,6448,6449,-1,6449,6448,6450,-1,6449,6450,6451,-1,6451,6450,6452,-1,6451,6452,6453,-1,6453,6452,6454,-1,6453,6454,6455,-1,6455,6454,6456,-1,6455,6456,6457,-1,6458,6457,6459,-1,6459,6457,6456,-1,6458,6459,6460,-1,6458,6460,6461,-1,6461,6460,6462,-1,6461,6462,6463,-1,6463,6462,6464,-1,6463,6464,6465,-1,6466,6465,6467,-1,6467,6465,6464,-1,6466,6467,6468,-1,6468,6467,6469,-1,6468,6469,6470,-1,6470,6469,6471,-1,6470,6471,6472,-1,6472,6471,6473,-1,6472,6473,6474,-1,6474,6473,6475,-1,6474,6475,6476,-1,6476,6475,6477,-1,6478,6476,6479,-1,6479,6476,6477,-1,6478,6479,6480,-1,6478,6480,6481,-1,6481,6480,6482,-1,6481,6482,6483,-1,6483,6482,6359,-1,6483,6359,6357,-1,6422,6424,6421,-1,6421,6424,6426,-1,6421,6426,6419,-1,6419,6426,6428,-1,6419,6428,6417,-1,6417,6428,6430,-1,6417,6430,6415,-1,6415,6430,6432,-1,6415,6432,6413,-1,6413,6432,6434,-1,6413,6434,6411,-1,6411,6434,6436,-1,6411,6436,6409,-1,6409,6436,6438,-1,6409,6438,6406,-1,6406,6438,6440,-1,6406,6440,6404,-1,6404,6440,6442,-1,6404,6442,6402,-1,6402,6442,6445,-1,6402,6445,6400,-1,6400,6445,6447,-1,6400,6447,6398,-1,6398,6447,6449,-1,6398,6449,6396,-1,6396,6449,6451,-1,6396,6451,6394,-1,6394,6451,6453,-1,6394,6453,6392,-1,6392,6453,6455,-1,6392,6455,6390,-1,6390,6455,6457,-1,6390,6457,6388,-1,6388,6457,6458,-1,6388,6458,6386,-1,6386,6458,6461,-1,6386,6461,6384,-1,6384,6461,6463,-1,6384,6463,6382,-1,6382,6463,6465,-1,6382,6465,6381,-1,6381,6465,6466,-1,6381,6466,6379,-1,6379,6466,6468,-1,6379,6468,6377,-1,6377,6468,6470,-1,6377,6470,6375,-1,6375,6470,6472,-1,6375,6472,6373,-1,6373,6472,6474,-1,6373,6474,6370,-1,6370,6474,6476,-1,6370,6476,6368,-1,6368,6476,6478,-1,6368,6478,6366,-1,6366,6478,6481,-1,6366,6481,6364,-1,6364,6481,6483,-1,6364,6483,6362,-1,6362,6483,6357,-1,6362,6357,6360,-1,6360,6357,6356,-1,6361,6358,6363,-1,6363,6358,6359,-1,6363,6359,6365,-1,6365,6359,6482,-1,6365,6482,6367,-1,6367,6482,6480,-1,6367,6480,6369,-1,6369,6480,6479,-1,6369,6479,6371,-1,6371,6479,6477,-1,6371,6477,6372,-1,6372,6477,6475,-1,6372,6475,6374,-1,6374,6475,6473,-1,6374,6473,6376,-1,6376,6473,6471,-1,6376,6471,6378,-1,6378,6471,6469,-1,6378,6469,6380,-1,6380,6469,6467,-1,6380,6467,6383,-1,6383,6467,6464,-1,6383,6464,6385,-1,6385,6464,6462,-1,6385,6462,6387,-1,6387,6462,6460,-1,6387,6460,6389,-1,6389,6460,6459,-1,6389,6459,6391,-1,6391,6459,6456,-1,6391,6456,6393,-1,6393,6456,6454,-1,6393,6454,6395,-1,6395,6454,6452,-1,6395,6452,6397,-1,6397,6452,6450,-1,6397,6450,6399,-1,6399,6450,6448,-1,6399,6448,6401,-1,6401,6448,6446,-1,6401,6446,6403,-1,6403,6446,6444,-1,6403,6444,6405,-1,6405,6444,6443,-1,6405,6443,6407,-1,6407,6443,6441,-1,6407,6441,6408,-1,6408,6441,6439,-1,6408,6439,6410,-1,6410,6439,6437,-1,6410,6437,6412,-1,6412,6437,6435,-1,6412,6435,6414,-1,6414,6435,6433,-1,6414,6433,6416,-1,6416,6433,6431,-1,6416,6431,6418,-1,6418,6431,6429,-1,6418,6429,6420,-1,6420,6429,6427,-1,6420,6427,6423,-1,6423,6427,6425,-1,6484,6485,6486,-1,6486,6485,6487,-1,6488,6484,6489,-1,6489,6484,6486,-1,6490,6488,6491,-1,6491,6488,6489,-1,6490,6491,6492,-1,6492,6491,6493,-1,6492,6493,6494,-1,6494,6493,6495,-1,6494,6495,6496,-1,6496,6495,6497,-1,6498,6496,6499,-1,6499,6496,6497,-1,6498,6499,6500,-1,6498,6500,6501,-1,6501,6500,6502,-1,6501,6502,6503,-1,6503,6502,6504,-1,6503,6504,6505,-1,6505,6504,6506,-1,6505,6506,6507,-1,6507,6506,6508,-1,6507,6508,6509,-1,6510,6509,6511,-1,6511,6509,6508,-1,6510,6511,6512,-1,6512,6511,6513,-1,6512,6513,6514,-1,6514,6513,6515,-1,6514,6515,6516,-1,6516,6515,6517,-1,6518,6516,6519,-1,6519,6516,6517,-1,6518,6519,6520,-1,6520,6519,6521,-1,6520,6521,6522,-1,6522,6521,6523,-1,6522,6523,6524,-1,6524,6523,6525,-1,6524,6525,6526,-1,6526,6525,6527,-1,6526,6527,6528,-1,6528,6527,6529,-1,6528,6529,6530,-1,6530,6529,6531,-1,6530,6531,6532,-1,6532,6531,6533,-1,6534,6532,6535,-1,6535,6532,6533,-1,6534,6535,6536,-1,6534,6536,6537,-1,6537,6536,6538,-1,6537,6538,6539,-1,6539,6538,6540,-1,6539,6540,6541,-1,6541,6540,6542,-1,6541,6542,6543,-1,6543,6542,6544,-1,6543,6544,6545,-1,6545,6544,6546,-1,6545,6546,6547,-1,6547,6546,6548,-1,6547,6548,6549,-1,6550,6549,6551,-1,6551,6549,6548,-1,6552,6550,6553,-1,6553,6550,6551,-1,6554,6552,6555,-1,6555,6552,6553,-1,6554,6555,6556,-1,6556,6555,6557,-1,6556,6557,6558,-1,6558,6557,6559,-1,6558,6559,6560,-1,6560,6559,6561,-1,6560,6561,6562,-1,6562,6561,6563,-1,6562,6563,6564,-1,6564,6563,6565,-1,6564,6565,6566,-1,6566,6565,6567,-1,6566,6567,6568,-1,6568,6567,6569,-1,6570,6568,6571,-1,6571,6568,6569,-1,6570,6571,6572,-1,6570,6572,6573,-1,6573,6572,6574,-1,6573,6574,6575,-1,6575,6574,6576,-1,6575,6576,6577,-1,6577,6576,6578,-1,6577,6578,6579,-1,6579,6578,6580,-1,6579,6580,6581,-1,6581,6580,6582,-1,6581,6582,6583,-1,6583,6582,6584,-1,6583,6584,6585,-1,6586,6585,6587,-1,6587,6585,6584,-1,6586,6587,6588,-1,6586,6588,6589,-1,6589,6588,6590,-1,6589,6590,6591,-1,6591,6590,6592,-1,6591,6592,6593,-1,6594,6593,6595,-1,6595,6593,6592,-1,6594,6595,6596,-1,6596,6595,6597,-1,6596,6597,6598,-1,6598,6597,6599,-1,6598,6599,6600,-1,6600,6599,6601,-1,6600,6601,6602,-1,6602,6601,6603,-1,6602,6603,6604,-1,6604,6603,6605,-1,6606,6604,6607,-1,6607,6604,6605,-1,6606,6607,6608,-1,6606,6608,6609,-1,6609,6608,6610,-1,6609,6610,6611,-1,6611,6610,6487,-1,6611,6487,6485,-1,6550,6552,6549,-1,6549,6552,6554,-1,6549,6554,6547,-1,6547,6554,6556,-1,6547,6556,6545,-1,6545,6556,6558,-1,6545,6558,6543,-1,6543,6558,6560,-1,6543,6560,6541,-1,6541,6560,6562,-1,6541,6562,6539,-1,6539,6562,6564,-1,6539,6564,6537,-1,6537,6564,6566,-1,6537,6566,6534,-1,6534,6566,6568,-1,6534,6568,6532,-1,6532,6568,6570,-1,6532,6570,6530,-1,6530,6570,6573,-1,6530,6573,6528,-1,6528,6573,6575,-1,6528,6575,6526,-1,6526,6575,6577,-1,6526,6577,6524,-1,6524,6577,6579,-1,6524,6579,6522,-1,6522,6579,6581,-1,6522,6581,6520,-1,6520,6581,6583,-1,6520,6583,6518,-1,6518,6583,6585,-1,6518,6585,6516,-1,6516,6585,6586,-1,6516,6586,6514,-1,6514,6586,6589,-1,6514,6589,6512,-1,6512,6589,6591,-1,6512,6591,6510,-1,6510,6591,6593,-1,6510,6593,6509,-1,6509,6593,6594,-1,6509,6594,6507,-1,6507,6594,6596,-1,6507,6596,6505,-1,6505,6596,6598,-1,6505,6598,6503,-1,6503,6598,6600,-1,6503,6600,6501,-1,6501,6600,6602,-1,6501,6602,6498,-1,6498,6602,6604,-1,6498,6604,6496,-1,6496,6604,6606,-1,6496,6606,6494,-1,6494,6606,6609,-1,6494,6609,6492,-1,6492,6609,6611,-1,6492,6611,6490,-1,6490,6611,6485,-1,6490,6485,6488,-1,6488,6485,6484,-1,6489,6486,6491,-1,6491,6486,6487,-1,6491,6487,6493,-1,6493,6487,6610,-1,6493,6610,6495,-1,6495,6610,6608,-1,6495,6608,6497,-1,6497,6608,6607,-1,6497,6607,6499,-1,6499,6607,6605,-1,6499,6605,6500,-1,6500,6605,6603,-1,6500,6603,6502,-1,6502,6603,6601,-1,6502,6601,6504,-1,6504,6601,6599,-1,6504,6599,6506,-1,6506,6599,6597,-1,6506,6597,6508,-1,6508,6597,6595,-1,6508,6595,6511,-1,6511,6595,6592,-1,6511,6592,6513,-1,6513,6592,6590,-1,6513,6590,6515,-1,6515,6590,6588,-1,6515,6588,6517,-1,6517,6588,6587,-1,6517,6587,6519,-1,6519,6587,6584,-1,6519,6584,6521,-1,6521,6584,6582,-1,6521,6582,6523,-1,6523,6582,6580,-1,6523,6580,6525,-1,6525,6580,6578,-1,6525,6578,6527,-1,6527,6578,6576,-1,6527,6576,6529,-1,6529,6576,6574,-1,6529,6574,6531,-1,6531,6574,6572,-1,6531,6572,6533,-1,6533,6572,6571,-1,6533,6571,6535,-1,6535,6571,6569,-1,6535,6569,6536,-1,6536,6569,6567,-1,6536,6567,6538,-1,6538,6567,6565,-1,6538,6565,6540,-1,6540,6565,6563,-1,6540,6563,6542,-1,6542,6563,6561,-1,6542,6561,6544,-1,6544,6561,6559,-1,6544,6559,6546,-1,6546,6559,6557,-1,6546,6557,6548,-1,6548,6557,6555,-1,6548,6555,6551,-1,6551,6555,6553,-1,6612,6613,6614,-1,6614,6613,6615,-1,6616,6612,6617,-1,6617,6612,6614,-1,6618,6616,6619,-1,6619,6616,6617,-1,6618,6619,6620,-1,6620,6619,6621,-1,6620,6621,6622,-1,6622,6621,6623,-1,6622,6623,6624,-1,6624,6623,6625,-1,6626,6624,6627,-1,6627,6624,6625,-1,6626,6627,6628,-1,6626,6628,6629,-1,6629,6628,6630,-1,6629,6630,6631,-1,6631,6630,6632,-1,6631,6632,6633,-1,6633,6632,6634,-1,6633,6634,6635,-1,6635,6634,6636,-1,6635,6636,6637,-1,6638,6637,6639,-1,6639,6637,6636,-1,6638,6639,6640,-1,6640,6639,6641,-1,6640,6641,6642,-1,6642,6641,6643,-1,6642,6643,6644,-1,6644,6643,6645,-1,6646,6644,6647,-1,6647,6644,6645,-1,6646,6647,6648,-1,6648,6647,6649,-1,6648,6649,6650,-1,6650,6649,6651,-1,6650,6651,6652,-1,6652,6651,6653,-1,6652,6653,6654,-1,6654,6653,6655,-1,6654,6655,6656,-1,6656,6655,6657,-1,6656,6657,6658,-1,6658,6657,6659,-1,6658,6659,6660,-1,6660,6659,6661,-1,6662,6660,6663,-1,6663,6660,6661,-1,6662,6663,6664,-1,6662,6664,6665,-1,6665,6664,6666,-1,6665,6666,6667,-1,6667,6666,6668,-1,6667,6668,6669,-1,6669,6668,6670,-1,6669,6670,6671,-1,6671,6670,6672,-1,6671,6672,6673,-1,6673,6672,6674,-1,6673,6674,6675,-1,6675,6674,6676,-1,6675,6676,6677,-1,6678,6677,6679,-1,6679,6677,6676,-1,6680,6678,6681,-1,6681,6678,6679,-1,6682,6680,6683,-1,6683,6680,6681,-1,6682,6683,6684,-1,6684,6683,6685,-1,6684,6685,6686,-1,6686,6685,6687,-1,6686,6687,6688,-1,6688,6687,6689,-1,6688,6689,6690,-1,6690,6689,6691,-1,6690,6691,6692,-1,6692,6691,6693,-1,6692,6693,6694,-1,6694,6693,6695,-1,6694,6695,6696,-1,6696,6695,6697,-1,6698,6696,6699,-1,6699,6696,6697,-1,6698,6699,6700,-1,6698,6700,6701,-1,6701,6700,6702,-1,6701,6702,6703,-1,6703,6702,6704,-1,6703,6704,6705,-1,6705,6704,6706,-1,6705,6706,6707,-1,6707,6706,6708,-1,6707,6708,6709,-1,6709,6708,6710,-1,6709,6710,6711,-1,6711,6710,6712,-1,6711,6712,6713,-1,6714,6713,6715,-1,6715,6713,6712,-1,6714,6715,6716,-1,6714,6716,6717,-1,6717,6716,6718,-1,6717,6718,6719,-1,6719,6718,6720,-1,6719,6720,6721,-1,6722,6721,6723,-1,6723,6721,6720,-1,6722,6723,6724,-1,6724,6723,6725,-1,6724,6725,6726,-1,6726,6725,6727,-1,6726,6727,6728,-1,6728,6727,6729,-1,6728,6729,6730,-1,6730,6729,6731,-1,6730,6731,6732,-1,6732,6731,6733,-1,6734,6732,6735,-1,6735,6732,6733,-1,6734,6735,6736,-1,6734,6736,6737,-1,6737,6736,6738,-1,6737,6738,6739,-1,6739,6738,6615,-1,6739,6615,6613,-1,6678,6680,6677,-1,6677,6680,6682,-1,6677,6682,6675,-1,6675,6682,6684,-1,6675,6684,6673,-1,6673,6684,6686,-1,6673,6686,6671,-1,6671,6686,6688,-1,6671,6688,6669,-1,6669,6688,6690,-1,6669,6690,6667,-1,6667,6690,6692,-1,6667,6692,6665,-1,6665,6692,6694,-1,6665,6694,6662,-1,6662,6694,6696,-1,6662,6696,6660,-1,6660,6696,6698,-1,6660,6698,6658,-1,6658,6698,6701,-1,6658,6701,6656,-1,6656,6701,6703,-1,6656,6703,6654,-1,6654,6703,6705,-1,6654,6705,6652,-1,6652,6705,6707,-1,6652,6707,6650,-1,6650,6707,6709,-1,6650,6709,6648,-1,6648,6709,6711,-1,6648,6711,6646,-1,6646,6711,6713,-1,6646,6713,6644,-1,6644,6713,6714,-1,6644,6714,6642,-1,6642,6714,6717,-1,6642,6717,6640,-1,6640,6717,6719,-1,6640,6719,6638,-1,6638,6719,6721,-1,6638,6721,6637,-1,6637,6721,6722,-1,6637,6722,6635,-1,6635,6722,6724,-1,6635,6724,6633,-1,6633,6724,6726,-1,6633,6726,6631,-1,6631,6726,6728,-1,6631,6728,6629,-1,6629,6728,6730,-1,6629,6730,6626,-1,6626,6730,6732,-1,6626,6732,6624,-1,6624,6732,6734,-1,6624,6734,6622,-1,6622,6734,6737,-1,6622,6737,6620,-1,6620,6737,6739,-1,6620,6739,6618,-1,6618,6739,6613,-1,6618,6613,6616,-1,6616,6613,6612,-1,6617,6614,6619,-1,6619,6614,6615,-1,6619,6615,6621,-1,6621,6615,6738,-1,6621,6738,6623,-1,6623,6738,6736,-1,6623,6736,6625,-1,6625,6736,6735,-1,6625,6735,6627,-1,6627,6735,6733,-1,6627,6733,6628,-1,6628,6733,6731,-1,6628,6731,6630,-1,6630,6731,6729,-1,6630,6729,6632,-1,6632,6729,6727,-1,6632,6727,6634,-1,6634,6727,6725,-1,6634,6725,6636,-1,6636,6725,6723,-1,6636,6723,6639,-1,6639,6723,6720,-1,6639,6720,6641,-1,6641,6720,6718,-1,6641,6718,6643,-1,6643,6718,6716,-1,6643,6716,6645,-1,6645,6716,6715,-1,6645,6715,6647,-1,6647,6715,6712,-1,6647,6712,6649,-1,6649,6712,6710,-1,6649,6710,6651,-1,6651,6710,6708,-1,6651,6708,6653,-1,6653,6708,6706,-1,6653,6706,6655,-1,6655,6706,6704,-1,6655,6704,6657,-1,6657,6704,6702,-1,6657,6702,6659,-1,6659,6702,6700,-1,6659,6700,6661,-1,6661,6700,6699,-1,6661,6699,6663,-1,6663,6699,6697,-1,6663,6697,6664,-1,6664,6697,6695,-1,6664,6695,6666,-1,6666,6695,6693,-1,6666,6693,6668,-1,6668,6693,6691,-1,6668,6691,6670,-1,6670,6691,6689,-1,6670,6689,6672,-1,6672,6689,6687,-1,6672,6687,6674,-1,6674,6687,6685,-1,6674,6685,6676,-1,6676,6685,6683,-1,6676,6683,6679,-1,6679,6683,6681,-1,6740,6741,6742,-1,6742,6741,6743,-1,6744,6740,6745,-1,6745,6740,6742,-1,6746,6744,6747,-1,6747,6744,6745,-1,6746,6747,6748,-1,6748,6747,6749,-1,6748,6749,6750,-1,6750,6749,6751,-1,6750,6751,6752,-1,6752,6751,6753,-1,6754,6752,6755,-1,6755,6752,6753,-1,6754,6755,6756,-1,6754,6756,6757,-1,6757,6756,6758,-1,6757,6758,6759,-1,6759,6758,6760,-1,6759,6760,6761,-1,6761,6760,6762,-1,6761,6762,6763,-1,6763,6762,6764,-1,6763,6764,6765,-1,6766,6765,6767,-1,6767,6765,6764,-1,6766,6767,6768,-1,6768,6767,6769,-1,6768,6769,6770,-1,6770,6769,6771,-1,6770,6771,6772,-1,6772,6771,6773,-1,6774,6772,6775,-1,6775,6772,6773,-1,6774,6775,6776,-1,6776,6775,6777,-1,6776,6777,6778,-1,6778,6777,6779,-1,6778,6779,6780,-1,6780,6779,6781,-1,6780,6781,6782,-1,6782,6781,6783,-1,6782,6783,6784,-1,6784,6783,6785,-1,6784,6785,6786,-1,6786,6785,6787,-1,6786,6787,6788,-1,6788,6787,6789,-1,6790,6788,6791,-1,6791,6788,6789,-1,6790,6791,6792,-1,6790,6792,6793,-1,6793,6792,6794,-1,6793,6794,6795,-1,6795,6794,6796,-1,6795,6796,6797,-1,6797,6796,6798,-1,6797,6798,6799,-1,6799,6798,6800,-1,6799,6800,6801,-1,6801,6800,6802,-1,6801,6802,6803,-1,6803,6802,6804,-1,6803,6804,6805,-1,6806,6805,6807,-1,6807,6805,6804,-1,6808,6806,6809,-1,6809,6806,6807,-1,6810,6808,6811,-1,6811,6808,6809,-1,6810,6811,6812,-1,6812,6811,6813,-1,6812,6813,6814,-1,6814,6813,6815,-1,6814,6815,6816,-1,6816,6815,6817,-1,6816,6817,6818,-1,6818,6817,6819,-1,6818,6819,6820,-1,6820,6819,6821,-1,6820,6821,6822,-1,6822,6821,6823,-1,6822,6823,6824,-1,6824,6823,6825,-1,6826,6824,6827,-1,6827,6824,6825,-1,6826,6827,6828,-1,6826,6828,6829,-1,6829,6828,6830,-1,6829,6830,6831,-1,6831,6830,6832,-1,6831,6832,6833,-1,6833,6832,6834,-1,6833,6834,6835,-1,6835,6834,6836,-1,6835,6836,6837,-1,6837,6836,6838,-1,6837,6838,6839,-1,6839,6838,6840,-1,6839,6840,6841,-1,6842,6841,6843,-1,6843,6841,6840,-1,6842,6843,6844,-1,6842,6844,6845,-1,6845,6844,6846,-1,6845,6846,6847,-1,6847,6846,6848,-1,6847,6848,6849,-1,6850,6849,6851,-1,6851,6849,6848,-1,6850,6851,6852,-1,6852,6851,6853,-1,6852,6853,6854,-1,6854,6853,6855,-1,6854,6855,6856,-1,6856,6855,6857,-1,6856,6857,6858,-1,6858,6857,6859,-1,6858,6859,6860,-1,6860,6859,6861,-1,6862,6860,6863,-1,6863,6860,6861,-1,6862,6863,6864,-1,6862,6864,6865,-1,6865,6864,6866,-1,6865,6866,6867,-1,6867,6866,6743,-1,6867,6743,6741,-1,6806,6808,6805,-1,6805,6808,6810,-1,6805,6810,6803,-1,6803,6810,6812,-1,6803,6812,6801,-1,6801,6812,6814,-1,6801,6814,6799,-1,6799,6814,6816,-1,6799,6816,6797,-1,6797,6816,6818,-1,6797,6818,6795,-1,6795,6818,6820,-1,6795,6820,6793,-1,6793,6820,6822,-1,6793,6822,6790,-1,6790,6822,6824,-1,6790,6824,6788,-1,6788,6824,6826,-1,6788,6826,6786,-1,6786,6826,6829,-1,6786,6829,6784,-1,6784,6829,6831,-1,6784,6831,6782,-1,6782,6831,6833,-1,6782,6833,6780,-1,6780,6833,6835,-1,6780,6835,6778,-1,6778,6835,6837,-1,6778,6837,6776,-1,6776,6837,6839,-1,6776,6839,6774,-1,6774,6839,6841,-1,6774,6841,6772,-1,6772,6841,6842,-1,6772,6842,6770,-1,6770,6842,6845,-1,6770,6845,6768,-1,6768,6845,6847,-1,6768,6847,6766,-1,6766,6847,6849,-1,6766,6849,6765,-1,6765,6849,6850,-1,6765,6850,6763,-1,6763,6850,6852,-1,6763,6852,6761,-1,6761,6852,6854,-1,6761,6854,6759,-1,6759,6854,6856,-1,6759,6856,6757,-1,6757,6856,6858,-1,6757,6858,6754,-1,6754,6858,6860,-1,6754,6860,6752,-1,6752,6860,6862,-1,6752,6862,6750,-1,6750,6862,6865,-1,6750,6865,6748,-1,6748,6865,6867,-1,6748,6867,6746,-1,6746,6867,6741,-1,6746,6741,6744,-1,6744,6741,6740,-1,6745,6742,6747,-1,6747,6742,6743,-1,6747,6743,6749,-1,6749,6743,6866,-1,6749,6866,6751,-1,6751,6866,6864,-1,6751,6864,6753,-1,6753,6864,6863,-1,6753,6863,6755,-1,6755,6863,6861,-1,6755,6861,6756,-1,6756,6861,6859,-1,6756,6859,6758,-1,6758,6859,6857,-1,6758,6857,6760,-1,6760,6857,6855,-1,6760,6855,6762,-1,6762,6855,6853,-1,6762,6853,6764,-1,6764,6853,6851,-1,6764,6851,6767,-1,6767,6851,6848,-1,6767,6848,6769,-1,6769,6848,6846,-1,6769,6846,6771,-1,6771,6846,6844,-1,6771,6844,6773,-1,6773,6844,6843,-1,6773,6843,6775,-1,6775,6843,6840,-1,6775,6840,6777,-1,6777,6840,6838,-1,6777,6838,6779,-1,6779,6838,6836,-1,6779,6836,6781,-1,6781,6836,6834,-1,6781,6834,6783,-1,6783,6834,6832,-1,6783,6832,6785,-1,6785,6832,6830,-1,6785,6830,6787,-1,6787,6830,6828,-1,6787,6828,6789,-1,6789,6828,6827,-1,6789,6827,6791,-1,6791,6827,6825,-1,6791,6825,6792,-1,6792,6825,6823,-1,6792,6823,6794,-1,6794,6823,6821,-1,6794,6821,6796,-1,6796,6821,6819,-1,6796,6819,6798,-1,6798,6819,6817,-1,6798,6817,6800,-1,6800,6817,6815,-1,6800,6815,6802,-1,6802,6815,6813,-1,6802,6813,6804,-1,6804,6813,6811,-1,6804,6811,6807,-1,6807,6811,6809,-1,6868,6869,6870,-1,6870,6869,6871,-1,6872,6868,6873,-1,6873,6868,6870,-1,6874,6872,6875,-1,6875,6872,6873,-1,6874,6875,6876,-1,6876,6875,6877,-1,6876,6877,6878,-1,6878,6877,6879,-1,6878,6879,6880,-1,6880,6879,6881,-1,6882,6880,6883,-1,6883,6880,6881,-1,6882,6883,6884,-1,6882,6884,6885,-1,6885,6884,6886,-1,6885,6886,6887,-1,6887,6886,6888,-1,6887,6888,6889,-1,6889,6888,6890,-1,6889,6890,6891,-1,6891,6890,6892,-1,6891,6892,6893,-1,6894,6893,6895,-1,6895,6893,6892,-1,6894,6895,6896,-1,6896,6895,6897,-1,6896,6897,6898,-1,6898,6897,6899,-1,6898,6899,6900,-1,6900,6899,6901,-1,6902,6900,6903,-1,6903,6900,6901,-1,6902,6903,6904,-1,6904,6903,6905,-1,6904,6905,6906,-1,6906,6905,6907,-1,6906,6907,6908,-1,6908,6907,6909,-1,6908,6909,6910,-1,6910,6909,6911,-1,6910,6911,6912,-1,6912,6911,6913,-1,6912,6913,6914,-1,6914,6913,6915,-1,6914,6915,6916,-1,6916,6915,6917,-1,6918,6916,6919,-1,6919,6916,6917,-1,6918,6919,6920,-1,6918,6920,6921,-1,6921,6920,6922,-1,6921,6922,6923,-1,6923,6922,6924,-1,6923,6924,6925,-1,6925,6924,6926,-1,6925,6926,6927,-1,6927,6926,6928,-1,6927,6928,6929,-1,6929,6928,6930,-1,6929,6930,6931,-1,6931,6930,6932,-1,6931,6932,6933,-1,6934,6933,6935,-1,6935,6933,6932,-1,6936,6934,6937,-1,6937,6934,6935,-1,6938,6936,6939,-1,6939,6936,6937,-1,6938,6939,6940,-1,6940,6939,6941,-1,6940,6941,6942,-1,6942,6941,6943,-1,6942,6943,6944,-1,6944,6943,6945,-1,6944,6945,6946,-1,6946,6945,6947,-1,6946,6947,6948,-1,6948,6947,6949,-1,6948,6949,6950,-1,6950,6949,6951,-1,6950,6951,6952,-1,6952,6951,6953,-1,6954,6952,6955,-1,6955,6952,6953,-1,6954,6955,6956,-1,6954,6956,6957,-1,6957,6956,6958,-1,6957,6958,6959,-1,6959,6958,6960,-1,6959,6960,6961,-1,6961,6960,6962,-1,6961,6962,6963,-1,6963,6962,6964,-1,6963,6964,6965,-1,6965,6964,6966,-1,6965,6966,6967,-1,6967,6966,6968,-1,6967,6968,6969,-1,6970,6969,6971,-1,6971,6969,6968,-1,6970,6971,6972,-1,6970,6972,6973,-1,6973,6972,6974,-1,6973,6974,6975,-1,6975,6974,6976,-1,6975,6976,6977,-1,6978,6977,6979,-1,6979,6977,6976,-1,6978,6979,6980,-1,6980,6979,6981,-1,6980,6981,6982,-1,6982,6981,6983,-1,6982,6983,6984,-1,6984,6983,6985,-1,6984,6985,6986,-1,6986,6985,6987,-1,6986,6987,6988,-1,6988,6987,6989,-1,6990,6988,6991,-1,6991,6988,6989,-1,6990,6991,6992,-1,6990,6992,6993,-1,6993,6992,6994,-1,6993,6994,6995,-1,6995,6994,6871,-1,6995,6871,6869,-1,6934,6936,6933,-1,6933,6936,6938,-1,6933,6938,6931,-1,6931,6938,6940,-1,6931,6940,6929,-1,6929,6940,6942,-1,6929,6942,6927,-1,6927,6942,6944,-1,6927,6944,6925,-1,6925,6944,6946,-1,6925,6946,6923,-1,6923,6946,6948,-1,6923,6948,6921,-1,6921,6948,6950,-1,6921,6950,6918,-1,6918,6950,6952,-1,6918,6952,6916,-1,6916,6952,6954,-1,6916,6954,6914,-1,6914,6954,6957,-1,6914,6957,6912,-1,6912,6957,6959,-1,6912,6959,6910,-1,6910,6959,6961,-1,6910,6961,6908,-1,6908,6961,6963,-1,6908,6963,6906,-1,6906,6963,6965,-1,6906,6965,6904,-1,6904,6965,6967,-1,6904,6967,6902,-1,6902,6967,6969,-1,6902,6969,6900,-1,6900,6969,6970,-1,6900,6970,6898,-1,6898,6970,6973,-1,6898,6973,6896,-1,6896,6973,6975,-1,6896,6975,6894,-1,6894,6975,6977,-1,6894,6977,6893,-1,6893,6977,6978,-1,6893,6978,6891,-1,6891,6978,6980,-1,6891,6980,6889,-1,6889,6980,6982,-1,6889,6982,6887,-1,6887,6982,6984,-1,6887,6984,6885,-1,6885,6984,6986,-1,6885,6986,6882,-1,6882,6986,6988,-1,6882,6988,6880,-1,6880,6988,6990,-1,6880,6990,6878,-1,6878,6990,6993,-1,6878,6993,6876,-1,6876,6993,6995,-1,6876,6995,6874,-1,6874,6995,6869,-1,6874,6869,6872,-1,6872,6869,6868,-1,6873,6870,6875,-1,6875,6870,6871,-1,6875,6871,6877,-1,6877,6871,6994,-1,6877,6994,6879,-1,6879,6994,6992,-1,6879,6992,6881,-1,6881,6992,6991,-1,6881,6991,6883,-1,6883,6991,6989,-1,6883,6989,6884,-1,6884,6989,6987,-1,6884,6987,6886,-1,6886,6987,6985,-1,6886,6985,6888,-1,6888,6985,6983,-1,6888,6983,6890,-1,6890,6983,6981,-1,6890,6981,6892,-1,6892,6981,6979,-1,6892,6979,6895,-1,6895,6979,6976,-1,6895,6976,6897,-1,6897,6976,6974,-1,6897,6974,6899,-1,6899,6974,6972,-1,6899,6972,6901,-1,6901,6972,6971,-1,6901,6971,6903,-1,6903,6971,6968,-1,6903,6968,6905,-1,6905,6968,6966,-1,6905,6966,6907,-1,6907,6966,6964,-1,6907,6964,6909,-1,6909,6964,6962,-1,6909,6962,6911,-1,6911,6962,6960,-1,6911,6960,6913,-1,6913,6960,6958,-1,6913,6958,6915,-1,6915,6958,6956,-1,6915,6956,6917,-1,6917,6956,6955,-1,6917,6955,6919,-1,6919,6955,6953,-1,6919,6953,6920,-1,6920,6953,6951,-1,6920,6951,6922,-1,6922,6951,6949,-1,6922,6949,6924,-1,6924,6949,6947,-1,6924,6947,6926,-1,6926,6947,6945,-1,6926,6945,6928,-1,6928,6945,6943,-1,6928,6943,6930,-1,6930,6943,6941,-1,6930,6941,6932,-1,6932,6941,6939,-1,6932,6939,6935,-1,6935,6939,6937,-1,6996,6997,6998,-1,6998,6997,6999,-1,7000,6996,7001,-1,7001,6996,6998,-1,7002,7000,7003,-1,7003,7000,7001,-1,7002,7003,7004,-1,7004,7003,7005,-1,7004,7005,7006,-1,7006,7005,7007,-1,7006,7007,7008,-1,7008,7007,7009,-1,7010,7008,7011,-1,7011,7008,7009,-1,7010,7011,7012,-1,7010,7012,7013,-1,7013,7012,7014,-1,7013,7014,7015,-1,7015,7014,7016,-1,7015,7016,7017,-1,7017,7016,7018,-1,7017,7018,7019,-1,7019,7018,7020,-1,7019,7020,7021,-1,7022,7021,7023,-1,7023,7021,7020,-1,7022,7023,7024,-1,7024,7023,7025,-1,7024,7025,7026,-1,7026,7025,7027,-1,7026,7027,7028,-1,7028,7027,7029,-1,7030,7028,7031,-1,7031,7028,7029,-1,7030,7031,7032,-1,7032,7031,7033,-1,7032,7033,7034,-1,7034,7033,7035,-1,7034,7035,7036,-1,7036,7035,7037,-1,7036,7037,7038,-1,7038,7037,7039,-1,7038,7039,7040,-1,7040,7039,7041,-1,7040,7041,7042,-1,7042,7041,7043,-1,7042,7043,7044,-1,7044,7043,7045,-1,7046,7044,7047,-1,7047,7044,7045,-1,7046,7047,7048,-1,7046,7048,7049,-1,7049,7048,7050,-1,7049,7050,7051,-1,7051,7050,7052,-1,7051,7052,7053,-1,7053,7052,7054,-1,7053,7054,7055,-1,7055,7054,7056,-1,7055,7056,7057,-1,7057,7056,7058,-1,7057,7058,7059,-1,7059,7058,7060,-1,7059,7060,7061,-1,7062,7061,7063,-1,7063,7061,7060,-1,7064,7062,7065,-1,7065,7062,7063,-1,7066,7064,7067,-1,7067,7064,7065,-1,7066,7067,7068,-1,7068,7067,7069,-1,7068,7069,7070,-1,7070,7069,7071,-1,7070,7071,7072,-1,7072,7071,7073,-1,7072,7073,7074,-1,7074,7073,7075,-1,7074,7075,7076,-1,7076,7075,7077,-1,7076,7077,7078,-1,7078,7077,7079,-1,7078,7079,7080,-1,7080,7079,7081,-1,7082,7080,7083,-1,7083,7080,7081,-1,7082,7083,7084,-1,7082,7084,7085,-1,7085,7084,7086,-1,7085,7086,7087,-1,7087,7086,7088,-1,7087,7088,7089,-1,7089,7088,7090,-1,7089,7090,7091,-1,7091,7090,7092,-1,7091,7092,7093,-1,7093,7092,7094,-1,7093,7094,7095,-1,7095,7094,7096,-1,7095,7096,7097,-1,7098,7097,7099,-1,7099,7097,7096,-1,7098,7099,7100,-1,7098,7100,7101,-1,7101,7100,7102,-1,7101,7102,7103,-1,7103,7102,7104,-1,7103,7104,7105,-1,7106,7105,7107,-1,7107,7105,7104,-1,7106,7107,7108,-1,7108,7107,7109,-1,7108,7109,7110,-1,7110,7109,7111,-1,7110,7111,7112,-1,7112,7111,7113,-1,7112,7113,7114,-1,7114,7113,7115,-1,7114,7115,7116,-1,7116,7115,7117,-1,7118,7116,7119,-1,7119,7116,7117,-1,7118,7119,7120,-1,7118,7120,7121,-1,7121,7120,7122,-1,7121,7122,7123,-1,7123,7122,6999,-1,7123,6999,6997,-1,7062,7064,7061,-1,7061,7064,7066,-1,7061,7066,7059,-1,7059,7066,7068,-1,7059,7068,7057,-1,7057,7068,7070,-1,7057,7070,7055,-1,7055,7070,7072,-1,7055,7072,7053,-1,7053,7072,7074,-1,7053,7074,7051,-1,7051,7074,7076,-1,7051,7076,7049,-1,7049,7076,7078,-1,7049,7078,7046,-1,7046,7078,7080,-1,7046,7080,7044,-1,7044,7080,7082,-1,7044,7082,7042,-1,7042,7082,7085,-1,7042,7085,7040,-1,7040,7085,7087,-1,7040,7087,7038,-1,7038,7087,7089,-1,7038,7089,7036,-1,7036,7089,7091,-1,7036,7091,7034,-1,7034,7091,7093,-1,7034,7093,7032,-1,7032,7093,7095,-1,7032,7095,7030,-1,7030,7095,7097,-1,7030,7097,7028,-1,7028,7097,7098,-1,7028,7098,7026,-1,7026,7098,7101,-1,7026,7101,7024,-1,7024,7101,7103,-1,7024,7103,7022,-1,7022,7103,7105,-1,7022,7105,7021,-1,7021,7105,7106,-1,7021,7106,7019,-1,7019,7106,7108,-1,7019,7108,7017,-1,7017,7108,7110,-1,7017,7110,7015,-1,7015,7110,7112,-1,7015,7112,7013,-1,7013,7112,7114,-1,7013,7114,7010,-1,7010,7114,7116,-1,7010,7116,7008,-1,7008,7116,7118,-1,7008,7118,7006,-1,7006,7118,7121,-1,7006,7121,7004,-1,7004,7121,7123,-1,7004,7123,7002,-1,7002,7123,6997,-1,7002,6997,7000,-1,7000,6997,6996,-1,7001,6998,7003,-1,7003,6998,6999,-1,7003,6999,7005,-1,7005,6999,7122,-1,7005,7122,7007,-1,7007,7122,7120,-1,7007,7120,7009,-1,7009,7120,7119,-1,7009,7119,7011,-1,7011,7119,7117,-1,7011,7117,7012,-1,7012,7117,7115,-1,7012,7115,7014,-1,7014,7115,7113,-1,7014,7113,7016,-1,7016,7113,7111,-1,7016,7111,7018,-1,7018,7111,7109,-1,7018,7109,7020,-1,7020,7109,7107,-1,7020,7107,7023,-1,7023,7107,7104,-1,7023,7104,7025,-1,7025,7104,7102,-1,7025,7102,7027,-1,7027,7102,7100,-1,7027,7100,7029,-1,7029,7100,7099,-1,7029,7099,7031,-1,7031,7099,7096,-1,7031,7096,7033,-1,7033,7096,7094,-1,7033,7094,7035,-1,7035,7094,7092,-1,7035,7092,7037,-1,7037,7092,7090,-1,7037,7090,7039,-1,7039,7090,7088,-1,7039,7088,7041,-1,7041,7088,7086,-1,7041,7086,7043,-1,7043,7086,7084,-1,7043,7084,7045,-1,7045,7084,7083,-1,7045,7083,7047,-1,7047,7083,7081,-1,7047,7081,7048,-1,7048,7081,7079,-1,7048,7079,7050,-1,7050,7079,7077,-1,7050,7077,7052,-1,7052,7077,7075,-1,7052,7075,7054,-1,7054,7075,7073,-1,7054,7073,7056,-1,7056,7073,7071,-1,7056,7071,7058,-1,7058,7071,7069,-1,7058,7069,7060,-1,7060,7069,7067,-1,7060,7067,7063,-1,7063,7067,7065,-1,
        ]
    }
}
Shape{
    appearance Appearance {
        material  Material 	{
            diffuseColor 0.7529411764705882 0.7529411764705882 0.7529411764705882
            specularColor 0.3764705882352941 0.3764705882352941 0.3764705882352941
            ambientIntensity 0.7529
            transparency 0.0
            shininess 0.5
        }
    }
    geometry IndexedFaceSet {
        ccw TRUE
        solid FALSE
        coord DEF co Coordinate {
            point [
                4.2224 0.7348 0.3858, 4.2224 0.7348 0.7795, 4.1043 0.7348 0.3858, 4.1043 0.7348 0.7795, 4.2224 0.8529 0.3858, 4.1043 0.8529 0.3858, 4.2224 0.9096 0.064, 4.1043 0.9096 0.064, 4.1043 0.9484 0.0315, 4.1043 1.5846 0.0315, 4.2224 0.9484 0.0315, 4.2224 1.5846 0.0315, 4.2224 1.624 0.7402, 4.2224 1.624 0.0709, 4.1043 1.624 0.7402, 4.1043 1.624 0.0709, 4.1043 1.5846 0.7795, 4.2224 1.5846 0.7795, 4.2224 1.6227 0.7503, 4.2224 1.5948 0.7782, 4.2224 1.6043 0.7743, 4.2224 0.9122 0.0553, 4.2224 0.9168 0.0474, 4.2224 0.9231 0.0407, 4.2224 0.9307 0.0357, 4.2224 0.9393 0.0326, 4.2224 1.6227 0.0607, 4.2224 1.5948 0.0328, 4.2224 1.6043 0.0368, 4.2224 1.6125 0.043, 4.2224 1.6187 0.0512, 4.2224 1.6187 0.7598, 4.2224 1.6125 0.768, 4.1043 0.9393 0.0326, 4.1043 0.9307 0.0357, 4.1043 0.9231 0.0407, 4.1043 0.9168 0.0474, 4.1043 0.9122 0.0553, 4.1043 1.6043 0.0368, 4.1043 1.6227 0.0607, 4.1043 1.6125 0.043, 4.1043 1.6187 0.0512, 4.1043 1.5948 0.0328, 4.1043 1.5948 0.7782, 4.1043 1.6043 0.7743, 4.1043 1.6125 0.768, 4.1043 1.6187 0.7598, 4.1043 1.6227 0.7503, -4.2224 0.7348 0.7795, -4.2224 0.7348 0.3858, -4.1043 0.7348 0.7795, -4.1043 0.7348 0.3858, -4.2224 0.8529 0.3858, -4.1043 0.8529 0.3858, -4.2224 0.9096 0.064, -4.1043 0.9096 0.064, -4.1043 1.5846 0.0315, -4.1043 0.9484 0.0315, -4.2224 1.5846 0.0315, -4.2224 0.9484 0.0315, -4.2224 1.624 0.0709, -4.2224 1.624 0.7402, -4.1043 1.624 0.0709, -4.1043 1.624 0.7402, -4.1043 1.5846 0.7795, -4.2224 1.5846 0.7795, -4.2224 0.9122 0.0553, -4.2224 0.9393 0.0326, -4.2224 0.9307 0.0357, -4.2224 0.9231 0.0407, -4.2224 0.9168 0.0474, -4.2224 1.5948 0.7782, -4.2224 1.6043 0.7743, -4.2224 1.6125 0.768, -4.2224 1.6043 0.0368, -4.2224 1.6227 0.0607, -4.2224 1.6125 0.043, -4.2224 1.6187 0.0512, -4.2224 1.5948 0.0328, -4.2224 1.6187 0.7598, -4.2224 1.6227 0.7503, -4.1043 1.6227 0.7503, -4.1043 0.9122 0.0553, -4.1043 0.9168 0.0474, -4.1043 1.5948 0.7782, -4.1043 1.6043 0.7743, -4.1043 0.9231 0.0407, -4.1043 0.9307 0.0357, -4.1043 0.9393 0.0326, -4.1043 1.6187 0.7598, -4.1043 1.6125 0.768, -4.1043 1.5948 0.0328, -4.1043 1.6227 0.0607, -4.1043 1.6043 0.0368, -4.1043 1.6125 0.043, -4.1043 1.6187 0.0512
            ]
        }
        coordIndex [
            0,1,2,-1,2,1,3,-1,4,0,5,-1,5,0,2,-1,6,4,7,-1,7,4,5,-1,8,9,10,-1,10,9,11,-1,12,13,14,-1,14,13,15,-1,16,3,17,-1,17,3,1,-1,6,13,4,-1,4,13,12,-1,4,12,18,-1,1,0,17,-1,17,0,4,-1,17,4,19,-1,19,4,20,-1,21,22,6,-1,6,22,23,-1,6,23,24,-1,24,25,6,-1,6,25,10,-1,6,10,13,-1,13,10,11,-1,13,11,26,-1,26,11,27,-1,27,28,26,-1,26,28,29,-1,26,29,30,-1,18,31,4,-1,4,31,32,-1,4,32,20,-1,2,3,5,-1,5,3,16,-1,9,8,7,-1,7,8,33,-1,7,33,34,-1,34,35,7,-1,7,35,36,-1,7,36,37,-1,38,39,40,-1,40,39,41,-1,5,14,7,-1,7,14,15,-1,7,15,9,-1,9,15,39,-1,9,39,42,-1,42,39,38,-1,16,43,5,-1,5,43,44,-1,5,44,45,-1,45,46,5,-1,5,46,47,-1,5,47,14,-1,12,14,47,-1,12,47,18,-1,18,47,46,-1,18,46,31,-1,31,46,45,-1,31,45,32,-1,32,45,44,-1,32,44,20,-1,20,44,43,-1,20,43,19,-1,19,43,16,-1,19,16,17,-1,6,7,37,-1,6,37,21,-1,21,37,36,-1,21,36,22,-1,22,36,35,-1,22,35,23,-1,23,35,34,-1,23,34,24,-1,24,34,33,-1,24,33,25,-1,25,33,8,-1,25,8,10,-1,11,9,42,-1,11,42,27,-1,27,42,38,-1,27,38,28,-1,28,38,40,-1,28,40,29,-1,29,40,41,-1,29,41,30,-1,30,41,39,-1,30,39,26,-1,26,39,15,-1,26,15,13,-1,48,49,50,-1,50,49,51,-1,49,52,51,-1,51,52,53,-1,52,54,53,-1,53,54,55,-1,56,57,58,-1,58,57,59,-1,60,61,62,-1,62,61,63,-1,50,64,48,-1,48,64,65,-1,66,54,59,-1,49,48,52,-1,52,48,65,-1,59,54,58,-1,59,67,68,-1,68,69,59,-1,59,69,70,-1,59,70,66,-1,65,71,52,-1,52,71,72,-1,52,72,73,-1,74,75,76,-1,76,75,77,-1,52,61,54,-1,54,61,60,-1,54,60,58,-1,58,60,75,-1,58,75,78,-1,78,75,74,-1,73,79,52,-1,52,79,80,-1,52,80,61,-1,55,62,53,-1,53,62,63,-1,53,63,81,-1,82,83,57,-1,50,51,64,-1,64,51,53,-1,64,53,84,-1,84,53,85,-1,83,86,57,-1,57,86,87,-1,57,87,88,-1,81,89,53,-1,53,89,90,-1,53,90,85,-1,91,92,56,-1,56,92,62,-1,56,62,57,-1,57,62,55,-1,57,55,82,-1,91,93,92,-1,92,93,94,-1,92,94,95,-1,65,64,84,-1,65,84,71,-1,71,84,85,-1,71,85,72,-1,72,85,90,-1,72,90,73,-1,73,90,89,-1,73,89,79,-1,79,89,81,-1,79,81,80,-1,80,81,63,-1,80,63,61,-1,59,57,88,-1,59,88,67,-1,67,88,87,-1,67,87,68,-1,68,87,86,-1,68,86,69,-1,69,86,83,-1,69,83,70,-1,70,83,82,-1,70,82,66,-1,66,82,55,-1,66,55,54,-1,60,62,92,-1,60,92,75,-1,75,92,95,-1,75,95,77,-1,77,95,94,-1,77,94,76,-1,76,94,93,-1,76,93,74,-1,74,93,91,-1,74,91,78,-1,78,91,56,-1,78,56,58,-1,
        ]
    }
}
Shape{
    appearance Appearance {
        material  Material 	{
            diffuseColor 0.25098039215686274 0.25098039215686274 0.25098039215686274
            specularColor 0.12549019607843137 0.12549019607843137 0.12549019607843137
            ambientIntensity 0.251
            transparency 0.0
            shininess 0.5
        }
    }
    geometry IndexedFaceSet {
        ccw TRUE
        solid FALSE
        coord DEF co Coordinate {
            point [
                0.4528 -1.2697 0.0394, 0.4465 -1.2697 0.0394, 0.4465 -0.8317 0.0394, 2.8937 -1.2697 0.0394, 2.8937 -1.4665 0.0394, 2.1583 -1.4665 0.0394, 4.1842 -0.7431 0.0394, 4.3012 -0.8317 0.0394, 4.1388 -0.8022 0.0394, 4.1004 -0.8317 0.0394, 4.2127 -0.6743 0.0394, 4.2224 -0.6004 0.0394, 4.3012 -0.2473 0.0394, 3.6613 -0.6743 0.0394, 3.6898 -0.7431 0.0394, 2.1583 -0.8317 0.0394, 4.2127 -0.5265 0.0394, 4.1842 -0.4577 0.0394, 4.1388 -0.3986 0.0394, 4.0797 -0.3532 0.0394, 4.0109 -0.3247 0.0394, 3.937 -0.315 0.0394, 3.7352 -0.3986 0.0394, 2.1583 -0.2473 0.0394, 3.7943 -0.3532 0.0394, 3.8631 -0.3247 0.0394, 3.6898 -0.4577 0.0394, 3.6613 -0.5265 0.0394, 3.6516 -0.6004 0.0394, 4.3012 -1.6634 0.0394, 3.9075 -1.6634 0.0394, 3.9075 -1.4665 0.0394, 3.6024 -1.4665 0.0394, 3.6024 -1.2697 0.0394, 4.0797 -0.8476 0.0394, 4.0109 -0.8761 0.0394, 3.937 -0.8858 0.0394, 3.7352 -0.8022 0.0394, 3.7736 -0.8317 0.0394, 3.4843 -1.2697 0.0394, 3.7943 -0.8476 0.0394, 3.8631 -0.8761 0.0394, 3.2874 -1.2697 0.0394, 3.4055 -1.2697 0.0394, 3.4055 -1.4665 0.0394, 3.4843 -1.4665 0.0394, 3.0906 -1.2697 0.0394, 3.0906 -1.4665 0.0394, 3.0118 -1.4665 0.0394, 3.0118 -1.2697 0.0394, 3.2087 -1.2697 0.0394, 3.2087 -1.4665 0.0394, 3.2874 -1.4665 0.0394, -2.3031 -1.2697 0.0394, -2.3444 -1.2697 0.0394, -2.3444 -0.8317 0.0394, -2.4213 -1.2697 0.0394, -2.4213 -1.4665 0.0394, -2.5 -1.4665 0.0394, -2.5 -1.2697 0.0394, -2.6181 -1.2697 0.0394, -4.2077 -0.8317 0.0394, -2.815 -1.2697 0.0394, -2.6969 -1.2697 0.0394, -2.6969 -1.4665 0.0394, -2.6181 -1.4665 0.0394, -3.0118 -1.2697 0.0394, -3.0118 -1.4665 0.0394, -3.0906 -1.4665 0.0394, -3.0906 -1.2697 0.0394, -3.2087 -1.2697 0.0394, -2.8937 -1.2697 0.0394, -2.8937 -1.4665 0.0394, -2.815 -1.4665 0.0394, -3.4055 -1.2697 0.0394, -3.4055 -1.4665 0.0394, -3.4843 -1.4665 0.0394, -3.4843 -1.2697 0.0394, -3.6024 -1.2697 0.0394, -3.2874 -1.2697 0.0394, -3.2874 -1.4665 0.0394, -3.2087 -1.4665 0.0394, -3.9075 -1.6634 0.0394, -4.2077 -1.6634 0.0394, -3.9075 -1.4665 0.0394, -3.6024 -1.4665 0.0394, -0.5315 -1.2697 0.0394, -0.5593 -1.2697 0.0394, -0.5593 -0.8317 0.0394, -0.6496 -1.2697 0.0394, -0.6496 -1.4665 0.0394, -0.7283 -1.4665 0.0394, -0.7283 -1.2697 0.0394, -0.8465 -1.2697 0.0394, -1.0433 -1.2697 0.0394, -1.0433 -1.4665 0.0394, -1.122 -1.4665 0.0394, -1.122 -1.2697 0.0394, -1.2402 -1.2697 0.0394, -0.9252 -1.2697 0.0394, -0.9252 -1.4665 0.0394, -0.8465 -1.4665 0.0394, -1.437 -1.2697 0.0394, -1.437 -1.4665 0.0394, -1.5157 -1.4665 0.0394, -1.5157 -1.2697 0.0394, -1.6339 -1.2697 0.0394, -1.3189 -1.2697 0.0394, -1.3189 -1.4665 0.0394, -1.2402 -1.4665 0.0394, -1.8307 -1.2697 0.0394, -1.8307 -1.4665 0.0394, -1.9094 -1.4665 0.0394, -1.9094 -1.2697 0.0394, -2.0276 -1.2697 0.0394, -1.7126 -1.2697 0.0394, -1.7126 -1.4665 0.0394, -1.6339 -1.4665 0.0394, -2.2244 -1.2697 0.0394, -2.2244 -1.4665 0.0394, -2.3031 -1.4665 0.0394, -2.1063 -1.2697 0.0394, -2.1063 -1.4665 0.0394, -2.0276 -1.4665 0.0394, -0.1896 -1.2697 0.0394, -0.2559 -1.2697 0.0394, -0.4528 -1.2697 0.0394, -0.4528 -1.4665 0.0394, -0.5315 -1.4665 0.0394, -0.3346 -1.2697 0.0394, -0.3346 -1.4665 0.0394, -0.2559 -1.4665 0.0394, 0.0985 -0.8317 0.0394, 0.0985 -1.4665 0.0394, 0.0591 -1.2697 0.0394, 0.0591 -1.4665 0.0394, -0.0591 -1.2697 0.0394, -0.1896 -0.8317 0.0394, -0.1378 -1.2697 0.0394, -0.1378 -1.4665 0.0394, -0.0591 -1.4665 0.0394, 0.1378 -1.4665 0.0394, 0.1378 -1.2697 0.0394, 0.2559 -1.2697 0.0394, 0.3346 -1.2697 0.0394, 0.2559 -1.4665 0.0394, 0.3346 -1.4665 0.0394, 2.0276 -1.4665 0.0394, 2.0276 -1.2697 0.0394, 1.9094 -1.2697 0.0394, 1.9094 -1.4665 0.0394, 1.8307 -1.4665 0.0394, 1.8307 -1.2697 0.0394, 1.7126 -1.2697 0.0394, 1.5157 -1.2697 0.0394, 1.6339 -1.2697 0.0394, 1.6339 -1.4665 0.0394, 1.7126 -1.4665 0.0394, 1.3189 -1.2697 0.0394, 1.3189 -1.4665 0.0394, 1.2402 -1.4665 0.0394, 1.2402 -1.2697 0.0394, 1.122 -1.2697 0.0394, 1.437 -1.2697 0.0394, 1.437 -1.4665 0.0394, 1.5157 -1.4665 0.0394, 0.9252 -1.2697 0.0394, 0.9252 -1.4665 0.0394, 0.8465 -1.4665 0.0394, 0.8465 -1.2697 0.0394, 0.7283 -1.2697 0.0394, 1.0433 -1.2697 0.0394, 1.0433 -1.4665 0.0394, 1.122 -1.4665 0.0394, 0.5315 -1.2697 0.0394, 0.5315 -1.4665 0.0394, 0.4528 -1.4665 0.0394, 0.6496 -1.2697 0.0394, 0.6496 -1.4665 0.0394, 0.7283 -1.4665 0.0394, 2.1583 1.2303 0.0394, 2.815 1.2303 0.0394, 2.1583 0.2213 0.0394, 2.815 1.0335 0.0394, 2.8937 1.0335 0.0394, 4.3012 0.2213 0.0394, 3.0906 1.0335 0.0394, 3.0906 1.2303 0.0394, 3.2087 1.2303 0.0394, 3.2087 1.0335 0.0394, 3.2874 1.0335 0.0394, 3.0118 1.0335 0.0394, 3.0118 1.2303 0.0394, 2.8937 1.2303 0.0394, 3.4843 1.0335 0.0394, 3.4843 1.2303 0.0394, 3.6024 1.2303 0.0394, 3.6024 1.0335 0.0394, 3.4055 1.0335 0.0394, 3.4055 1.2303 0.0394, 3.2874 1.2303 0.0394, 3.6811 1.0335 0.0394, 3.6811 1.2303 0.0394, 3.9075 1.2303 0.0394, 3.9075 1.624 0.0394, 4.1043 1.624 0.0394, 4.1043 0.8366 0.0394, 4.3012 0.8366 0.0394, 0.4465 1.2303 0.0394, 0.4528 1.2303 0.0394, 0.4528 1.0335 0.0394, 0.5315 1.0335 0.0394, 0.5315 1.2303 0.0394, 0.6496 1.2303 0.0394, 0.6496 1.0335 0.0394, 0.7283 1.0335 0.0394, 0.9252 1.0335 0.0394, 0.8465 1.0335 0.0394, 0.8465 1.2303 0.0394, 0.7283 1.2303 0.0394, 1.122 1.0335 0.0394, 1.122 1.2303 0.0394, 1.2402 1.2303 0.0394, 1.2402 1.0335 0.0394, 1.3189 1.0335 0.0394, 1.0433 1.0335 0.0394, 1.0433 1.2303 0.0394, 0.9252 1.2303 0.0394, 1.5157 1.0335 0.0394, 1.5157 1.2303 0.0394, 1.6339 1.2303 0.0394, 1.6339 1.0335 0.0394, 1.7126 1.0335 0.0394, 1.437 1.0335 0.0394, 1.437 1.2303 0.0394, 1.3189 1.2303 0.0394, 1.9094 1.2303 0.0394, 1.9094 1.0335 0.0394, 1.8307 1.0335 0.0394, 1.8307 1.2303 0.0394, 1.7126 1.2303 0.0394, 0.3346 1.0335 0.0394, 0.4465 0.2213 0.0394, 0.2559 1.0335 0.0394, 0.1378 1.0335 0.0394, 0.2559 1.2303 0.0394, 0.1378 1.2303 0.0394, 0.3346 1.2303 0.0394, -0.1896 0.2213 0.0394, -0.1896 1.2303 0.0394, -0.1378 1.0335 0.0394, -0.1378 1.2303 0.0394, -0.0591 1.0335 0.0394, 0.0985 0.2213 0.0394, 0.0985 1.0335 0.0394, 0.0591 1.0335 0.0394, 0.0591 1.2303 0.0394, -0.0591 1.2303 0.0394, -0.5315 1.0335 0.0394, -0.4528 1.0335 0.0394, -0.2559 1.2303 0.0394, -0.2559 1.0335 0.0394, -0.3346 1.0335 0.0394, -0.3346 1.2303 0.0394, -0.4528 1.2303 0.0394, -2.3444 0.2213 0.0394, -2.3444 1.2303 0.0394, -2.3031 1.0335 0.0394, -2.3031 1.2303 0.0394, -2.0276 1.0335 0.0394, -0.5593 0.2213 0.0394, -2.1063 1.0335 0.0394, -2.2244 1.0335 0.0394, -2.1063 1.2303 0.0394, -2.2244 1.2303 0.0394, -1.8307 1.0335 0.0394, -1.8307 1.2303 0.0394, -1.7126 1.2303 0.0394, -1.7126 1.0335 0.0394, -1.6339 1.0335 0.0394, -1.9094 1.0335 0.0394, -1.9094 1.2303 0.0394, -2.0276 1.2303 0.0394, -1.437 1.0335 0.0394, -1.437 1.2303 0.0394, -1.3189 1.2303 0.0394, -1.3189 1.0335 0.0394, -1.2402 1.0335 0.0394, -1.5157 1.0335 0.0394, -1.5157 1.2303 0.0394, -1.6339 1.2303 0.0394, -1.0433 1.0335 0.0394, -1.0433 1.2303 0.0394, -0.9252 1.2303 0.0394, -0.9252 1.0335 0.0394, -0.8465 1.0335 0.0394, -1.122 1.0335 0.0394, -1.122 1.2303 0.0394, -1.2402 1.2303 0.0394, -0.6496 1.2303 0.0394, -0.5593 1.2303 0.0394, -0.6496 1.0335 0.0394, -0.7283 1.0335 0.0394, -0.7283 1.2303 0.0394, -0.8465 1.2303 0.0394, -4.2077 0.8366 0.0394, -4.1043 0.8366 0.0394, -4.1043 1.624 0.0394, -3.9075 1.624 0.0394, -3.9075 1.2303 0.0394, -3.6024 1.0335 0.0394, -3.6024 1.2303 0.0394, -3.4843 1.2303 0.0394, -3.4843 1.0335 0.0394, -3.4055 1.0335 0.0394, -3.6811 1.0335 0.0394, -3.6811 1.2303 0.0394, -3.2087 1.0335 0.0394, -3.2087 1.2303 0.0394, -3.0906 1.2303 0.0394, -3.0906 1.0335 0.0394, -3.0118 1.0335 0.0394, -3.2874 1.0335 0.0394, -3.2874 1.2303 0.0394, -3.4055 1.2303 0.0394, -2.815 1.0335 0.0394, -2.815 1.2303 0.0394, -2.6969 1.2303 0.0394, -2.6969 1.0335 0.0394, -2.6181 1.0335 0.0394, -2.8937 1.0335 0.0394, -2.8937 1.2303 0.0394, -3.0118 1.2303 0.0394, -2.4213 1.2303 0.0394, -2.4213 1.0335 0.0394, -2.5 1.0335 0.0394, -2.5 1.2303 0.0394, -2.6181 1.2303 0.0394, -4.3012 0.8366 0.0394, -4.2077 0.2213 0.0394, 0.1369 -0.1544 0.0394, 0.0985 -0.1772 0.0394, 0.1369 -0.1112 0.0394, 0.1824 0.2205 0.0394, 0.1947 0.2213 0.0394, 0.1369 0.2081 0.0394, 0.1369 0.1553 0.0394, 0.1812 0.1743 0.0394, 0.1439 -0.1151 0.0394, 0.2291 0.1805 0.0394, 0.2678 0.1762 0.0394, 0.2973 0.1655 0.0394, 0.3246 0.1473 0.0394, 0.3483 0.1211 0.0394, 0.3769 0.0179 0.0394, 0.3729 -0.0247 0.0394, 0.3622 -0.0586 0.0394, 0.2746 -0.1322 0.0394, 0.2379 -0.1364 0.0394, 0.3033 -0.1217 0.0394, 0.3275 -0.1054 0.0394, 0.346 -0.0859 0.0394, 0.1857 -0.1306 0.0394, 0.3646 0.0907 0.0394, 0.3751 0.0485 0.0394, 0.2937 -0.1745 0.0394, 0.3319 -0.1614 0.0394, 0.4465 -0.1772 0.0394, 0.3635 -0.1412 0.0394, 0.3931 -0.1101 0.0394, 0.4141 -0.0726 0.0394, 0.409 0.1152 0.0394, 0.3859 0.152 0.0394, 0.3503 0.1862 0.0394, 0.3129 0.2077 0.0394, 0.2691 0.2205 0.0394, 0.2589 0.2213 0.0394, 0.2295 0.2237 0.0394, 0.4259 -0.0309 0.0394, 0.4297 0.0146 0.0394, 0.4241 0.0706 0.0394, 0.1788 -0.1716 0.0394, 0.2186 -0.1772 0.0394, 0.0985 -0.2473 0.0394, 0.2344 -0.1794 0.0394, 0.2452 -0.1796 0.0394, 0.2683 -0.1772 0.0394, 0.4465 -0.2473 0.0394, -4.0904 -0.689 0.0394, -4.0623 -0.7257 0.0394, -3.937 -0.4232 0.0394, -3.9829 -0.4293 0.0394, -4.2077 -0.2473 0.0394, -4.0256 -0.7538 0.0394, -3.9829 -0.7715 0.0394, -3.937 -0.7776 0.0394, -3.7836 -0.5118 0.0394, -3.8117 -0.4751 0.0394, -2.3444 -0.2473 0.0394, -3.8484 -0.447 0.0394, -3.8912 -0.4293 0.0394, -3.8912 -0.7715 0.0394, -3.8484 -0.7538 0.0394, -3.8117 -0.7257 0.0394, -3.7836 -0.689 0.0394, -4.0256 -0.447 0.0394, -4.0623 -0.4751 0.0394, -4.0904 -0.5118 0.0394, -4.1081 -0.5545 0.0394, -4.1142 -0.6004 0.0394, -4.1081 -0.6463 0.0394, -3.7659 -0.6463 0.0394, -3.7598 -0.6004 0.0394, -3.7659 -0.5545 0.0394, -0.1896 -0.2473 0.0394, -0.1896 -0.1772 0.0394, 4.3012 -0.1772 0.0394, 2.1583 -0.1772 0.0394, 0.6122 0.2189 0.0394, 0.665 0.2189 0.0394, 0.665 -0.1748 0.0394, 0.6122 -0.1316 0.0394, 0.4634 -0.1316 0.0394, 0.4634 -0.1748 0.0394, -0.1416 0.2189 0.0394, -0.1416 0.1757 0.0394, 0.0072 0.1757 0.0394, 0.0072 0.0461 0.0394, -0.132 0.0461 0.0394, -0.132 0.0029 0.0394, 0.0072 0.0029 0.0394, 0.0072 -0.1316 0.0394, -0.1512 -0.1316 0.0394, -0.1512 -0.1748 0.0394, 0.06 -0.1748 0.0394, 0.06 0.2189 0.0394, -0.228 -0.1748 0.0394, -0.228 0.2189 0.0394, -0.4703 -0.1331 0.0394, -0.5593 -0.1772 0.0394, -0.5027 -0.1021 0.0394, -0.5252 -0.0669 0.0394, -0.3391 0.2189 0.0394, -0.396 0.2128 0.0394, -0.4421 0.1967 0.0394, -0.4849 0.168 0.0394, -0.4292 -0.157 0.0394, -0.3838 -0.1705 0.0394, -0.3351 -0.1748 0.0394, -0.5315 1.2303 0.0394, -0.4853 0.1676 0.0394, -0.5132 0.1367 0.0394, -0.5315 0.1029 0.0394, -0.5593 -0.2473 0.0394, -0.542 0.0641 0.0394, -0.5449 0.027 0.0394, -0.5394 -0.0257 0.0394, -0.929 -0.1748 0.0394, -2.3444 -0.1772 0.0394, -0.7754 0.2189 0.0394, -0.8714 -0.1748 0.0394, -0.8316 -0.0643 0.0394, -0.6689 -0.0643 0.0394, -0.6313 -0.1748 0.0394, -0.5737 -0.1748 0.0394, -0.7226 0.2189 0.0394, -4.2077 -0.1772 0.0394, -4.3012 0.2213 0.0394, -4.3012 -0.1772 0.0394, -4.3012 -0.2473 0.0394, -4.3012 -0.8317 0.0394, -4.3012 -1.6634 0.0394, 4.2404 -1.6634 0.8389, 4.3012 -1.6634 0.9055, 3.955 -1.6634 0.8389, 3.9075 -1.6634 0.9055, 3.955 -1.6634 0.1135, 4.2404 -1.6634 0.1135, -4.1043 1.624 0.8661, -4.2224 1.624 0.2756, -4.3012 1.624 0.2756, -4.2224 1.624 0.8661, -4.3012 1.624 1.6929, -3.9075 1.624 1.6929, -4.2224 0.8366 0.2756, -4.3012 0.8366 0.2756, -4.3012 -0.9547 1.6929, -4.3012 -1.6634 0.9055, -4.3012 -0.9853 1.6889, -4.3012 -1.0728 0.9843, -4.3012 -1.5847 0.9843, -4.3012 -1.0728 1.5748, -4.3012 -1.0688 1.6054, -4.3012 -1.057 1.6339, -4.3012 -1.0382 1.6583, -4.3012 -1.0138 1.6771, 1.9094 0.3445 1.3386, 2.1457 0.3445 1.3386, 1.9094 -0.8366 1.3386, 2.1457 -0.7972 1.3386, 2.149 -0.8366 1.3386, -3.9075 -0.8366 1.3386, -3.6811 -0.8366 1.3386, -3.9075 -0.8366 1.5748, -3.6811 -0.8366 1.4173, -3.9115 -0.8366 1.6054, -4.0256 -0.8366 1.6929, -3.995 -0.8366 1.6889, 2.3819 -0.8366 1.6929, -3.9665 -0.8366 1.6771, -3.6024 -0.8366 1.4173, -3.9421 -0.8366 1.6583, -3.9233 -0.8366 1.6339, -3.2087 -0.8366 1.4173, -3.2087 -0.8366 1.3386, -3.0906 -0.8366 1.3386, -3.6024 -0.8366 1.3386, -3.4843 -0.8366 1.3386, -3.4843 -0.8366 1.4173, -3.4055 -0.8366 1.4173, -3.0906 -0.8366 1.4173, -3.0118 -0.8366 1.4173, -2.6181 -0.8366 1.4173, -2.6181 -0.8366 1.3386, -2.5 -0.8366 1.3386, -3.2874 -0.8366 1.4173, -3.2874 -0.8366 1.3386, -3.4055 -0.8366 1.3386, -2.5 -0.8366 1.4173, -2.4213 -0.8366 1.4173, -2.2244 -0.8366 1.4173, -2.2244 -0.8366 1.3386, -2.1063 -0.8366 1.3386, -3.0118 -0.8366 1.3386, -2.8937 -0.8366 1.3386, -2.8937 -0.8366 1.4173, -2.815 -0.8366 1.4173, -2.815 -0.8366 1.3386, -2.6969 -0.8366 1.3386, -2.6969 -0.8366 1.4173, -2.1063 -0.8366 1.4173, -2.0276 -0.8366 1.4173, -1.8307 -0.8366 1.4173, -1.8307 -0.8366 1.3386, -1.7126 -0.8366 1.3386, -2.3031 -0.8366 1.4173, -2.3031 -0.8366 1.3386, -2.4213 -0.8366 1.3386, -1.7126 -0.8366 1.4173, -1.6339 -0.8366 1.4173, -1.437 -0.8366 1.4173, -1.437 -0.8366 1.3386, -1.3189 -0.8366 1.3386, -1.9094 -0.8366 1.4173, -1.9094 -0.8366 1.3386, -2.0276 -0.8366 1.3386, -1.3189 -0.8366 1.4173, -1.2402 -0.8366 1.4173, -1.6339 -0.8366 1.3386, -1.5157 -0.8366 1.3386, -1.5157 -0.8366 1.4173, -0.8465 -0.8366 1.4173, -0.8465 -0.8366 1.3386, -0.7283 -0.8366 1.3386, -0.7283 -0.8366 1.4173, -0.6496 -0.8366 1.4173, -1.2402 -0.8366 1.3386, -1.122 -0.8366 1.3386, -1.122 -0.8366 1.4173, -1.0433 -0.8366 1.4173, -0.9252 -0.8366 1.4173, -0.9252 -0.8366 1.3386, -1.0433 -0.8366 1.3386, -0.4528 -0.8366 1.4173, -0.4528 -0.8366 1.3386, -0.3346 -0.8366 1.3386, -0.3346 -0.8366 1.4173, -0.2559 -0.8366 1.4173, -0.5315 -0.8366 1.4173, -0.5315 -0.8366 1.3386, -0.6496 -0.8366 1.3386, -0.0591 -0.8366 1.3386, 0.0591 -0.8366 1.3386, -0.0591 -0.8366 1.4173, 0.0591 -0.8366 1.4173, -0.2559 -0.8366 1.3386, -0.1378 -0.8366 1.3386, -0.1378 -0.8366 1.4173, 2.3268 -0.8366 1.6864, 0.1378 -0.8366 1.4173, 0.3346 -0.8366 1.4173, 0.3346 -0.8366 1.3386, 0.4528 -0.8366 1.3386, 0.4528 -0.8366 1.4173, 0.5315 -0.8366 1.4173, 0.2559 -0.8366 1.4173, 0.2559 -0.8366 1.3386, 0.1378 -0.8366 1.3386, 0.7283 -0.8366 1.4173, 0.7283 -0.8366 1.3386, 0.8465 -0.8366 1.3386, 0.8465 -0.8366 1.4173, 0.9252 -0.8366 1.4173, 0.6496 -0.8366 1.4173, 0.6496 -0.8366 1.3386, 0.5315 -0.8366 1.3386, 1.122 -0.8366 1.4173, 1.122 -0.8366 1.3386, 1.2402 -0.8366 1.3386, 1.2402 -0.8366 1.4173, 1.3189 -0.8366 1.4173, 1.0433 -0.8366 1.4173, 1.0433 -0.8366 1.3386, 0.9252 -0.8366 1.3386, 1.3189 -0.8366 1.3386, 1.437 -0.8366 1.3386, 1.437 -0.8366 1.4173, 1.5157 -0.8366 1.4173, 2.2748 -0.8366 1.6672, 1.7126 -0.8366 1.3386, 1.8307 -0.8366 1.3386, 1.7126 -0.8366 1.4173, 1.8307 -0.8366 1.4173, 1.5157 -0.8366 1.3386, 1.6339 -0.8366 1.3386, 1.6339 -0.8366 1.4173, 2.2287 -0.8366 1.6365, 1.9094 -0.8366 1.4173, 2.149 -0.8366 1.4961, 2.1638 -0.8366 1.5474, 2.191 -0.8366 1.5958, -3.6811 0.3445 1.3386, -3.9075 0.3445 1.3386, -3.9075 0.3445 0.9843, 0.3346 0.3445 1.3386, 0.3346 0.3445 1.4173, 0.2559 0.3445 1.4173, 1.6339 0.3445 0.9843, 1.2402 0.3445 1.4173, 1.2402 0.3445 1.3386, 1.5157 0.3445 1.4173, 1.437 0.3445 1.4173, 1.5157 0.3445 1.3386, 1.437 0.3445 1.3386, -0.6496 0.3445 0.9843, -0.6496 0.3445 0.8661, -0.5315 0.3445 0.8661, -0.2559 0.3445 1.4173, -0.3346 0.3445 1.4173, -0.2559 0.3445 1.3386, -0.3346 0.3445 1.3386, 1.9094 0.3445 0.8661, 2.0276 0.3445 0.8661, 1.9094 0.3445 0.9843, 2.0276 0.3445 0.9843, 1.6339 0.3445 1.3386, 1.6339 0.3445 1.4173, 2.1457 0.3445 0.9843, 1.7126 0.3445 1.4173, 1.7126 0.3445 1.3386, 1.8307 0.3445 1.3386, 1.8307 0.3445 1.4173, 1.9094 0.3445 1.4173, -0.0591 0.3445 1.3386, -0.0591 0.3445 1.4173, -0.1378 0.3445 1.4173, 1.3189 0.3445 1.4173, 1.3189 0.3445 1.3386, 1.7126 0.3445 0.9843, 1.8307 0.3445 0.9843, 1.8307 0.3445 0.8661, 1.7126 0.3445 0.8661, -0.4528 0.3445 1.4173, -0.5315 0.3445 1.4173, -0.4528 0.3445 1.3386, -0.5315 0.3445 1.3386, 0.1378 0.3445 1.4173, 0.0591 0.3445 1.4173, 0.1378 0.3445 1.3386, 0.0591 0.3445 1.3386, -0.4528 0.3445 0.9843, -0.1378 0.3445 1.3386, -0.5315 0.3445 0.9843, -0.8465 0.3445 0.8661, -0.7283 0.3445 0.8661, -0.8465 0.3445 0.9843, -0.7283 0.3445 0.9843, 1.122 0.3445 0.9843, 1.0433 0.3445 0.9843, 1.122 0.3445 1.3386, 1.122 0.3445 0.8661, 1.2402 0.3445 0.8661, 1.2402 0.3445 0.9843, 1.5157 0.3445 0.9843, 1.5157 0.3445 0.8661, 1.6339 0.3445 0.8661, -0.2559 0.3445 0.9843, -0.3346 0.3445 0.9843, -0.3346 0.3445 0.8661, -0.4528 0.3445 0.8661, -0.6496 0.3445 1.4173, -0.7283 0.3445 1.4173, -0.6496 0.3445 1.3386, -0.7283 0.3445 1.3386, 0.9252 0.3445 0.8661, 1.0433 0.3445 0.8661, 0.9252 0.3445 0.9843, 1.122 0.3445 1.4173, 1.0433 0.3445 1.4173, 1.0433 0.3445 1.3386, 0.7283 0.3445 0.9843, 0.7283 0.3445 0.8661, 0.8465 0.3445 0.8661, -0.2559 0.3445 0.8661, -0.1378 0.3445 0.8661, -0.1378 0.3445 0.9843, 0.1378 0.3445 0.9843, 0.1378 0.3445 0.8661, 0.2559 0.3445 0.8661, -1.0433 0.3445 0.8661, -0.9252 0.3445 0.8661, -1.0433 0.3445 0.9843, -0.9252 0.3445 0.9843, 0.5315 0.3445 1.3386, 0.6496 0.3445 1.3386, 0.6496 0.3445 1.4173, 1.3189 0.3445 0.9843, 0.3346 0.3445 0.8661, 0.4528 0.3445 0.8661, 0.3346 0.3445 0.9843, 0.4528 0.3445 0.9843, 0.5315 0.3445 1.4173, 0.4528 0.3445 1.4173, 0.4528 0.3445 1.3386, 0.8465 0.3445 0.9843, 0.2559 0.3445 0.9843, -0.8465 0.3445 1.4173, -0.9252 0.3445 1.4173, -0.8465 0.3445 1.3386, -0.9252 0.3445 1.3386, 0.9252 0.3445 1.3386, -1.2402 0.3445 0.8661, -1.122 0.3445 0.8661, -1.2402 0.3445 0.9843, -1.122 0.3445 0.9843, 0.7283 0.3445 1.4173, 0.7283 0.3445 1.3386, 0.8465 0.3445 1.3386, 0.8465 0.3445 1.4173, 0.9252 0.3445 1.4173, 1.3189 0.3445 0.8661, 1.437 0.3445 0.8661, 1.437 0.3445 0.9843, -0.0591 0.3445 0.9843, -1.0433 0.3445 1.4173, -1.122 0.3445 1.4173, -1.0433 0.3445 1.3386, -1.122 0.3445 1.3386, -1.437 0.3445 0.8661, -1.3189 0.3445 0.8661, -1.437 0.3445 0.9843, -1.3189 0.3445 0.9843, 0.2559 0.3445 1.3386, 0.5315 0.3445 0.9843, -0.0591 0.3445 0.8661, 0.0591 0.3445 0.8661, 0.0591 0.3445 0.9843, -1.2402 0.3445 1.4173, -1.3189 0.3445 1.4173, -1.2402 0.3445 1.3386, -1.3189 0.3445 1.3386, 0.5315 0.3445 0.8661, 0.6496 0.3445 0.8661, 0.6496 0.3445 0.9843, -1.6339 0.3445 0.8661, -1.5157 0.3445 0.8661, -1.6339 0.3445 0.9843, -1.5157 0.3445 0.9843, -1.437 0.3445 1.4173, -1.5157 0.3445 1.4173, -1.437 0.3445 1.3386, -1.5157 0.3445 1.3386, -1.8307 0.3445 0.8661, -1.7126 0.3445 0.8661, -1.8307 0.3445 0.9843, -1.7126 0.3445 0.9843, -1.6339 0.3445 1.4173, -1.7126 0.3445 1.4173, -1.6339 0.3445 1.3386, -1.7126 0.3445 1.3386, -2.0276 0.3445 0.8661, -1.9094 0.3445 0.8661, -2.0276 0.3445 0.9843, -1.9094 0.3445 0.9843, -1.8307 0.3445 1.4173, -1.9094 0.3445 1.4173, -1.8307 0.3445 1.3386, -1.9094 0.3445 1.3386, -2.2244 0.3445 0.8661, -2.1063 0.3445 0.8661, -2.2244 0.3445 0.9843, -2.1063 0.3445 0.9843, -2.0276 0.3445 1.4173, -2.1063 0.3445 1.4173, -2.0276 0.3445 1.3386, -2.1063 0.3445 1.3386, -2.4213 0.3445 0.8661, -2.3031 0.3445 0.8661, -2.4213 0.3445 0.9843, -2.3031 0.3445 0.9843, -2.2244 0.3445 1.4173, -2.3031 0.3445 1.4173, -2.2244 0.3445 1.3386, -2.3031 0.3445 1.3386, -2.6181 0.3445 0.8661, -2.5 0.3445 0.8661, -2.6181 0.3445 0.9843, -2.5 0.3445 0.9843, -2.4213 0.3445 1.4173, -2.5 0.3445 1.4173, -2.4213 0.3445 1.3386, -2.5 0.3445 1.3386, -2.815 0.3445 0.8661, -2.6969 0.3445 0.8661, -2.815 0.3445 0.9843, -2.6969 0.3445 0.9843, -2.6181 0.3445 1.4173, -2.6969 0.3445 1.4173, -2.6181 0.3445 1.3386, -2.6969 0.3445 1.3386, -3.0118 0.3445 0.8661, -2.8937 0.3445 0.8661, -3.0118 0.3445 0.9843, -2.8937 0.3445 0.9843, -2.815 0.3445 1.4173, -2.8937 0.3445 1.4173, -2.815 0.3445 1.3386, -2.8937 0.3445 1.3386, -3.2087 0.3445 0.8661, -3.0906 0.3445 0.8661, -3.2087 0.3445 0.9843, -3.0906 0.3445 0.9843, -3.0118 0.3445 1.4173, -3.0906 0.3445 1.4173, -3.0118 0.3445 1.3386, -3.0906 0.3445 1.3386, -3.4055 0.3445 0.8661, -3.2874 0.3445 0.8661, -3.4055 0.3445 0.9843, -3.2874 0.3445 0.9843, -3.6024 0.3445 0.8661, -3.4843 0.3445 0.8661, -3.6024 0.3445 0.9843, -3.4843 0.3445 0.9843, -3.2087 0.3445 1.4173, -3.2874 0.3445 1.4173, -3.2087 0.3445 1.3386, -3.2874 0.3445 1.3386, -3.4055 0.3445 1.3386, -3.6024 0.3445 1.3386, -3.6024 0.3445 1.4173, -3.6811 0.3445 1.4173, -3.4843 0.3445 1.3386, -3.4843 0.3445 1.4173, -3.4055 0.3445 1.4173, 1.7126 -1.4665 0.9843, 1.6339 -1.4665 0.9843, 1.5157 -1.4665 0.9843, 1.437 -1.4665 0.9843, 1.3189 -1.4665 0.9843, 1.2402 -1.4665 0.9843, 1.122 -1.4665 0.9843, 1.0433 -1.4665 0.9843, 0.9252 -1.4665 0.9843, 0.8465 -1.4665 0.9843, 0.7283 -1.4665 0.9843, 0.6496 -1.4665 0.9843, 0.5315 -1.4665 0.9843, 0.4528 -1.4665 0.9843, 0.3346 -1.4665 0.9843, 0.2559 -1.4665 0.9843, 0.1378 -1.4665 0.9843, 0.0591 -1.4665 0.9843, -0.0591 -1.4665 0.9843, -0.1378 -1.4665 0.9843, -0.2559 -1.4665 0.9843, -0.3346 -1.4665 0.9843, -0.4528 -1.4665 0.9843, -0.5315 -1.4665 0.9843, -0.6496 -1.4665 0.9843, -0.7283 -1.4665 0.9843, -0.8465 -1.4665 0.9843, -0.9252 -1.4665 0.9843, -1.0433 -1.4665 0.9843, -1.122 -1.4665 0.9843, -1.2402 -1.4665 0.9843, -1.3189 -1.4665 0.9843, -1.437 -1.4665 0.9843, -1.5157 -1.4665 0.9843, -1.6339 -1.4665 0.9843, -1.7126 -1.4665 0.9843, -1.8307 -1.4665 0.9843, -1.9094 -1.4665 0.9843, -2.0276 -1.4665 0.9843, -2.1063 -1.4665 0.9843, -2.2244 -1.4665 0.9843, -2.3031 -1.4665 0.9843, -2.4213 -1.4665 0.9843, -2.5 -1.4665 0.9843, -2.6181 -1.4665 0.9843, -2.6969 -1.4665 0.9843, -2.815 -1.4665 0.9843, -2.8937 -1.4665 0.9843, -3.0118 -1.4665 0.9843, -3.0906 -1.4665 0.9843, -3.2087 -1.4665 0.9843, -3.2874 -1.4665 0.9843, -3.4055 -1.4665 0.9843, -3.4843 -1.4665 0.9843, -3.9075 -1.5847 0.9843, -3.9075 -1.4665 0.9843, -4.0256 -1.0728 0.9843, -3.6024 -1.4665 0.9843, -3.9075 -0.9547 0.9843, -3.9115 -0.9853 0.9843, -3.9233 -1.0138 0.9843, -3.9421 -1.0382 0.9843, -3.9665 -1.057 0.9843, -3.995 -1.0688 0.9843, 1.9094 -1.4665 0.9843, 1.8307 -1.4665 0.9843, 3.2087 0.3445 0.9843, 3.2087 -1.4665 0.9843, 3.2874 0.3445 0.9843, 3.2874 -1.4665 0.9843, 3.0118 0.3445 0.9843, 3.0118 -1.4665 0.9843, 3.0906 0.3445 0.9843, 3.0906 -1.4665 0.9843, 2.8937 0.3445 0.9843, 2.6181 0.3445 0.9843, 2.8937 -1.4665 0.9843, 2.6181 -0.7972 0.9843, 2.2638 -1.0018 0.9843, 2.2149 -0.9643 0.9843, 2.0276 -1.4665 0.9843, 2.1457 -0.7972 0.9843, 2.6101 -0.8584 0.9843, 2.5865 -0.9154 0.9843, 2.5489 -0.9643 0.9843, 2.3208 -1.0254 0.9843, 2.1773 -0.9154 0.9843, 2.1537 -0.8584 0.9843, 2.5 -1.0018 0.9843, 2.443 -1.0254 0.9843, 2.3819 -1.0335 0.9843, 3.4055 -1.4665 0.9843, 3.4843 -1.4665 0.9843, 3.4055 0.3445 0.9843, 3.4843 0.3445 0.9843, 3.6024 -1.4665 0.9843, 3.9075 -1.4665 0.9843, 3.4055 -0.8366 1.3386, 3.2874 -0.8366 1.3386, 3.4055 0.3445 1.3386, 3.2874 0.3445 1.3386, 3.2087 -0.8366 1.3386, 3.0906 -0.8366 1.3386, 3.2087 0.3445 1.3386, 3.0906 0.3445 1.3386, 3.0118 -0.8366 1.3386, 2.8937 -0.8366 1.3386, 3.0118 0.3445 1.3386, 2.8937 0.3445 1.3386, 2.6181 0.3445 1.3386, 2.815 0.3445 1.3386, 2.6181 -0.7972 1.3386, 2.815 -0.8366 1.3386, 2.6148 -0.8366 1.3386, 3.4843 0.3445 1.3386, 3.6024 0.3445 1.3386, 3.4843 -0.8366 1.3386, 3.6024 -0.8366 1.3386, 4.3012 1.624 0.2756, 4.2224 1.624 0.2756, 4.2224 1.624 0.8661, 4.1043 1.624 0.8661, 3.9075 1.624 1.6929, 4.3012 1.624 1.6929, 4.0256 -1.0728 1.5748, 4.0256 -1.0728 0.9843, 4.3012 -1.0728 1.5748, 4.3012 -1.0728 0.9843, -4.2404 -1.6634 0.1135, -3.955 -1.6634 0.1135, -3.955 -1.6634 0.8389, -3.9075 -1.6634 0.9055, -4.2404 -1.6634 0.8389, 4.3012 0.8366 0.2756, 4.3012 -1.0688 1.6054, 4.3012 -1.5847 0.9843, 4.3012 -0.9547 1.6929, 4.3012 -0.9853 1.6889, 4.3012 -1.0138 1.6771, 4.3012 -1.0382 1.6583, 4.3012 -1.057 1.6339, 4.0256 -0.8366 1.6929, 4.0256 -0.9547 1.6929, -4.0256 -0.9547 1.6929, 3.9075 1.2303 1.6929, -3.5181 0.9131 1.6929, -3.6209 1.0918 1.6929, -3.9075 1.2303 1.6929, -3.7066 0.9131 1.6929, -4.0256 -1.0728 1.5748, 3.9075 -1.5847 0.9843, 3.9421 -1.0382 0.9843, 3.9233 -1.0138 0.9843, 3.9075 0.3445 0.9843, 3.6024 0.3445 0.9843, 3.9075 -0.9547 0.9843, 3.9115 -0.9853 0.9843, 3.995 -1.0688 0.9843, 3.9665 -1.057 0.9843, 3.9075 0.3445 1.3386, 3.9075 -0.8366 1.3386, 3.9075 -0.8366 1.5748, 3.9075 -0.9547 1.5748, -3.9075 -0.9547 1.5748, 3.9233 -0.8366 1.6339, 3.9421 -0.8366 1.6583, 3.6811 -0.8366 1.4173, 2.6148 -0.8366 1.4961, 2.815 -0.8366 1.4173, 2.6 -0.8366 1.5474, 2.5728 -0.8366 1.5958, 2.437 -0.8366 1.6864, 2.8937 -0.8366 1.4173, 3.0118 -0.8366 1.4173, 3.995 -0.8366 1.6889, 2.489 -0.8366 1.6672, 2.5351 -0.8366 1.6365, 3.0906 -0.8366 1.4173, 3.2087 -0.8366 1.4173, 3.2874 -0.8366 1.4173, 3.9665 -0.8366 1.6771, 3.4843 -0.8366 1.4173, 3.6024 -0.8366 1.4173, 3.9115 -0.8366 1.6054, 3.4055 -0.8366 1.4173, 3.6811 -0.8366 1.3386, 3.6811 0.3445 1.3386, 2.8937 0.3445 0.8661, 3.0118 0.3445 0.8661, 3.0906 0.3445 0.8661, 3.2087 0.3445 0.8661, 2.8937 0.3445 1.4173, 2.815 0.3445 1.4173, 3.0118 0.3445 1.4173, 3.0906 0.3445 1.4173, 3.2874 0.3445 1.4173, 3.2087 0.3445 1.4173, 3.2874 0.3445 0.8661, 3.4055 0.3445 0.8661, 3.4843 0.3445 0.8661, 3.6024 0.3445 0.8661, 3.4843 0.3445 1.4173, 3.4055 0.3445 1.4173, 3.6811 0.3445 1.4173, 3.6024 0.3445 1.4173, 1.6339 1.2303 1.4961, 1.5157 1.2303 1.4961, 3.2087 1.2303 1.4961, 3.6811 1.2303 1.4961, 3.6024 1.2303 1.4961, 3.0906 1.2303 1.4961, 3.0118 1.2303 1.4961, 1.0433 1.2303 1.4961, 3.4843 1.2303 1.4961, 3.4055 1.2303 1.4961, 2.8937 1.2303 1.4961, 2.815 1.2303 1.4961, 1.9094 1.2303 1.4961, 1.8307 1.2303 1.4961, 3.2874 1.2303 1.4961, 0.9252 1.2303 1.4961, 0.8465 1.2303 1.4961, 1.7126 1.2303 1.4961, 1.437 1.2303 1.4961, 0.4528 1.2303 1.4961, 1.3189 1.2303 1.4961, 1.2402 1.2303 1.4961, 1.122 1.2303 1.4961, 0.7283 1.2303 1.4961, 0.6496 1.2303 1.4961, 0.3346 1.2303 1.4961, 0.2559 1.2303 1.4961, -0.1378 1.2303 1.4961, 0.5315 1.2303 1.4961, -0.2559 1.2303 1.4961, -0.3346 1.2303 1.4961, -0.5315 1.2303 1.4961, 0.1378 1.2303 1.4961, 0.0591 1.2303 1.4961, -0.0591 1.2303 1.4961, -0.6496 1.2303 1.4961, -0.7283 1.2303 1.4961, -0.9252 1.2303 1.4961, -0.4528 1.2303 1.4961, -1.0433 1.2303 1.4961, -1.122 1.2303 1.4961, -0.8465 1.2303 1.4961, -1.3189 1.2303 1.4961, -1.437 1.2303 1.4961, -1.5157 1.2303 1.4961, -1.2402 1.2303 1.4961, -1.7126 1.2303 1.4961, -1.8307 1.2303 1.4961, -1.9094 1.2303 1.4961, -1.6339 1.2303 1.4961, -2.1063 1.2303 1.4961, -2.2244 1.2303 1.4961, -2.3031 1.2303 1.4961, -2.0276 1.2303 1.4961, -2.5 1.2303 1.4961, -2.6181 1.2303 1.4961, -2.6969 1.2303 1.4961, -2.4213 1.2303 1.4961, -2.8937 1.2303 1.4961, -3.0118 1.2303 1.4961, -3.0906 1.2303 1.4961, -2.815 1.2303 1.4961, -3.2874 1.2303 1.4961, -3.4055 1.2303 1.4961, -3.4843 1.2303 1.4961, -3.2087 1.2303 1.4961, -3.6811 1.2303 1.4961, -3.6024 1.2303 1.4961, 3.6024 1.0335 1.4961, 3.6811 1.0335 1.4961
            ]
        }
        coordIndex [
            0,1,2,-1,3,4,5,-1,6,7,8,-1,8,7,9,-1,6,10,7,-1,7,10,11,-1,7,11,12,-1,13,14,15,-1,11,16,12,-1,12,16,17,-1,12,17,18,-1,18,19,12,-1,12,19,20,-1,12,20,21,-1,22,23,24,-1,24,23,25,-1,22,26,23,-1,23,26,27,-1,23,27,15,-1,15,27,28,-1,15,28,13,-1,29,30,7,-1,7,30,31,-1,31,32,33,-1,9,7,34,-1,34,7,31,-1,34,31,35,-1,35,31,33,-1,35,33,36,-1,14,37,15,-1,15,37,38,-1,15,38,39,-1,39,38,40,-1,39,40,33,-1,33,40,41,-1,33,41,36,-1,42,15,43,-1,43,15,39,-1,43,39,44,-1,44,39,45,-1,46,47,48,-1,49,3,15,-1,48,49,46,-1,46,49,15,-1,46,15,50,-1,50,15,42,-1,50,42,51,-1,51,42,52,-1,53,54,55,-1,55,54,56,-1,56,57,58,-1,59,60,61,-1,62,61,63,-1,63,61,60,-1,63,60,64,-1,64,60,65,-1,66,67,68,-1,69,70,61,-1,68,69,66,-1,66,69,61,-1,66,61,71,-1,71,61,62,-1,71,62,72,-1,72,62,73,-1,74,75,76,-1,77,78,61,-1,76,77,74,-1,74,77,61,-1,74,61,79,-1,79,61,70,-1,79,70,80,-1,80,70,81,-1,82,83,84,-1,84,83,61,-1,84,61,85,-1,85,61,78,-1,86,87,88,-1,88,87,89,-1,89,90,91,-1,92,93,55,-1,94,95,96,-1,97,98,55,-1,96,97,94,-1,94,97,55,-1,94,55,99,-1,99,55,93,-1,99,93,100,-1,100,93,101,-1,102,103,104,-1,105,106,55,-1,104,105,102,-1,102,105,55,-1,102,55,107,-1,107,55,98,-1,107,98,108,-1,108,98,109,-1,110,111,112,-1,113,114,55,-1,112,113,110,-1,110,113,55,-1,110,55,115,-1,115,55,106,-1,115,106,116,-1,116,106,117,-1,118,119,120,-1,120,53,118,-1,118,53,55,-1,118,55,121,-1,121,55,114,-1,121,114,122,-1,122,114,123,-1,124,125,88,-1,126,127,128,-1,128,86,126,-1,126,86,88,-1,126,88,129,-1,129,88,125,-1,129,125,130,-1,130,125,131,-1,132,133,134,-1,134,133,135,-1,134,136,137,-1,124,137,138,-1,138,137,136,-1,138,136,139,-1,139,136,140,-1,141,133,142,-1,142,133,132,-1,142,132,143,-1,143,132,144,-1,143,144,145,-1,145,144,146,-1,5,147,148,-1,3,5,15,-1,15,5,148,-1,15,148,149,-1,149,150,151,-1,152,153,2,-1,154,2,155,-1,155,2,153,-1,155,153,156,-1,156,153,157,-1,158,159,160,-1,161,162,2,-1,160,161,158,-1,158,161,2,-1,158,2,163,-1,163,2,154,-1,163,154,164,-1,164,154,165,-1,166,167,168,-1,169,170,2,-1,168,169,166,-1,166,169,2,-1,166,2,171,-1,171,2,162,-1,171,162,172,-1,172,162,173,-1,174,175,176,-1,176,0,174,-1,174,0,2,-1,174,2,177,-1,177,2,170,-1,177,170,178,-1,178,170,179,-1,180,181,182,-1,182,181,183,-1,183,184,185,-1,186,187,188,-1,189,190,185,-1,188,189,186,-1,186,189,185,-1,186,185,191,-1,191,185,184,-1,191,184,192,-1,192,184,193,-1,194,195,196,-1,196,197,194,-1,194,197,185,-1,194,185,198,-1,198,185,190,-1,198,190,199,-1,199,190,200,-1,197,201,185,-1,185,201,202,-1,185,202,203,-1,204,205,203,-1,203,205,206,-1,203,206,185,-1,185,206,207,-1,208,209,210,-1,211,212,213,-1,214,215,182,-1,216,182,217,-1,217,182,215,-1,217,215,218,-1,218,215,219,-1,220,221,222,-1,223,224,182,-1,222,223,220,-1,220,223,182,-1,220,182,225,-1,225,182,216,-1,225,216,226,-1,226,216,227,-1,228,229,230,-1,231,232,182,-1,230,231,228,-1,228,231,182,-1,228,182,233,-1,233,182,224,-1,233,224,234,-1,234,224,235,-1,236,180,237,-1,237,180,182,-1,237,182,238,-1,238,182,232,-1,238,232,239,-1,239,232,240,-1,241,242,243,-1,243,242,244,-1,243,244,245,-1,245,244,246,-1,213,214,211,-1,211,214,182,-1,211,182,210,-1,210,182,242,-1,210,242,208,-1,208,242,241,-1,208,241,247,-1,248,249,250,-1,250,249,251,-1,250,252,253,-1,254,253,255,-1,255,253,252,-1,255,252,256,-1,256,252,257,-1,258,259,248,-1,260,249,261,-1,261,249,248,-1,261,248,262,-1,262,248,259,-1,262,259,263,-1,263,259,264,-1,265,266,267,-1,267,266,268,-1,269,270,271,-1,271,270,272,-1,271,272,273,-1,273,272,274,-1,275,276,277,-1,278,279,270,-1,277,278,275,-1,275,278,270,-1,275,270,280,-1,280,270,269,-1,280,269,281,-1,281,269,282,-1,283,284,285,-1,286,287,270,-1,285,286,283,-1,283,286,270,-1,283,270,288,-1,288,270,279,-1,288,279,289,-1,289,279,290,-1,291,292,293,-1,294,295,270,-1,293,294,291,-1,291,294,270,-1,291,270,296,-1,296,270,287,-1,296,287,297,-1,297,287,298,-1,299,300,301,-1,301,300,270,-1,301,270,302,-1,302,270,295,-1,302,295,303,-1,303,295,304,-1,305,306,265,-1,307,308,306,-1,306,308,309,-1,310,311,312,-1,313,314,265,-1,312,313,310,-1,310,313,265,-1,310,265,315,-1,315,265,306,-1,315,306,316,-1,316,306,309,-1,317,318,319,-1,320,321,265,-1,319,320,317,-1,317,320,265,-1,317,265,322,-1,322,265,314,-1,322,314,323,-1,323,314,324,-1,325,326,327,-1,328,329,265,-1,327,328,325,-1,325,328,265,-1,325,265,330,-1,330,265,321,-1,330,321,331,-1,331,321,332,-1,333,266,334,-1,334,266,265,-1,334,265,335,-1,335,265,329,-1,335,329,336,-1,336,329,337,-1,338,305,339,-1,340,341,342,-1,342,341,253,-1,343,253,344,-1,344,253,254,-1,344,254,244,-1,343,345,253,-1,253,345,346,-1,253,346,342,-1,342,346,347,-1,342,347,348,-1,348,347,349,-1,348,349,350,-1,350,351,348,-1,348,351,352,-1,348,352,353,-1,354,355,348,-1,348,355,356,-1,357,358,359,-1,359,358,360,-1,356,361,348,-1,348,361,360,-1,348,360,362,-1,362,360,358,-1,353,363,348,-1,348,363,364,-1,348,364,354,-1,365,366,367,-1,366,368,367,-1,367,368,369,-1,367,369,370,-1,371,372,242,-1,242,372,373,-1,242,373,374,-1,374,375,242,-1,242,375,376,-1,242,376,244,-1,244,376,377,-1,244,377,344,-1,370,378,367,-1,367,378,379,-1,367,379,242,-1,242,379,380,-1,242,380,371,-1,340,381,341,-1,341,381,382,-1,341,382,383,-1,383,382,384,-1,383,384,385,-1,365,367,386,-1,386,367,387,-1,386,387,385,-1,385,387,383,-1,383,387,2,-1,383,2,132,-1,132,2,1,-1,132,1,144,-1,388,389,61,-1,390,391,392,-1,389,393,61,-1,61,393,394,-1,61,394,395,-1,396,397,398,-1,398,397,399,-1,398,399,400,-1,58,59,56,-1,56,59,61,-1,56,61,55,-1,55,61,395,-1,55,395,401,-1,401,402,55,-1,55,402,403,-1,55,403,404,-1,391,405,392,-1,392,405,406,-1,392,406,407,-1,407,408,392,-1,392,408,409,-1,392,409,61,-1,61,409,410,-1,61,410,388,-1,404,411,55,-1,55,411,412,-1,55,412,398,-1,398,412,413,-1,398,413,396,-1,134,137,132,-1,132,137,414,-1,132,414,383,-1,383,414,415,-1,383,415,341,-1,183,185,182,-1,182,185,416,-1,182,416,417,-1,417,416,12,-1,417,12,23,-1,23,12,21,-1,23,21,25,-1,418,242,419,-1,419,242,182,-1,419,182,420,-1,420,182,417,-1,420,417,367,-1,367,417,23,-1,367,23,387,-1,387,23,15,-1,387,15,2,-1,2,15,149,-1,2,149,152,-1,152,149,151,-1,418,421,242,-1,242,421,422,-1,242,422,367,-1,367,422,423,-1,367,423,420,-1,250,253,248,-1,248,253,424,-1,248,424,425,-1,425,426,427,-1,428,429,415,-1,430,431,429,-1,429,431,432,-1,429,432,415,-1,415,432,433,-1,415,433,341,-1,341,433,434,-1,341,434,253,-1,253,434,435,-1,253,435,424,-1,427,428,425,-1,425,428,415,-1,425,415,248,-1,248,415,436,-1,248,436,437,-1,438,439,440,-1,440,439,441,-1,442,443,270,-1,270,443,444,-1,270,444,445,-1,438,446,439,-1,439,446,447,-1,439,447,448,-1,437,442,248,-1,248,442,270,-1,248,270,258,-1,258,270,300,-1,258,300,449,-1,445,450,270,-1,270,450,451,-1,270,451,452,-1,124,88,137,-1,137,88,453,-1,137,453,414,-1,414,453,439,-1,414,439,415,-1,415,439,448,-1,415,448,436,-1,452,454,270,-1,270,454,455,-1,270,455,439,-1,439,455,456,-1,439,456,441,-1,457,458,459,-1,459,458,265,-1,459,265,270,-1,270,265,267,-1,270,267,272,-1,91,92,89,-1,89,92,55,-1,89,55,88,-1,88,55,398,-1,88,398,453,-1,453,398,458,-1,453,458,439,-1,439,458,457,-1,439,457,460,-1,461,462,460,-1,460,462,463,-1,460,463,439,-1,439,463,464,-1,439,464,270,-1,270,464,465,-1,270,465,459,-1,305,265,339,-1,339,265,458,-1,339,458,466,-1,466,458,398,-1,466,398,392,-1,392,398,400,-1,392,400,390,-1,338,339,467,-1,467,339,466,-1,467,466,468,-1,468,466,392,-1,468,392,469,-1,469,392,61,-1,469,61,470,-1,470,61,83,-1,470,83,471,-1,472,473,474,-1,474,473,475,-1,474,475,476,-1,476,475,30,-1,476,30,477,-1,477,30,29,-1,477,29,472,-1,472,29,473,-1,308,307,478,-1,479,480,481,-1,481,480,482,-1,481,482,478,-1,478,482,483,-1,478,483,308,-1,484,485,479,-1,479,485,480,-1,482,480,486,-1,486,480,485,-1,470,471,487,-1,485,338,486,-1,486,338,467,-1,486,467,488,-1,467,468,489,-1,468,469,489,-1,489,469,470,-1,489,470,490,-1,490,470,487,-1,489,491,467,-1,467,491,492,-1,467,492,493,-1,493,494,467,-1,467,494,495,-1,467,495,488,-1,496,497,498,-1,498,497,499,-1,498,499,500,-1,501,502,503,-1,503,502,504,-1,503,504,505,-1,506,507,508,-1,508,507,509,-1,508,509,510,-1,510,509,511,-1,510,511,504,-1,504,511,512,-1,504,512,505,-1,513,514,515,-1,516,517,510,-1,510,517,518,-1,510,518,508,-1,508,518,519,-1,520,521,508,-1,522,523,524,-1,515,520,513,-1,513,520,508,-1,513,508,525,-1,525,508,519,-1,525,519,526,-1,526,519,527,-1,528,529,508,-1,530,531,532,-1,533,534,521,-1,521,534,535,-1,521,535,508,-1,508,535,536,-1,537,538,536,-1,536,538,539,-1,536,539,508,-1,508,539,522,-1,508,522,528,-1,528,522,524,-1,540,541,508,-1,542,543,544,-1,532,540,530,-1,530,540,508,-1,530,508,545,-1,545,508,529,-1,545,529,546,-1,546,529,547,-1,548,549,508,-1,550,551,552,-1,544,548,542,-1,542,548,508,-1,542,508,553,-1,553,508,541,-1,553,541,554,-1,554,541,555,-1,556,557,508,-1,558,559,549,-1,549,559,560,-1,549,560,508,-1,508,560,550,-1,508,550,556,-1,556,550,552,-1,561,562,563,-1,564,565,508,-1,566,567,557,-1,557,567,568,-1,557,568,508,-1,508,568,569,-1,563,564,561,-1,561,564,508,-1,561,508,570,-1,570,508,569,-1,570,569,571,-1,571,569,572,-1,573,574,575,-1,576,577,508,-1,575,576,573,-1,573,576,508,-1,573,508,578,-1,578,508,565,-1,578,565,579,-1,579,565,580,-1,581,582,583,-1,583,582,584,-1,585,586,577,-1,577,586,587,-1,577,587,508,-1,508,587,583,-1,508,583,588,-1,588,583,584,-1,588,584,589,-1,590,591,592,-1,593,594,588,-1,592,593,590,-1,590,593,588,-1,590,588,595,-1,595,588,589,-1,595,589,596,-1,596,589,597,-1,598,599,600,-1,601,602,588,-1,600,601,598,-1,598,601,588,-1,598,588,603,-1,603,588,594,-1,603,594,604,-1,604,594,605,-1,606,607,608,-1,609,610,588,-1,608,609,606,-1,606,609,588,-1,606,588,611,-1,611,588,602,-1,611,602,612,-1,612,602,613,-1,614,615,610,-1,610,615,616,-1,610,616,588,-1,588,616,617,-1,588,617,618,-1,619,620,621,-1,621,620,622,-1,623,624,617,-1,617,624,625,-1,617,625,618,-1,618,625,621,-1,618,621,626,-1,626,621,622,-1,626,622,627,-1,498,500,627,-1,627,500,628,-1,628,629,627,-1,627,629,630,-1,627,630,626,-1,631,632,633,-1,634,635,636,-1,637,638,639,-1,640,641,642,-1,642,641,643,-1,644,645,646,-1,647,648,649,-1,649,648,650,-1,651,652,653,-1,653,652,654,-1,653,654,655,-1,655,654,656,-1,657,497,654,-1,654,497,496,-1,658,656,659,-1,659,656,654,-1,659,654,660,-1,660,654,496,-1,660,496,661,-1,661,496,662,-1,663,664,665,-1,666,638,667,-1,667,638,637,-1,667,637,643,-1,643,637,668,-1,655,642,653,-1,653,642,643,-1,653,643,669,-1,669,643,668,-1,669,668,670,-1,670,668,671,-1,672,673,674,-1,674,673,675,-1,676,677,678,-1,678,677,679,-1,680,681,682,-1,682,681,649,-1,683,684,685,-1,685,684,686,-1,687,639,688,-1,688,639,689,-1,690,691,692,-1,693,694,695,-1,696,681,697,-1,697,681,680,-1,697,680,698,-1,698,680,699,-1,700,701,702,-1,702,701,703,-1,704,705,706,-1,706,705,688,-1,707,708,709,-1,710,711,712,-1,713,714,715,-1,716,717,718,-1,719,720,721,-1,721,720,722,-1,723,706,724,-1,724,706,688,-1,724,688,725,-1,726,639,692,-1,692,639,687,-1,692,687,690,-1,727,728,729,-1,729,728,730,-1,731,732,723,-1,723,732,733,-1,723,733,706,-1,706,733,734,-1,735,729,681,-1,736,737,738,-1,738,737,739,-1,740,688,709,-1,709,688,689,-1,709,689,707,-1,741,742,743,-1,743,742,744,-1,745,725,746,-1,746,725,688,-1,746,688,747,-1,747,688,740,-1,747,740,748,-1,748,740,749,-1,750,751,726,-1,726,751,752,-1,726,752,639,-1,639,752,693,-1,639,693,637,-1,637,693,695,-1,753,681,715,-1,715,681,696,-1,715,696,713,-1,754,755,756,-1,756,755,757,-1,758,759,760,-1,760,759,761,-1,636,762,634,-1,634,762,730,-1,634,730,733,-1,733,730,763,-1,665,681,663,-1,663,681,729,-1,663,729,679,-1,679,729,730,-1,679,730,678,-1,678,730,762,-1,764,765,753,-1,753,765,766,-1,753,766,681,-1,681,766,716,-1,681,716,735,-1,735,716,718,-1,767,768,769,-1,769,768,770,-1,771,772,763,-1,763,772,773,-1,763,773,733,-1,733,773,710,-1,733,710,734,-1,734,710,712,-1,774,775,776,-1,776,775,777,-1,778,779,780,-1,780,779,781,-1,782,783,784,-1,784,783,785,-1,786,787,788,-1,788,787,789,-1,790,791,792,-1,792,791,793,-1,794,795,796,-1,796,795,797,-1,798,799,800,-1,800,799,801,-1,802,803,804,-1,804,803,805,-1,806,807,808,-1,808,807,809,-1,810,811,812,-1,812,811,813,-1,814,815,816,-1,816,815,817,-1,818,819,820,-1,820,819,821,-1,822,823,824,-1,824,823,825,-1,826,827,828,-1,828,827,829,-1,830,831,832,-1,832,831,833,-1,834,835,836,-1,836,835,837,-1,838,839,840,-1,840,839,841,-1,842,843,844,-1,844,843,845,-1,846,847,848,-1,848,847,849,-1,850,851,852,-1,852,851,853,-1,854,855,856,-1,856,855,857,-1,646,682,644,-1,644,682,649,-1,644,649,686,-1,686,649,650,-1,686,650,685,-1,685,650,674,-1,685,674,722,-1,722,674,675,-1,722,675,721,-1,721,675,702,-1,721,702,744,-1,744,702,703,-1,744,703,743,-1,743,703,738,-1,743,738,761,-1,761,738,739,-1,761,739,760,-1,760,739,756,-1,760,756,777,-1,777,756,757,-1,777,757,776,-1,776,757,769,-1,776,769,785,-1,785,769,770,-1,785,770,784,-1,784,770,780,-1,784,780,793,-1,793,780,781,-1,793,781,792,-1,792,781,788,-1,792,788,801,-1,801,788,789,-1,801,789,800,-1,800,789,796,-1,800,796,809,-1,809,796,797,-1,809,797,808,-1,808,797,804,-1,808,804,817,-1,817,804,805,-1,817,805,816,-1,816,805,812,-1,816,812,825,-1,825,812,813,-1,825,813,824,-1,824,813,820,-1,824,820,833,-1,833,820,821,-1,833,821,832,-1,832,821,828,-1,832,828,841,-1,841,828,829,-1,841,829,840,-1,840,829,836,-1,840,836,849,-1,849,836,837,-1,849,837,848,-1,848,837,844,-1,848,844,853,-1,853,844,845,-1,853,845,852,-1,858,633,857,-1,857,633,852,-1,857,852,856,-1,856,852,845,-1,859,860,861,-1,861,631,859,-1,859,631,633,-1,859,633,862,-1,862,633,858,-1,862,858,863,-1,863,858,864,-1,668,637,865,-1,865,637,866,-1,693,752,867,-1,867,752,868,-1,726,692,869,-1,869,692,870,-1,687,688,871,-1,871,688,872,-1,706,734,873,-1,873,734,874,-1,710,773,875,-1,875,773,876,-1,763,730,877,-1,877,730,878,-1,729,735,879,-1,879,735,880,-1,716,766,881,-1,881,766,882,-1,753,715,883,-1,883,715,884,-1,696,697,885,-1,885,697,886,-1,680,682,887,-1,887,682,888,-1,644,686,889,-1,889,686,890,-1,685,722,891,-1,891,722,892,-1,721,744,893,-1,893,744,894,-1,743,761,895,-1,895,761,896,-1,760,777,897,-1,897,777,898,-1,776,785,899,-1,899,785,900,-1,784,793,901,-1,901,793,902,-1,792,801,903,-1,903,801,904,-1,800,809,905,-1,905,809,906,-1,808,817,907,-1,907,817,908,-1,816,825,909,-1,909,825,910,-1,824,833,911,-1,911,833,912,-1,832,841,913,-1,913,841,914,-1,840,849,915,-1,915,849,916,-1,848,853,917,-1,917,853,918,-1,490,919,489,-1,489,919,920,-1,489,920,921,-1,922,852,633,-1,633,923,922,-1,922,923,924,-1,922,924,925,-1,925,926,922,-1,922,926,927,-1,922,927,920,-1,920,927,928,-1,920,928,921,-1,866,156,865,-1,865,156,157,-1,868,164,867,-1,867,164,165,-1,870,160,869,-1,869,160,159,-1,872,172,871,-1,871,172,173,-1,874,168,873,-1,873,168,167,-1,876,178,875,-1,875,178,179,-1,878,176,877,-1,877,176,175,-1,880,145,879,-1,879,145,146,-1,882,135,881,-1,881,135,141,-1,884,139,883,-1,883,139,140,-1,886,130,885,-1,885,130,131,-1,888,128,887,-1,887,128,127,-1,890,91,889,-1,889,91,90,-1,892,100,891,-1,891,100,101,-1,894,96,893,-1,893,96,95,-1,896,108,895,-1,895,108,109,-1,898,104,897,-1,897,104,103,-1,900,116,899,-1,899,116,117,-1,902,112,901,-1,901,112,111,-1,904,122,903,-1,903,122,123,-1,906,120,905,-1,905,120,119,-1,908,58,907,-1,907,58,57,-1,910,64,909,-1,909,64,65,-1,912,72,911,-1,911,72,73,-1,914,68,913,-1,913,68,67,-1,916,80,915,-1,915,80,81,-1,918,76,917,-1,917,76,75,-1,920,84,922,-1,922,84,85,-1,929,653,930,-1,930,653,669,-1,151,150,930,-1,930,150,929,-1,931,932,933,-1,933,932,934,-1,935,936,937,-1,937,936,938,-1,939,940,941,-1,941,940,942,-1,943,944,945,-1,657,654,946,-1,946,654,945,-1,942,947,941,-1,941,947,948,-1,941,948,949,-1,943,945,950,-1,944,951,945,-1,945,951,952,-1,945,952,946,-1,949,953,941,-1,941,953,954,-1,941,954,945,-1,945,954,955,-1,945,955,950,-1,44,45,956,-1,956,45,957,-1,934,932,52,-1,52,932,51,-1,938,936,47,-1,47,936,48,-1,956,957,958,-1,958,957,959,-1,32,31,960,-1,960,31,961,-1,624,623,655,-1,655,623,642,-1,615,614,643,-1,643,614,667,-1,608,607,639,-1,639,607,689,-1,612,613,709,-1,709,613,740,-1,600,599,747,-1,747,599,746,-1,604,605,724,-1,724,605,723,-1,592,591,733,-1,733,591,634,-1,596,597,762,-1,762,597,678,-1,582,581,679,-1,679,581,663,-1,586,585,681,-1,681,585,649,-1,575,574,650,-1,650,574,674,-1,579,580,675,-1,675,580,702,-1,563,562,703,-1,703,562,738,-1,571,572,739,-1,739,572,756,-1,567,566,757,-1,757,566,769,-1,552,551,770,-1,770,551,780,-1,559,558,781,-1,781,558,788,-1,544,543,789,-1,789,543,796,-1,554,555,797,-1,797,555,804,-1,532,531,805,-1,805,531,812,-1,546,547,813,-1,813,547,820,-1,524,523,821,-1,821,523,828,-1,538,537,829,-1,829,537,836,-1,534,533,837,-1,837,533,844,-1,515,514,845,-1,845,514,856,-1,526,527,857,-1,857,527,858,-1,517,516,862,-1,862,516,859,-1,502,501,631,-1,631,501,632,-1,659,660,619,-1,619,660,620,-1,962,963,964,-1,964,963,965,-1,966,967,968,-1,968,967,969,-1,970,971,972,-1,972,971,973,-1,974,975,976,-1,976,975,977,-1,976,977,978,-1,979,980,981,-1,981,980,982,-1,983,984,985,-1,205,204,986,-1,986,204,987,-1,986,987,985,-1,985,987,988,-1,985,988,983,-1,989,990,991,-1,991,990,992,-1,487,471,993,-1,993,471,83,-1,993,83,994,-1,994,83,82,-1,994,82,995,-1,995,82,996,-1,995,996,997,-1,997,996,487,-1,997,487,993,-1,185,207,998,-1,992,416,991,-1,991,416,185,-1,991,185,999,-1,473,29,1000,-1,1000,29,7,-1,1000,7,992,-1,992,7,12,-1,992,12,416,-1,983,988,998,-1,998,988,1001,-1,998,1001,185,-1,185,1001,1002,-1,185,1002,1003,-1,1003,1004,185,-1,185,1004,1005,-1,185,1005,999,-1,1006,1007,1001,-1,486,1008,506,-1,988,987,1009,-1,1010,1009,1011,-1,1011,1009,1012,-1,1011,1012,1013,-1,1001,988,1006,-1,1006,988,1009,-1,1006,1009,508,-1,508,1009,1010,-1,508,1010,506,-1,506,1010,1013,-1,506,1013,486,-1,486,1013,1012,-1,486,1012,482,-1,482,1012,483,-1,1014,491,921,-1,921,491,489,-1,1015,1000,961,-1,961,1000,992,-1,960,1016,1017,-1,1018,1019,1020,-1,1020,1019,960,-1,1020,960,1021,-1,1021,960,1017,-1,992,990,961,-1,961,990,1022,-1,961,1022,960,-1,960,1022,1023,-1,960,1023,1016,-1,1024,1018,1025,-1,1025,1018,1020,-1,1025,1020,1026,-1,1026,1020,1027,-1,503,1028,501,-1,501,1028,923,-1,501,923,632,-1,632,923,633,-1,1029,1030,1031,-1,978,977,1032,-1,1032,977,1033,-1,1032,1033,1034,-1,1034,1033,1035,-1,1006,508,1036,-1,971,970,1037,-1,1037,970,1038,-1,1006,1036,1039,-1,1039,1036,1040,-1,1039,1040,1041,-1,1035,1033,1041,-1,1041,1033,1037,-1,1041,1037,1039,-1,1039,1037,1038,-1,1039,1038,1042,-1,967,966,1042,-1,1042,966,1043,-1,1042,1043,1039,-1,1039,1043,1044,-1,1039,1044,1045,-1,981,982,1046,-1,1046,982,1047,-1,1029,1031,1048,-1,963,962,1044,-1,1044,962,1049,-1,1044,1049,1045,-1,1045,1049,1046,-1,1045,1046,1030,-1,1030,1046,1047,-1,1030,1047,1031,-1,1050,1025,1031,-1,1031,1025,1026,-1,1031,1026,1048,-1,1051,1024,1050,-1,1050,1024,1025,-1,1019,1018,1024,-1,975,974,940,-1,1052,1053,939,-1,939,1053,935,-1,939,968,940,-1,940,968,969,-1,1054,1055,937,-1,937,1055,931,-1,973,1056,1057,-1,1057,975,973,-1,973,975,940,-1,973,940,972,-1,972,940,969,-1,972,969,1058,-1,1058,969,1059,-1,937,964,935,-1,935,964,965,-1,935,965,939,-1,939,965,1060,-1,939,1060,968,-1,968,1060,1061,-1,1062,1063,933,-1,933,1063,958,-1,959,1064,1065,-1,933,980,931,-1,931,980,979,-1,931,979,937,-1,937,979,1066,-1,937,1066,964,-1,964,1066,1067,-1,1065,1019,959,-1,959,1019,1024,-1,959,1024,958,-1,958,1024,1051,-1,958,1051,933,-1,933,1051,1068,-1,933,1068,980,-1,980,1068,1069,-1,1015,961,475,-1,475,961,31,-1,475,31,30,-1,996,82,919,-1,919,82,84,-1,919,84,920,-1,147,4,945,-1,945,4,941,-1,1009,987,203,-1,203,987,204,-1,309,308,1012,-1,1012,308,483,-1,230,229,1070,-1,1070,229,1071,-1,1072,188,187,-1,203,202,1009,-1,1009,202,1073,-1,1009,1073,1074,-1,1009,1075,1076,-1,1077,226,227,-1,196,195,1074,-1,1074,195,1078,-1,1074,1078,1009,-1,1009,1078,1079,-1,192,193,1076,-1,1076,193,1080,-1,1076,1080,1009,-1,1009,1080,1081,-1,181,236,1081,-1,1081,236,1082,-1,1081,1082,1009,-1,1009,1082,1083,-1,199,200,1079,-1,1079,200,1084,-1,1079,1084,1009,-1,1009,1084,1072,-1,1009,1072,1075,-1,1075,1072,187,-1,1085,1086,1012,-1,239,240,1083,-1,1083,240,1087,-1,1083,1087,1009,-1,1009,1087,1070,-1,1009,1070,1012,-1,1012,1070,1071,-1,1012,1071,1088,-1,1089,209,247,-1,234,235,1088,-1,1088,235,1090,-1,1088,1090,1012,-1,1012,1090,1091,-1,222,221,1091,-1,1091,221,1092,-1,1091,1092,1012,-1,1012,1092,1077,-1,1012,1077,1085,-1,1085,1077,227,-1,218,219,1086,-1,1086,219,1093,-1,1086,1093,1012,-1,1012,1093,1094,-1,1095,1096,1012,-1,1097,251,260,-1,247,1095,1089,-1,1089,1095,1012,-1,1089,1012,1098,-1,1098,1012,1094,-1,1098,1094,212,-1,212,1094,213,-1,1099,1100,1012,-1,1101,449,299,-1,245,246,1096,-1,1096,246,1102,-1,1096,1102,1012,-1,1012,1102,1103,-1,256,257,1103,-1,1103,257,1104,-1,1103,1104,1012,-1,1012,1104,1097,-1,1012,1097,1099,-1,1099,1097,260,-1,1105,1106,1012,-1,1107,293,292,-1,263,264,1100,-1,1100,264,1108,-1,1100,1108,1012,-1,1012,1108,1101,-1,1012,1101,1105,-1,1105,1101,299,-1,1109,1110,1012,-1,303,304,1106,-1,1106,304,1111,-1,1106,1111,1012,-1,1012,1111,1107,-1,1012,1107,1109,-1,1109,1107,292,-1,1112,285,284,-1,1113,1114,1012,-1,284,1113,1112,-1,1112,1113,1012,-1,1112,1012,1115,-1,1115,1012,1110,-1,1115,1110,298,-1,298,1110,297,-1,1116,277,276,-1,1117,1118,1012,-1,276,1117,1116,-1,1116,1117,1012,-1,1116,1012,1119,-1,1119,1012,1114,-1,1119,1114,290,-1,290,1114,289,-1,1120,273,274,-1,1121,1122,1012,-1,274,1121,1120,-1,1120,1121,1012,-1,1120,1012,1123,-1,1123,1012,1118,-1,1123,1118,282,-1,282,1118,281,-1,1124,336,337,-1,1125,1126,1012,-1,337,1125,1124,-1,1124,1125,1012,-1,1124,1012,1127,-1,1127,1012,1122,-1,1127,1122,333,-1,333,1122,268,-1,1128,331,332,-1,1129,1130,1012,-1,332,1129,1128,-1,1128,1129,1012,-1,1128,1012,1131,-1,1131,1012,1126,-1,1131,1126,326,-1,326,1126,327,-1,1132,323,324,-1,1133,1134,1012,-1,324,1133,1132,-1,1132,1133,1012,-1,1132,1012,1135,-1,1135,1012,1130,-1,1135,1130,318,-1,318,1130,319,-1,316,309,1136,-1,1136,309,1012,-1,1136,1012,1137,-1,1137,1012,1134,-1,1137,1134,311,-1,311,1134,312,-1,1138,197,1074,-1,1074,197,196,-1,201,1139,202,-1,202,1139,1073,-1,1139,1138,1073,-1,1073,1138,1074,-1,1139,201,1138,-1,1138,201,197,-1,
        ]
    }
}
Shape{
    appearance Appearance {
        material  Material 	{
            diffuseColor 0.3764705882352941 0.18823529411764706 0.0
            specularColor 0.1411764705882353 0.07058823529411765 0.0
            ambientIntensity 0.2091
            transparency 0.0
            shininess 0.5
        }
    }
    geometry IndexedFaceSet {
        ccw TRUE
        solid FALSE
        coord DEF co Coordinate {
            point [
                3.6024 0.3445 1.3386, 3.6024 0.3445 1.4173, 3.6024 -0.8366 1.3386, 3.6024 -0.8366 1.4173, 3.6811 0.3445 1.4173, 3.6811 -0.8366 1.4173, 3.6811 0.3445 1.3386, 3.6811 -0.8366 1.3386
            ]
        }
        coordIndex [
            0,1,2,-1,2,1,3,-1,1,4,3,-1,3,4,5,-1,4,6,5,-1,5,6,7,-1,
        ]
    }
}
Shape{
    appearance Appearance {
        material  Material 	{
            diffuseColor 0.25098039215686274 0.25098039215686274 0.25098039215686274
            specularColor 0.12549019607843137 0.12549019607843137 0.12549019607843137
            ambientIntensity 0.251
            transparency 0.0
            shininess 0.5
        }
    }
    geometry IndexedFaceSet {
        ccw TRUE
        solid FALSE
        coord DEF co Coordinate {
            point [
                2.815 1.0335 1.4961, 2.815 1.0335 0.0394, 2.815 1.2303 1.4961, 2.815 1.2303 0.0394, 2.8937 1.0335 0.0394, 2.8937 1.0335 1.4961, 2.8937 1.2303 0.0394, 2.8937 1.2303 1.4961, 3.0118 1.0335 1.4961, 3.0118 1.0335 0.0394, 3.0118 1.2303 1.4961, 3.0118 1.2303 0.0394, 3.0906 1.0335 0.0394, 3.0906 1.0335 1.4961, 3.0906 1.2303 0.0394, 3.0906 1.2303 1.4961, 3.2087 1.0335 1.4961, 3.2087 1.0335 0.0394, 3.2087 1.2303 1.4961, 3.2087 1.2303 0.0394, 3.2874 1.0335 0.0394, 3.2874 1.0335 1.4961, 3.2874 1.2303 0.0394, 3.2874 1.2303 1.4961, 3.4055 1.0335 1.4961, 3.4055 1.0335 0.0394, 3.4055 1.2303 1.4961, 3.4055 1.2303 0.0394, 3.4843 1.0335 0.0394, 3.4843 1.0335 1.4961, 3.4843 1.2303 0.0394, 3.4843 1.2303 1.4961, 2.815 0.3445 1.3386, 2.815 0.3445 1.4173, 2.815 -0.8366 1.3386, 2.815 -0.8366 1.4173, 2.8937 0.3445 1.4173, 2.8937 -0.8366 1.4173, 2.8937 0.3445 1.3386, 2.8937 -0.8366 1.3386, 3.0118 0.3445 1.3386, 3.0118 0.3445 1.4173, 3.0118 -0.8366 1.3386, 3.0118 -0.8366 1.4173, 3.0906 0.3445 1.4173, 3.0906 -0.8366 1.4173, 3.0906 0.3445 1.3386, 3.0906 -0.8366 1.3386, 3.2087 0.3445 1.3386, 3.2087 0.3445 1.4173, 3.2087 -0.8366 1.3386, 3.2087 -0.8366 1.4173, 3.2874 0.3445 1.4173, 3.2874 -0.8366 1.4173, 3.2874 0.3445 1.3386, 3.2874 -0.8366 1.3386, 3.4055 0.3445 1.3386, 3.4055 0.3445 1.4173, 3.4055 -0.8366 1.3386, 3.4055 -0.8366 1.4173, 3.4843 0.3445 1.4173, 3.4843 -0.8366 1.4173, 3.4843 0.3445 1.3386, 3.4843 -0.8366 1.3386, 1.9094 1.0335 0.0394, 1.9094 1.0335 1.4961, 1.9094 1.2303 0.0394, 1.9094 1.2303 1.4961, 1.8307 1.0335 1.4961, 1.8307 1.2303 1.4961, 1.8307 1.0335 0.0394, 1.8307 1.2303 0.0394, 1.8307 0.3445 1.3386, 1.8307 0.3445 1.4173, 1.8307 -0.8366 1.3386, 1.8307 -0.8366 1.4173, 1.9094 0.3445 1.4173, 1.9094 -0.8366 1.4173, 1.9094 0.3445 1.3386, 1.9094 -0.8366 1.3386, -3.6024 1.0335 0.0394, -3.6024 1.0335 1.4961, -3.6024 1.2303 0.0394, -3.6024 1.2303 1.4961, -3.6811 1.0335 1.4961, -3.6811 1.2303 1.4961, -3.6811 1.0335 0.0394, -3.6811 1.2303 0.0394, -3.4055 1.0335 0.0394, -3.4055 1.0335 1.4961, -3.4055 1.2303 0.0394, -3.4055 1.2303 1.4961, -3.4843 1.0335 1.4961, -3.4843 1.2303 1.4961, -3.4843 1.0335 0.0394, -3.4843 1.2303 0.0394, -3.2087 1.0335 0.0394, -3.2087 1.0335 1.4961, -3.2087 1.2303 0.0394, -3.2087 1.2303 1.4961, -3.2874 1.0335 1.4961, -3.2874 1.2303 1.4961, -3.2874 1.0335 0.0394, -3.2874 1.2303 0.0394, -3.0118 1.0335 0.0394, -3.0118 1.0335 1.4961, -3.0118 1.2303 0.0394, -3.0118 1.2303 1.4961, -3.0906 1.0335 1.4961, -3.0906 1.2303 1.4961, -3.0906 1.0335 0.0394, -3.0906 1.2303 0.0394, -2.815 1.0335 0.0394, -2.815 1.0335 1.4961, -2.815 1.2303 0.0394, -2.815 1.2303 1.4961, -2.8937 1.0335 1.4961, -2.8937 1.2303 1.4961, -2.8937 1.0335 0.0394, -2.8937 1.2303 0.0394, -2.6181 1.0335 0.0394, -2.6181 1.0335 1.4961, -2.6181 1.2303 0.0394, -2.6181 1.2303 1.4961, -2.6969 1.0335 1.4961, -2.6969 1.2303 1.4961, -2.6969 1.0335 0.0394, -2.6969 1.2303 0.0394, -2.4213 1.0335 0.0394, -2.4213 1.0335 1.4961, -2.4213 1.2303 0.0394, -2.4213 1.2303 1.4961, -2.5 1.0335 1.4961, -2.5 1.2303 1.4961, -2.5 1.0335 0.0394, -2.5 1.2303 0.0394, -2.2244 1.0335 0.0394, -2.2244 1.0335 1.4961, -2.2244 1.2303 0.0394, -2.2244 1.2303 1.4961, -2.3031 1.0335 1.4961, -2.3031 1.2303 1.4961, -2.3031 1.0335 0.0394, -2.3031 1.2303 0.0394, -2.0276 1.0335 0.0394, -2.0276 1.0335 1.4961, -2.0276 1.2303 0.0394, -2.0276 1.2303 1.4961, -2.1063 1.0335 1.4961, -2.1063 1.2303 1.4961, -2.1063 1.0335 0.0394, -2.1063 1.2303 0.0394, -1.8307 1.0335 0.0394, -1.8307 1.0335 1.4961, -1.8307 1.2303 0.0394, -1.8307 1.2303 1.4961, -1.9094 1.0335 1.4961, -1.9094 1.2303 1.4961, -1.9094 1.0335 0.0394, -1.9094 1.2303 0.0394, -1.6339 1.0335 0.0394, -1.6339 1.0335 1.4961, -1.6339 1.2303 0.0394, -1.6339 1.2303 1.4961, -1.7126 1.0335 1.4961, -1.7126 1.2303 1.4961, -1.7126 1.0335 0.0394, -1.7126 1.2303 0.0394, -1.437 1.0335 0.0394, -1.437 1.0335 1.4961, -1.437 1.2303 0.0394, -1.437 1.2303 1.4961, -1.5157 1.0335 1.4961, -1.5157 1.2303 1.4961, -1.5157 1.0335 0.0394, -1.5157 1.2303 0.0394, -1.2402 1.0335 0.0394, -1.2402 1.0335 1.4961, -1.2402 1.2303 0.0394, -1.2402 1.2303 1.4961, -1.3189 1.0335 1.4961, -1.3189 1.2303 1.4961, -1.3189 1.0335 0.0394, -1.3189 1.2303 0.0394, -1.0433 1.0335 0.0394, -1.0433 1.0335 1.4961, -1.0433 1.2303 0.0394, -1.0433 1.2303 1.4961, -1.122 1.0335 1.4961, -1.122 1.2303 1.4961, -1.122 1.0335 0.0394, -1.122 1.2303 0.0394, -0.8465 1.0335 0.0394, -0.8465 1.0335 1.4961, -0.8465 1.2303 0.0394, -0.8465 1.2303 1.4961, -0.9252 1.0335 1.4961, -0.9252 1.2303 1.4961, -0.9252 1.0335 0.0394, -0.9252 1.2303 0.0394, -0.6496 1.0335 0.0394, -0.6496 1.0335 1.4961, -0.6496 1.2303 0.0394, -0.6496 1.2303 1.4961, -0.7283 1.0335 1.4961, -0.7283 1.2303 1.4961, -0.7283 1.0335 0.0394, -0.7283 1.2303 0.0394, -0.4528 1.0335 0.0394, -0.4528 1.0335 1.4961, -0.4528 1.2303 0.0394, -0.4528 1.2303 1.4961, -0.5315 1.0335 1.4961, -0.5315 1.2303 1.4961, -0.5315 1.0335 0.0394, -0.5315 1.2303 0.0394, -0.2559 1.0335 0.0394, -0.2559 1.0335 1.4961, -0.2559 1.2303 0.0394, -0.2559 1.2303 1.4961, -0.3346 1.0335 1.4961, -0.3346 1.2303 1.4961, -0.3346 1.0335 0.0394, -0.3346 1.2303 0.0394, -0.0591 1.0335 0.0394, -0.0591 1.0335 1.4961, -0.0591 1.2303 0.0394, -0.0591 1.2303 1.4961, -0.1378 1.0335 1.4961, -0.1378 1.2303 1.4961, -0.1378 1.0335 0.0394, -0.1378 1.2303 0.0394, 0.1378 1.0335 0.0394, 0.1378 1.0335 1.4961, 0.1378 1.2303 0.0394, 0.1378 1.2303 1.4961, 0.0591 1.0335 1.4961, 0.0591 1.2303 1.4961, 0.0591 1.0335 0.0394, 0.0591 1.2303 0.0394, 0.3346 1.0335 0.0394, 0.3346 1.0335 1.4961, 0.3346 1.2303 0.0394, 0.3346 1.2303 1.4961, 0.2559 1.0335 1.4961, 0.2559 1.2303 1.4961, 0.2559 1.0335 0.0394, 0.2559 1.2303 0.0394, 0.5315 1.0335 0.0394, 0.5315 1.0335 1.4961, 0.5315 1.2303 0.0394, 0.5315 1.2303 1.4961, 0.4528 1.0335 1.4961, 0.4528 1.2303 1.4961, 0.4528 1.0335 0.0394, 0.4528 1.2303 0.0394, 0.7283 1.0335 0.0394, 0.7283 1.0335 1.4961, 0.7283 1.2303 0.0394, 0.7283 1.2303 1.4961, 0.6496 1.0335 1.4961, 0.6496 1.2303 1.4961, 0.6496 1.0335 0.0394, 0.6496 1.2303 0.0394, 0.9252 1.0335 0.0394, 0.9252 1.0335 1.4961, 0.9252 1.2303 0.0394, 0.9252 1.2303 1.4961, 0.8465 1.0335 1.4961, 0.8465 1.2303 1.4961, 0.8465 1.0335 0.0394, 0.8465 1.2303 0.0394, 1.122 1.0335 0.0394, 1.122 1.0335 1.4961, 1.122 1.2303 0.0394, 1.122 1.2303 1.4961, 1.0433 1.0335 1.4961, 1.0433 1.2303 1.4961, 1.0433 1.0335 0.0394, 1.0433 1.2303 0.0394, 1.3189 1.0335 0.0394, 1.3189 1.0335 1.4961, 1.3189 1.2303 0.0394, 1.3189 1.2303 1.4961, 1.2402 1.0335 1.4961, 1.2402 1.2303 1.4961, 1.2402 1.0335 0.0394, 1.2402 1.2303 0.0394, 1.5157 1.0335 0.0394, 1.5157 1.0335 1.4961, 1.5157 1.2303 0.0394, 1.5157 1.2303 1.4961, 1.437 1.0335 1.4961, 1.437 1.2303 1.4961, 1.437 1.0335 0.0394, 1.437 1.2303 0.0394, 1.7126 1.0335 0.0394, 1.7126 1.0335 1.4961, 1.7126 1.2303 0.0394, 1.7126 1.2303 1.4961, 1.6339 1.0335 1.4961, 1.6339 1.2303 1.4961, 1.6339 1.0335 0.0394, 1.6339 1.2303 0.0394, -3.6811 0.3445 1.3386, -3.6811 0.3445 1.4173, -3.6811 -0.8366 1.3386, -3.6811 -0.8366 1.4173, -3.6024 0.3445 1.4173, -3.6024 -0.8366 1.4173, -3.6024 0.3445 1.3386, -3.6024 -0.8366 1.3386, -3.4843 0.3445 1.3386, -3.4843 0.3445 1.4173, -3.4843 -0.8366 1.3386, -3.4843 -0.8366 1.4173, -3.4055 0.3445 1.4173, -3.4055 -0.8366 1.4173, -3.4055 0.3445 1.3386, -3.4055 -0.8366 1.3386, -3.2874 0.3445 1.3386, -3.2874 0.3445 1.4173, -3.2874 -0.8366 1.3386, -3.2874 -0.8366 1.4173, -3.2087 0.3445 1.4173, -3.2087 -0.8366 1.4173, -3.2087 0.3445 1.3386, -3.2087 -0.8366 1.3386, -3.0906 0.3445 1.3386, -3.0906 0.3445 1.4173, -3.0906 -0.8366 1.3386, -3.0906 -0.8366 1.4173, -3.0118 0.3445 1.4173, -3.0118 -0.8366 1.4173, -3.0118 0.3445 1.3386, -3.0118 -0.8366 1.3386, -2.8937 0.3445 1.3386, -2.8937 0.3445 1.4173, -2.8937 -0.8366 1.3386, -2.8937 -0.8366 1.4173, -2.815 0.3445 1.4173, -2.815 -0.8366 1.4173, -2.815 0.3445 1.3386, -2.815 -0.8366 1.3386, -2.6969 0.3445 1.3386, -2.6969 0.3445 1.4173, -2.6969 -0.8366 1.3386, -2.6969 -0.8366 1.4173, -2.6181 0.3445 1.4173, -2.6181 -0.8366 1.4173, -2.6181 0.3445 1.3386, -2.6181 -0.8366 1.3386, -2.5 0.3445 1.3386, -2.5 0.3445 1.4173, -2.5 -0.8366 1.3386, -2.5 -0.8366 1.4173, -2.4213 0.3445 1.4173, -2.4213 -0.8366 1.4173, -2.4213 0.3445 1.3386, -2.4213 -0.8366 1.3386, -2.3031 0.3445 1.3386, -2.3031 0.3445 1.4173, -2.3031 -0.8366 1.3386, -2.3031 -0.8366 1.4173, -2.2244 0.3445 1.4173, -2.2244 -0.8366 1.4173, -2.2244 0.3445 1.3386, -2.2244 -0.8366 1.3386, -2.1063 0.3445 1.3386, -2.1063 0.3445 1.4173, -2.1063 -0.8366 1.3386, -2.1063 -0.8366 1.4173, -2.0276 0.3445 1.4173, -2.0276 -0.8366 1.4173, -2.0276 0.3445 1.3386, -2.0276 -0.8366 1.3386, -1.9094 0.3445 1.3386, -1.9094 0.3445 1.4173, -1.9094 -0.8366 1.3386, -1.9094 -0.8366 1.4173, -1.8307 0.3445 1.4173, -1.8307 -0.8366 1.4173, -1.8307 0.3445 1.3386, -1.8307 -0.8366 1.3386, -1.7126 0.3445 1.3386, -1.7126 0.3445 1.4173, -1.7126 -0.8366 1.3386, -1.7126 -0.8366 1.4173, -1.6339 0.3445 1.4173, -1.6339 -0.8366 1.4173, -1.6339 0.3445 1.3386, -1.6339 -0.8366 1.3386, -1.5157 0.3445 1.3386, -1.5157 0.3445 1.4173, -1.5157 -0.8366 1.3386, -1.5157 -0.8366 1.4173, -1.437 0.3445 1.4173, -1.437 -0.8366 1.4173, -1.437 0.3445 1.3386, -1.437 -0.8366 1.3386, -1.3189 0.3445 1.3386, -1.3189 0.3445 1.4173, -1.3189 -0.8366 1.3386, -1.3189 -0.8366 1.4173, -1.2402 0.3445 1.4173, -1.2402 -0.8366 1.4173, -1.2402 0.3445 1.3386, -1.2402 -0.8366 1.3386, -1.122 0.3445 1.3386, -1.122 0.3445 1.4173, -1.122 -0.8366 1.3386, -1.122 -0.8366 1.4173, -1.0433 0.3445 1.4173, -1.0433 -0.8366 1.4173, -1.0433 0.3445 1.3386, -1.0433 -0.8366 1.3386, -0.9252 0.3445 1.3386, -0.9252 0.3445 1.4173, -0.9252 -0.8366 1.3386, -0.9252 -0.8366 1.4173, -0.8465 0.3445 1.4173, -0.8465 -0.8366 1.4173, -0.8465 0.3445 1.3386, -0.8465 -0.8366 1.3386, -0.7283 0.3445 1.3386, -0.7283 0.3445 1.4173, -0.7283 -0.8366 1.3386, -0.7283 -0.8366 1.4173, -0.6496 0.3445 1.4173, -0.6496 -0.8366 1.4173, -0.6496 0.3445 1.3386, -0.6496 -0.8366 1.3386, -0.5315 0.3445 1.3386, -0.5315 0.3445 1.4173, -0.5315 -0.8366 1.3386, -0.5315 -0.8366 1.4173, -0.4528 0.3445 1.4173, -0.4528 -0.8366 1.4173, -0.4528 0.3445 1.3386, -0.4528 -0.8366 1.3386, -0.3346 0.3445 1.3386, -0.3346 0.3445 1.4173, -0.3346 -0.8366 1.3386, -0.3346 -0.8366 1.4173, -0.2559 0.3445 1.4173, -0.2559 -0.8366 1.4173, -0.2559 0.3445 1.3386, -0.2559 -0.8366 1.3386, -0.1378 0.3445 1.3386, -0.1378 0.3445 1.4173, -0.1378 -0.8366 1.3386, -0.1378 -0.8366 1.4173, -0.0591 0.3445 1.4173, -0.0591 -0.8366 1.4173, -0.0591 0.3445 1.3386, -0.0591 -0.8366 1.3386, 0.0591 0.3445 1.3386, 0.0591 0.3445 1.4173, 0.0591 -0.8366 1.3386, 0.0591 -0.8366 1.4173, 0.1378 0.3445 1.4173, 0.1378 -0.8366 1.4173, 0.1378 0.3445 1.3386, 0.1378 -0.8366 1.3386, 0.2559 0.3445 1.3386, 0.2559 0.3445 1.4173, 0.2559 -0.8366 1.3386, 0.2559 -0.8366 1.4173, 0.3346 0.3445 1.4173, 0.3346 -0.8366 1.4173, 0.3346 0.3445 1.3386, 0.3346 -0.8366 1.3386, 0.4528 0.3445 1.3386, 0.4528 0.3445 1.4173, 0.4528 -0.8366 1.3386, 0.4528 -0.8366 1.4173, 0.5315 0.3445 1.4173, 0.5315 -0.8366 1.4173, 0.5315 0.3445 1.3386, 0.5315 -0.8366 1.3386, 0.6496 0.3445 1.3386, 0.6496 0.3445 1.4173, 0.6496 -0.8366 1.3386, 0.6496 -0.8366 1.4173, 0.7283 0.3445 1.4173, 0.7283 -0.8366 1.4173, 0.7283 0.3445 1.3386, 0.7283 -0.8366 1.3386, 0.8465 0.3445 1.3386, 0.8465 0.3445 1.4173, 0.8465 -0.8366 1.3386, 0.8465 -0.8366 1.4173, 0.9252 0.3445 1.4173, 0.9252 -0.8366 1.4173, 0.9252 0.3445 1.3386, 0.9252 -0.8366 1.3386, 1.0433 0.3445 1.3386, 1.0433 0.3445 1.4173, 1.0433 -0.8366 1.3386, 1.0433 -0.8366 1.4173, 1.122 0.3445 1.4173, 1.122 -0.8366 1.4173, 1.122 0.3445 1.3386, 1.122 -0.8366 1.3386, 1.2402 0.3445 1.3386, 1.2402 0.3445 1.4173, 1.2402 -0.8366 1.3386, 1.2402 -0.8366 1.4173, 1.3189 0.3445 1.4173, 1.3189 -0.8366 1.4173, 1.3189 0.3445 1.3386, 1.3189 -0.8366 1.3386, 1.437 0.3445 1.3386, 1.437 0.3445 1.4173, 1.437 -0.8366 1.3386, 1.437 -0.8366 1.4173, 1.5157 0.3445 1.4173, 1.5157 -0.8366 1.4173, 1.5157 0.3445 1.3386, 1.5157 -0.8366 1.3386, 1.6339 0.3445 1.3386, 1.6339 0.3445 1.4173, 1.6339 -0.8366 1.3386, 1.6339 -0.8366 1.4173, 1.7126 0.3445 1.4173, 1.7126 -0.8366 1.4173, 1.7126 0.3445 1.3386, 1.7126 -0.8366 1.3386, 3.6024 -1.2697 0.0394, 3.6024 -1.4665 0.0394, 3.6024 -1.2697 0.8661, 3.6024 -1.4665 0.9843, 3.6024 0.3445 0.8661, 3.6024 0.3445 0.9843, 3.4843 0.3445 0.8661, 3.4843 0.3445 0.9843, 3.4843 -1.2697 0.8661, 3.4843 -1.4665 0.9843, 3.4843 -1.2697 0.0394, 3.4843 -1.4665 0.0394, 3.0118 -1.2697 0.0394, 3.0118 -1.4665 0.0394, 3.0118 -1.2697 0.8661, 3.0118 -1.4665 0.9843, 3.0118 0.3445 0.8661, 3.0118 0.3445 0.9843, 2.8937 0.3445 0.8661, 2.8937 0.3445 0.9843, 2.8937 -1.2697 0.8661, 2.8937 -1.4665 0.9843, 2.8937 -1.2697 0.0394, 2.8937 -1.4665 0.0394, 3.2087 -1.2697 0.0394, 3.2087 -1.4665 0.0394, 3.2087 -1.2697 0.8661, 3.2087 -1.4665 0.9843, 3.2087 0.3445 0.8661, 3.2087 0.3445 0.9843, 3.0906 0.3445 0.8661, 3.0906 0.3445 0.9843, 3.0906 -1.2697 0.8661, 3.0906 -1.4665 0.9843, 3.0906 -1.2697 0.0394, 3.0906 -1.4665 0.0394, 3.4055 -1.2697 0.0394, 3.4055 -1.4665 0.0394, 3.4055 -1.2697 0.8661, 3.4055 -1.4665 0.9843, 3.4055 0.3445 0.8661, 3.4055 0.3445 0.9843, 3.2874 0.3445 0.8661, 3.2874 0.3445 0.9843, 3.2874 -1.2697 0.8661, 3.2874 -1.4665 0.9843, 3.2874 -1.2697 0.0394, 3.2874 -1.4665 0.0394, 2.0276 -1.2697 0.0394, 2.0276 -1.2697 0.8661, 1.9094 -1.2697 0.0394, 1.9094 -1.2697 0.8661, 2.0276 0.3445 0.8661, 1.9094 0.3445 0.8661, 2.0276 -1.4665 0.0394, 2.0276 -1.4665 0.9843, 2.0276 0.3445 0.9843, 1.9094 0.3445 0.9843, 1.9094 -1.4665 0.9843, 1.9094 -1.4665 0.0394, -3.4843 -1.2697 0.0394, -3.4843 -1.2697 0.8661, -3.6024 -1.2697 0.0394, -3.6024 -1.2697 0.8661, -3.4843 0.3445 0.8661, -3.6024 0.3445 0.8661, -3.4843 -1.4665 0.0394, -3.4843 -1.4665 0.9843, -3.4843 0.3445 0.9843, -3.6024 0.3445 0.9843, -3.6024 -1.4665 0.9843, -3.6024 -1.4665 0.0394, -3.2874 -1.2697 0.0394, -3.2874 -1.2697 0.8661, -3.4055 -1.2697 0.0394, -3.4055 -1.2697 0.8661, -3.2874 0.3445 0.8661, -3.4055 0.3445 0.8661, -3.2874 -1.4665 0.0394, -3.2874 -1.4665 0.9843, -3.2874 0.3445 0.9843, -3.4055 0.3445 0.9843, -3.4055 -1.4665 0.9843, -3.4055 -1.4665 0.0394, -3.0906 -1.2697 0.0394, -3.0906 -1.2697 0.8661, -3.2087 -1.2697 0.0394, -3.2087 -1.2697 0.8661, -3.0906 0.3445 0.8661, -3.2087 0.3445 0.8661, -3.0906 -1.4665 0.0394, -3.0906 -1.4665 0.9843, -3.0906 0.3445 0.9843, -3.2087 0.3445 0.9843, -3.2087 -1.4665 0.9843, -3.2087 -1.4665 0.0394, -2.8937 -1.2697 0.0394, -2.8937 -1.2697 0.8661, -3.0118 -1.2697 0.0394, -3.0118 -1.2697 0.8661, -2.8937 0.3445 0.8661, -3.0118 0.3445 0.8661, -2.8937 -1.4665 0.0394, -2.8937 -1.4665 0.9843, -2.8937 0.3445 0.9843, -3.0118 0.3445 0.9843, -3.0118 -1.4665 0.9843, -3.0118 -1.4665 0.0394, -2.6969 -1.2697 0.0394, -2.6969 -1.2697 0.8661, -2.815 -1.2697 0.0394, -2.815 -1.2697 0.8661, -2.6969 0.3445 0.8661, -2.815 0.3445 0.8661, -2.6969 -1.4665 0.0394, -2.6969 -1.4665 0.9843, -2.6969 0.3445 0.9843, -2.815 0.3445 0.9843, -2.815 -1.4665 0.9843, -2.815 -1.4665 0.0394, -2.5 -1.2697 0.0394, -2.5 -1.2697 0.8661, -2.6181 -1.2697 0.0394, -2.6181 -1.2697 0.8661, -2.5 0.3445 0.8661, -2.6181 0.3445 0.8661, -2.5 -1.4665 0.0394, -2.5 -1.4665 0.9843, -2.5 0.3445 0.9843, -2.6181 0.3445 0.9843, -2.6181 -1.4665 0.9843, -2.6181 -1.4665 0.0394, -2.3031 -1.2697 0.0394, -2.3031 -1.2697 0.8661, -2.4213 -1.2697 0.0394, -2.4213 -1.2697 0.8661, -2.3031 0.3445 0.8661, -2.4213 0.3445 0.8661, -2.3031 -1.4665 0.0394, -2.3031 -1.4665 0.9843, -2.3031 0.3445 0.9843, -2.4213 0.3445 0.9843, -2.4213 -1.4665 0.9843, -2.4213 -1.4665 0.0394, -2.1063 -1.2697 0.0394, -2.1063 -1.2697 0.8661, -2.2244 -1.2697 0.0394, -2.2244 -1.2697 0.8661, -2.1063 0.3445 0.8661, -2.2244 0.3445 0.8661, -2.1063 -1.4665 0.0394, -2.1063 -1.4665 0.9843, -2.1063 0.3445 0.9843, -2.2244 0.3445 0.9843, -2.2244 -1.4665 0.9843, -2.2244 -1.4665 0.0394, -1.9094 -1.2697 0.0394, -1.9094 -1.2697 0.8661, -2.0276 -1.2697 0.0394, -2.0276 -1.2697 0.8661, -1.9094 0.3445 0.8661, -2.0276 0.3445 0.8661, -1.9094 -1.4665 0.0394, -1.9094 -1.4665 0.9843, -1.9094 0.3445 0.9843, -2.0276 0.3445 0.9843, -2.0276 -1.4665 0.9843, -2.0276 -1.4665 0.0394, -1.7126 -1.2697 0.0394, -1.7126 -1.2697 0.8661, -1.8307 -1.2697 0.0394, -1.8307 -1.2697 0.8661, -1.7126 0.3445 0.8661, -1.8307 0.3445 0.8661, -1.7126 -1.4665 0.0394, -1.7126 -1.4665 0.9843, -1.7126 0.3445 0.9843, -1.8307 0.3445 0.9843, -1.8307 -1.4665 0.9843, -1.8307 -1.4665 0.0394, -1.5157 -1.2697 0.0394, -1.5157 -1.2697 0.8661, -1.6339 -1.2697 0.0394, -1.6339 -1.2697 0.8661, -1.5157 0.3445 0.8661, -1.6339 0.3445 0.8661, -1.5157 -1.4665 0.0394, -1.5157 -1.4665 0.9843, -1.5157 0.3445 0.9843, -1.6339 0.3445 0.9843, -1.6339 -1.4665 0.9843, -1.6339 -1.4665 0.0394, -1.3189 -1.2697 0.0394, -1.3189 -1.2697 0.8661, -1.437 -1.2697 0.0394, -1.437 -1.2697 0.8661, -1.3189 0.3445 0.8661, -1.437 0.3445 0.8661, -1.3189 -1.4665 0.0394, -1.3189 -1.4665 0.9843, -1.3189 0.3445 0.9843, -1.437 0.3445 0.9843, -1.437 -1.4665 0.9843, -1.437 -1.4665 0.0394, -1.122 -1.2697 0.0394, -1.122 -1.2697 0.8661, -1.2402 -1.2697 0.0394, -1.2402 -1.2697 0.8661, -1.122 0.3445 0.8661, -1.2402 0.3445 0.8661, -1.122 -1.4665 0.0394, -1.122 -1.4665 0.9843, -1.122 0.3445 0.9843, -1.2402 0.3445 0.9843, -1.2402 -1.4665 0.9843, -1.2402 -1.4665 0.0394, -0.9252 -1.2697 0.0394, -0.9252 -1.2697 0.8661, -1.0433 -1.2697 0.0394, -1.0433 -1.2697 0.8661, -0.9252 0.3445 0.8661, -1.0433 0.3445 0.8661, -0.9252 -1.4665 0.0394, -0.9252 -1.4665 0.9843, -0.9252 0.3445 0.9843, -1.0433 0.3445 0.9843, -1.0433 -1.4665 0.9843, -1.0433 -1.4665 0.0394, -0.7283 -1.2697 0.0394, -0.7283 -1.2697 0.8661, -0.8465 -1.2697 0.0394, -0.8465 -1.2697 0.8661, -0.7283 0.3445 0.8661, -0.8465 0.3445 0.8661, -0.7283 -1.4665 0.0394, -0.7283 -1.4665 0.9843, -0.7283 0.3445 0.9843, -0.8465 0.3445 0.9843, -0.8465 -1.4665 0.9843, -0.8465 -1.4665 0.0394, -0.5315 -1.2697 0.0394, -0.5315 -1.2697 0.8661, -0.6496 -1.2697 0.0394, -0.6496 -1.2697 0.8661, -0.5315 0.3445 0.8661, -0.6496 0.3445 0.8661, -0.5315 -1.4665 0.0394, -0.5315 -1.4665 0.9843, -0.5315 0.3445 0.9843, -0.6496 0.3445 0.9843, -0.6496 -1.4665 0.9843, -0.6496 -1.4665 0.0394, -0.3346 -1.2697 0.0394, -0.3346 -1.2697 0.8661, -0.4528 -1.2697 0.0394, -0.4528 -1.2697 0.8661, -0.3346 0.3445 0.8661, -0.4528 0.3445 0.8661, -0.3346 -1.4665 0.0394, -0.3346 -1.4665 0.9843, -0.3346 0.3445 0.9843, -0.4528 0.3445 0.9843, -0.4528 -1.4665 0.9843, -0.4528 -1.4665 0.0394, -0.1378 -1.2697 0.0394, -0.1378 -1.2697 0.8661, -0.2559 -1.2697 0.0394, -0.2559 -1.2697 0.8661, -0.1378 0.3445 0.8661, -0.2559 0.3445 0.8661, -0.1378 -1.4665 0.0394, -0.1378 -1.4665 0.9843, -0.1378 0.3445 0.9843, -0.2559 0.3445 0.9843, -0.2559 -1.4665 0.9843, -0.2559 -1.4665 0.0394, 0.0591 -1.2697 0.0394, 0.0591 -1.2697 0.8661, -0.0591 -1.2697 0.0394, -0.0591 -1.2697 0.8661, 0.0591 0.3445 0.8661, -0.0591 0.3445 0.8661, 0.0591 -1.4665 0.0394, 0.0591 -1.4665 0.9843, 0.0591 0.3445 0.9843, -0.0591 0.3445 0.9843, -0.0591 -1.4665 0.9843, -0.0591 -1.4665 0.0394, 0.2559 -1.2697 0.0394, 0.2559 -1.2697 0.8661, 0.1378 -1.2697 0.0394, 0.1378 -1.2697 0.8661, 0.2559 0.3445 0.8661, 0.1378 0.3445 0.8661, 0.2559 -1.4665 0.0394, 0.2559 -1.4665 0.9843, 0.2559 0.3445 0.9843, 0.1378 0.3445 0.9843, 0.1378 -1.4665 0.9843, 0.1378 -1.4665 0.0394, 0.4528 -1.2697 0.0394, 0.4528 -1.2697 0.8661, 0.3346 -1.2697 0.0394, 0.3346 -1.2697 0.8661, 0.4528 0.3445 0.8661, 0.3346 0.3445 0.8661, 0.4528 -1.4665 0.0394, 0.4528 -1.4665 0.9843, 0.4528 0.3445 0.9843, 0.3346 0.3445 0.9843, 0.3346 -1.4665 0.9843, 0.3346 -1.4665 0.0394, 0.6496 -1.2697 0.0394, 0.6496 -1.2697 0.8661, 0.5315 -1.2697 0.0394, 0.5315 -1.2697 0.8661, 0.6496 0.3445 0.8661, 0.5315 0.3445 0.8661, 0.6496 -1.4665 0.0394, 0.6496 -1.4665 0.9843, 0.6496 0.3445 0.9843, 0.5315 0.3445 0.9843, 0.5315 -1.4665 0.9843, 0.5315 -1.4665 0.0394, 0.8465 -1.2697 0.0394, 0.8465 -1.2697 0.8661, 0.7283 -1.2697 0.0394, 0.7283 -1.2697 0.8661, 0.8465 0.3445 0.8661, 0.7283 0.3445 0.8661, 0.8465 -1.4665 0.0394, 0.8465 -1.4665 0.9843, 0.8465 0.3445 0.9843, 0.7283 0.3445 0.9843, 0.7283 -1.4665 0.9843, 0.7283 -1.4665 0.0394, 1.0433 -1.2697 0.0394, 1.0433 -1.2697 0.8661, 0.9252 -1.2697 0.0394, 0.9252 -1.2697 0.8661, 1.0433 0.3445 0.8661, 0.9252 0.3445 0.8661, 1.0433 -1.4665 0.0394, 1.0433 -1.4665 0.9843, 1.0433 0.3445 0.9843, 0.9252 0.3445 0.9843, 0.9252 -1.4665 0.9843, 0.9252 -1.4665 0.0394, 1.2402 -1.2697 0.0394, 1.2402 -1.2697 0.8661, 1.122 -1.2697 0.0394, 1.122 -1.2697 0.8661, 1.2402 0.3445 0.8661, 1.122 0.3445 0.8661, 1.2402 -1.4665 0.0394, 1.2402 -1.4665 0.9843, 1.2402 0.3445 0.9843, 1.122 0.3445 0.9843, 1.122 -1.4665 0.9843, 1.122 -1.4665 0.0394, 1.437 -1.2697 0.0394, 1.437 -1.2697 0.8661, 1.3189 -1.2697 0.0394, 1.3189 -1.2697 0.8661, 1.437 0.3445 0.8661, 1.3189 0.3445 0.8661, 1.437 -1.4665 0.0394, 1.437 -1.4665 0.9843, 1.437 0.3445 0.9843, 1.3189 0.3445 0.9843, 1.3189 -1.4665 0.9843, 1.3189 -1.4665 0.0394, 1.6339 -1.2697 0.0394, 1.6339 -1.2697 0.8661, 1.5157 -1.2697 0.0394, 1.5157 -1.2697 0.8661, 1.6339 0.3445 0.8661, 1.5157 0.3445 0.8661, 1.6339 -1.4665 0.0394, 1.6339 -1.4665 0.9843, 1.6339 0.3445 0.9843, 1.5157 0.3445 0.9843, 1.5157 -1.4665 0.9843, 1.5157 -1.4665 0.0394, 1.8307 -1.2697 0.0394, 1.8307 -1.2697 0.8661, 1.7126 -1.2697 0.0394, 1.7126 -1.2697 0.8661, 1.8307 0.3445 0.8661, 1.7126 0.3445 0.8661, 1.8307 -1.4665 0.0394, 1.8307 -1.4665 0.9843, 1.8307 0.3445 0.9843, 1.7126 0.3445 0.9843, 1.7126 -1.4665 0.9843, 1.7126 -1.4665 0.0394, 2.1457 -0.7972 1.3386, 2.1457 0.3445 1.3386, 2.1457 -0.7972 0.9843, 2.1457 0.3445 0.9843, 2.6181 -0.7972 0.9843, 2.6181 0.3445 0.9843, 2.6181 -0.7972 1.3386, 2.6181 0.3445 1.3386, 2.6148 -0.8366 1.4961, 2.6 -0.8366 1.5474, 2.6086 -0.858 1.5174, 2.6 -0.888 1.5474, 2.5851 -0.9146 1.574, 2.5728 -0.8366 1.5958, 2.5728 -0.9363 1.5958, 2.5479 -0.9633 1.6227, 2.5351 -0.8366 1.6365, 2.5351 -0.977 1.6365, 2.4994 -1.0009 1.6603, 2.489 -0.8366 1.6672, 2.489 -1.0078 1.6672, 2.443 -1.0254 1.6849, 2.437 -0.8366 1.6864, 2.437 -1.027 1.6864, 2.4096 -1.0318 1.6913, 2.3819 -0.8366 1.6929, 2.3819 -1.0335 1.6929, 2.3542 -1.0318 1.6913, 2.3268 -0.8366 1.6864, 2.3269 -1.0266 1.686, 2.3208 -1.0254 1.6849, 2.2748 -0.8366 1.6672, 2.2748 -1.0078 1.6672, 2.2644 -1.0009 1.6603, 2.2287 -0.8366 1.6365, 2.2287 -0.977 1.6365, 2.191 -0.8366 1.5958, 2.191 -0.9363 1.5958, 2.2159 -0.9633 1.6227, 2.149 -0.8366 1.4961, 2.1551 -0.858 1.5174, 2.1638 -0.8366 1.5474, 2.1638 -0.888 1.5474, 2.1787 -0.9146 1.574, 2.6148 -0.8366 1.3386, 2.6101 -0.8584 0.9843, 2.3819 -1.0335 0.9843, 2.443 -1.0254 0.9843, 2.5 -1.0018 0.9843, 2.5489 -0.9643 0.9843, 2.5865 -0.9154 0.9843, 2.149 -0.8366 1.3386, 2.1537 -0.8584 0.9843, 2.1773 -0.9154 0.9843, 2.2149 -0.9643 0.9843, 2.2638 -1.0018 0.9843, 2.3208 -1.0254 0.9843
            ]
        }
        coordIndex [
            0,1,2,-1,2,1,3,-1,4,5,6,-1,6,5,7,-1,5,0,7,-1,7,0,2,-1,5,4,0,-1,0,4,1,-1,8,9,10,-1,10,9,11,-1,12,13,14,-1,14,13,15,-1,13,8,15,-1,15,8,10,-1,13,12,8,-1,8,12,9,-1,16,17,18,-1,18,17,19,-1,20,21,22,-1,22,21,23,-1,21,16,23,-1,23,16,18,-1,21,20,16,-1,16,20,17,-1,24,25,26,-1,26,25,27,-1,28,29,30,-1,30,29,31,-1,29,24,31,-1,31,24,26,-1,29,28,24,-1,24,28,25,-1,32,33,34,-1,34,33,35,-1,33,36,35,-1,35,36,37,-1,36,38,37,-1,37,38,39,-1,40,41,42,-1,42,41,43,-1,41,44,43,-1,43,44,45,-1,44,46,45,-1,45,46,47,-1,48,49,50,-1,50,49,51,-1,49,52,51,-1,51,52,53,-1,52,54,53,-1,53,54,55,-1,56,57,58,-1,58,57,59,-1,57,60,59,-1,59,60,61,-1,60,62,61,-1,61,62,63,-1,64,65,66,-1,66,65,67,-1,65,68,67,-1,67,68,69,-1,68,70,69,-1,69,70,71,-1,68,65,70,-1,70,65,64,-1,72,73,74,-1,74,73,75,-1,73,76,75,-1,75,76,77,-1,76,78,77,-1,77,78,79,-1,80,81,82,-1,82,81,83,-1,81,84,83,-1,83,84,85,-1,84,86,85,-1,85,86,87,-1,84,81,86,-1,86,81,80,-1,88,89,90,-1,90,89,91,-1,89,92,91,-1,91,92,93,-1,92,94,93,-1,93,94,95,-1,92,89,94,-1,94,89,88,-1,96,97,98,-1,98,97,99,-1,97,100,99,-1,99,100,101,-1,100,102,101,-1,101,102,103,-1,100,97,102,-1,102,97,96,-1,104,105,106,-1,106,105,107,-1,105,108,107,-1,107,108,109,-1,108,110,109,-1,109,110,111,-1,108,105,110,-1,110,105,104,-1,112,113,114,-1,114,113,115,-1,113,116,115,-1,115,116,117,-1,116,118,117,-1,117,118,119,-1,116,113,118,-1,118,113,112,-1,120,121,122,-1,122,121,123,-1,121,124,123,-1,123,124,125,-1,124,126,125,-1,125,126,127,-1,124,121,126,-1,126,121,120,-1,128,129,130,-1,130,129,131,-1,129,132,131,-1,131,132,133,-1,132,134,133,-1,133,134,135,-1,132,129,134,-1,134,129,128,-1,136,137,138,-1,138,137,139,-1,137,140,139,-1,139,140,141,-1,140,142,141,-1,141,142,143,-1,140,137,142,-1,142,137,136,-1,144,145,146,-1,146,145,147,-1,145,148,147,-1,147,148,149,-1,148,150,149,-1,149,150,151,-1,148,145,150,-1,150,145,144,-1,152,153,154,-1,154,153,155,-1,153,156,155,-1,155,156,157,-1,156,158,157,-1,157,158,159,-1,156,153,158,-1,158,153,152,-1,160,161,162,-1,162,161,163,-1,161,164,163,-1,163,164,165,-1,164,166,165,-1,165,166,167,-1,164,161,166,-1,166,161,160,-1,168,169,170,-1,170,169,171,-1,169,172,171,-1,171,172,173,-1,172,174,173,-1,173,174,175,-1,172,169,174,-1,174,169,168,-1,176,177,178,-1,178,177,179,-1,177,180,179,-1,179,180,181,-1,180,182,181,-1,181,182,183,-1,180,177,182,-1,182,177,176,-1,184,185,186,-1,186,185,187,-1,185,188,187,-1,187,188,189,-1,188,190,189,-1,189,190,191,-1,188,185,190,-1,190,185,184,-1,192,193,194,-1,194,193,195,-1,193,196,195,-1,195,196,197,-1,196,198,197,-1,197,198,199,-1,196,193,198,-1,198,193,192,-1,200,201,202,-1,202,201,203,-1,201,204,203,-1,203,204,205,-1,204,206,205,-1,205,206,207,-1,204,201,206,-1,206,201,200,-1,208,209,210,-1,210,209,211,-1,209,212,211,-1,211,212,213,-1,212,214,213,-1,213,214,215,-1,212,209,214,-1,214,209,208,-1,216,217,218,-1,218,217,219,-1,217,220,219,-1,219,220,221,-1,220,222,221,-1,221,222,223,-1,220,217,222,-1,222,217,216,-1,224,225,226,-1,226,225,227,-1,225,228,227,-1,227,228,229,-1,228,230,229,-1,229,230,231,-1,228,225,230,-1,230,225,224,-1,232,233,234,-1,234,233,235,-1,233,236,235,-1,235,236,237,-1,236,238,237,-1,237,238,239,-1,236,233,238,-1,238,233,232,-1,240,241,242,-1,242,241,243,-1,241,244,243,-1,243,244,245,-1,244,246,245,-1,245,246,247,-1,244,241,246,-1,246,241,240,-1,248,249,250,-1,250,249,251,-1,249,252,251,-1,251,252,253,-1,252,254,253,-1,253,254,255,-1,252,249,254,-1,254,249,248,-1,256,257,258,-1,258,257,259,-1,257,260,259,-1,259,260,261,-1,260,262,261,-1,261,262,263,-1,260,257,262,-1,262,257,256,-1,264,265,266,-1,266,265,267,-1,265,268,267,-1,267,268,269,-1,268,270,269,-1,269,270,271,-1,268,265,270,-1,270,265,264,-1,272,273,274,-1,274,273,275,-1,273,276,275,-1,275,276,277,-1,276,278,277,-1,277,278,279,-1,276,273,278,-1,278,273,272,-1,280,281,282,-1,282,281,283,-1,281,284,283,-1,283,284,285,-1,284,286,285,-1,285,286,287,-1,284,281,286,-1,286,281,280,-1,288,289,290,-1,290,289,291,-1,289,292,291,-1,291,292,293,-1,292,294,293,-1,293,294,295,-1,292,289,294,-1,294,289,288,-1,296,297,298,-1,298,297,299,-1,297,300,299,-1,299,300,301,-1,300,302,301,-1,301,302,303,-1,300,297,302,-1,302,297,296,-1,304,305,306,-1,306,305,307,-1,305,308,307,-1,307,308,309,-1,308,310,309,-1,309,310,311,-1,312,313,314,-1,314,313,315,-1,313,316,315,-1,315,316,317,-1,316,318,317,-1,317,318,319,-1,320,321,322,-1,322,321,323,-1,321,324,323,-1,323,324,325,-1,324,326,325,-1,325,326,327,-1,328,329,330,-1,330,329,331,-1,329,332,331,-1,331,332,333,-1,332,334,333,-1,333,334,335,-1,336,337,338,-1,338,337,339,-1,337,340,339,-1,339,340,341,-1,340,342,341,-1,341,342,343,-1,344,345,346,-1,346,345,347,-1,345,348,347,-1,347,348,349,-1,348,350,349,-1,349,350,351,-1,352,353,354,-1,354,353,355,-1,353,356,355,-1,355,356,357,-1,356,358,357,-1,357,358,359,-1,360,361,362,-1,362,361,363,-1,361,364,363,-1,363,364,365,-1,364,366,365,-1,365,366,367,-1,368,369,370,-1,370,369,371,-1,369,372,371,-1,371,372,373,-1,372,374,373,-1,373,374,375,-1,376,377,378,-1,378,377,379,-1,377,380,379,-1,379,380,381,-1,380,382,381,-1,381,382,383,-1,384,385,386,-1,386,385,387,-1,385,388,387,-1,387,388,389,-1,388,390,389,-1,389,390,391,-1,392,393,394,-1,394,393,395,-1,393,396,395,-1,395,396,397,-1,396,398,397,-1,397,398,399,-1,400,401,402,-1,402,401,403,-1,401,404,403,-1,403,404,405,-1,404,406,405,-1,405,406,407,-1,408,409,410,-1,410,409,411,-1,409,412,411,-1,411,412,413,-1,412,414,413,-1,413,414,415,-1,416,417,418,-1,418,417,419,-1,417,420,419,-1,419,420,421,-1,420,422,421,-1,421,422,423,-1,424,425,426,-1,426,425,427,-1,425,428,427,-1,427,428,429,-1,428,430,429,-1,429,430,431,-1,432,433,434,-1,434,433,435,-1,433,436,435,-1,435,436,437,-1,436,438,437,-1,437,438,439,-1,440,441,442,-1,442,441,443,-1,441,444,443,-1,443,444,445,-1,444,446,445,-1,445,446,447,-1,448,449,450,-1,450,449,451,-1,449,452,451,-1,451,452,453,-1,452,454,453,-1,453,454,455,-1,456,457,458,-1,458,457,459,-1,457,460,459,-1,459,460,461,-1,460,462,461,-1,461,462,463,-1,464,465,466,-1,466,465,467,-1,465,468,467,-1,467,468,469,-1,468,470,469,-1,469,470,471,-1,472,473,474,-1,474,473,475,-1,473,476,475,-1,475,476,477,-1,476,478,477,-1,477,478,479,-1,480,481,482,-1,482,481,483,-1,481,484,483,-1,483,484,485,-1,484,486,485,-1,485,486,487,-1,488,489,490,-1,490,489,491,-1,489,492,491,-1,491,492,493,-1,492,494,493,-1,493,494,495,-1,496,497,498,-1,498,497,499,-1,497,500,499,-1,499,500,501,-1,500,502,501,-1,501,502,503,-1,504,505,506,-1,506,505,507,-1,505,508,507,-1,507,508,509,-1,508,510,509,-1,509,510,511,-1,512,513,514,-1,514,513,515,-1,513,516,515,-1,515,516,517,-1,516,518,517,-1,517,518,519,-1,520,521,522,-1,522,521,523,-1,521,524,523,-1,523,524,525,-1,524,526,525,-1,525,526,527,-1,528,529,530,-1,530,529,531,-1,530,531,532,-1,532,531,533,-1,534,535,536,-1,536,535,537,-1,536,537,538,-1,538,537,539,-1,536,538,530,-1,530,538,528,-1,530,532,536,-1,536,532,534,-1,540,541,542,-1,542,541,543,-1,542,543,544,-1,544,543,545,-1,546,547,548,-1,548,547,549,-1,548,549,550,-1,550,549,551,-1,548,550,542,-1,542,550,540,-1,552,553,554,-1,554,553,555,-1,554,555,556,-1,556,555,557,-1,558,559,560,-1,560,559,561,-1,560,561,562,-1,562,561,563,-1,560,562,554,-1,554,562,552,-1,564,565,566,-1,566,565,567,-1,566,567,568,-1,568,567,569,-1,570,571,572,-1,572,571,573,-1,572,573,574,-1,574,573,575,-1,572,574,566,-1,566,574,564,-1,566,568,572,-1,572,568,570,-1,554,556,560,-1,560,556,558,-1,542,544,548,-1,548,544,546,-1,576,577,578,-1,578,577,579,-1,577,580,579,-1,579,580,581,-1,576,582,577,-1,577,582,583,-1,577,583,580,-1,580,583,584,-1,581,585,579,-1,579,585,586,-1,579,586,578,-1,578,586,587,-1,588,589,590,-1,590,589,591,-1,589,592,591,-1,591,592,593,-1,588,594,589,-1,589,594,595,-1,589,595,592,-1,592,595,596,-1,593,597,591,-1,591,597,598,-1,591,598,590,-1,590,598,599,-1,600,601,602,-1,602,601,603,-1,601,604,603,-1,603,604,605,-1,600,606,601,-1,601,606,607,-1,601,607,604,-1,604,607,608,-1,605,609,603,-1,603,609,610,-1,603,610,602,-1,602,610,611,-1,612,613,614,-1,614,613,615,-1,613,616,615,-1,615,616,617,-1,612,618,613,-1,613,618,619,-1,613,619,616,-1,616,619,620,-1,617,621,615,-1,615,621,622,-1,615,622,614,-1,614,622,623,-1,624,625,626,-1,626,625,627,-1,625,628,627,-1,627,628,629,-1,624,630,625,-1,625,630,631,-1,625,631,628,-1,628,631,632,-1,629,633,627,-1,627,633,634,-1,627,634,626,-1,626,634,635,-1,636,637,638,-1,638,637,639,-1,637,640,639,-1,639,640,641,-1,636,642,637,-1,637,642,643,-1,637,643,640,-1,640,643,644,-1,641,645,639,-1,639,645,646,-1,639,646,638,-1,638,646,647,-1,648,649,650,-1,650,649,651,-1,649,652,651,-1,651,652,653,-1,648,654,649,-1,649,654,655,-1,649,655,652,-1,652,655,656,-1,653,657,651,-1,651,657,658,-1,651,658,650,-1,650,658,659,-1,660,661,662,-1,662,661,663,-1,661,664,663,-1,663,664,665,-1,660,666,661,-1,661,666,667,-1,661,667,664,-1,664,667,668,-1,665,669,663,-1,663,669,670,-1,663,670,662,-1,662,670,671,-1,672,673,674,-1,674,673,675,-1,673,676,675,-1,675,676,677,-1,672,678,673,-1,673,678,679,-1,673,679,676,-1,676,679,680,-1,677,681,675,-1,675,681,682,-1,675,682,674,-1,674,682,683,-1,684,685,686,-1,686,685,687,-1,685,688,687,-1,687,688,689,-1,684,690,685,-1,685,690,691,-1,685,691,688,-1,688,691,692,-1,689,693,687,-1,687,693,694,-1,687,694,686,-1,686,694,695,-1,696,697,698,-1,698,697,699,-1,697,700,699,-1,699,700,701,-1,696,702,697,-1,697,702,703,-1,697,703,700,-1,700,703,704,-1,701,705,699,-1,699,705,706,-1,699,706,698,-1,698,706,707,-1,708,709,710,-1,710,709,711,-1,709,712,711,-1,711,712,713,-1,708,714,709,-1,709,714,715,-1,709,715,712,-1,712,715,716,-1,713,717,711,-1,711,717,718,-1,711,718,710,-1,710,718,719,-1,720,721,722,-1,722,721,723,-1,721,724,723,-1,723,724,725,-1,720,726,721,-1,721,726,727,-1,721,727,724,-1,724,727,728,-1,725,729,723,-1,723,729,730,-1,723,730,722,-1,722,730,731,-1,732,733,734,-1,734,733,735,-1,733,736,735,-1,735,736,737,-1,732,738,733,-1,733,738,739,-1,733,739,736,-1,736,739,740,-1,737,741,735,-1,735,741,742,-1,735,742,734,-1,734,742,743,-1,744,745,746,-1,746,745,747,-1,745,748,747,-1,747,748,749,-1,744,750,745,-1,745,750,751,-1,745,751,748,-1,748,751,752,-1,749,753,747,-1,747,753,754,-1,747,754,746,-1,746,754,755,-1,756,757,758,-1,758,757,759,-1,757,760,759,-1,759,760,761,-1,756,762,757,-1,757,762,763,-1,757,763,760,-1,760,763,764,-1,761,765,759,-1,759,765,766,-1,759,766,758,-1,758,766,767,-1,768,769,770,-1,770,769,771,-1,769,772,771,-1,771,772,773,-1,768,774,769,-1,769,774,775,-1,769,775,772,-1,772,775,776,-1,773,777,771,-1,771,777,778,-1,771,778,770,-1,770,778,779,-1,780,781,782,-1,782,781,783,-1,781,784,783,-1,783,784,785,-1,780,786,781,-1,781,786,787,-1,781,787,784,-1,784,787,788,-1,785,789,783,-1,783,789,790,-1,783,790,782,-1,782,790,791,-1,792,793,794,-1,794,793,795,-1,793,796,795,-1,795,796,797,-1,792,798,793,-1,793,798,799,-1,793,799,796,-1,796,799,800,-1,797,801,795,-1,795,801,802,-1,795,802,794,-1,794,802,803,-1,804,805,806,-1,806,805,807,-1,805,808,807,-1,807,808,809,-1,804,810,805,-1,805,810,811,-1,805,811,808,-1,808,811,812,-1,809,813,807,-1,807,813,814,-1,807,814,806,-1,806,814,815,-1,816,817,818,-1,818,817,819,-1,817,820,819,-1,819,820,821,-1,816,822,817,-1,817,822,823,-1,817,823,820,-1,820,823,824,-1,821,825,819,-1,819,825,826,-1,819,826,818,-1,818,826,827,-1,828,829,830,-1,830,829,831,-1,829,832,831,-1,831,832,833,-1,828,834,829,-1,829,834,835,-1,829,835,832,-1,832,835,836,-1,833,837,831,-1,831,837,838,-1,831,838,830,-1,830,838,839,-1,840,841,842,-1,842,841,843,-1,841,844,843,-1,843,844,845,-1,840,846,841,-1,841,846,847,-1,841,847,844,-1,844,847,848,-1,845,849,843,-1,843,849,850,-1,843,850,842,-1,842,850,851,-1,852,853,854,-1,854,853,855,-1,853,856,855,-1,855,856,857,-1,852,858,853,-1,853,858,859,-1,853,859,856,-1,856,859,860,-1,857,861,855,-1,855,861,862,-1,855,862,854,-1,854,862,863,-1,864,865,866,-1,866,865,867,-1,865,868,867,-1,867,868,869,-1,864,870,865,-1,865,870,871,-1,865,871,868,-1,868,871,872,-1,869,873,867,-1,867,873,874,-1,867,874,866,-1,866,874,875,-1,876,877,878,-1,878,877,879,-1,877,880,879,-1,879,880,881,-1,876,882,877,-1,877,882,883,-1,877,883,880,-1,880,883,884,-1,881,885,879,-1,879,885,886,-1,879,886,878,-1,878,886,887,-1,888,889,890,-1,890,889,891,-1,889,892,891,-1,891,892,893,-1,888,894,889,-1,889,894,895,-1,889,895,892,-1,892,895,896,-1,893,897,891,-1,891,897,898,-1,891,898,890,-1,890,898,899,-1,900,901,902,-1,902,901,903,-1,901,904,903,-1,903,904,905,-1,900,906,901,-1,901,906,907,-1,901,907,904,-1,904,907,908,-1,905,909,903,-1,903,909,910,-1,903,910,902,-1,902,910,911,-1,912,913,914,-1,914,913,915,-1,913,916,915,-1,915,916,917,-1,912,918,913,-1,913,918,919,-1,913,919,916,-1,916,919,920,-1,917,921,915,-1,915,921,922,-1,915,922,914,-1,914,922,923,-1,924,925,926,-1,926,925,927,-1,928,929,930,-1,930,929,931,-1,932,933,934,-1,934,933,935,-1,935,933,936,-1,936,933,937,-1,936,937,938,-1,938,937,939,-1,939,937,940,-1,939,940,941,-1,941,940,942,-1,942,940,943,-1,942,943,944,-1,944,943,945,-1,945,943,946,-1,945,946,947,-1,947,946,948,-1,948,946,949,-1,948,949,950,-1,950,949,951,-1,951,949,952,-1,951,952,953,-1,953,952,954,-1,954,952,955,-1,954,955,956,-1,956,955,957,-1,957,955,958,-1,957,958,959,-1,960,961,958,-1,958,961,962,-1,958,962,959,-1,963,964,965,-1,965,964,966,-1,965,966,960,-1,960,966,967,-1,960,967,961,-1,968,932,934,-1,969,928,930,-1,950,970,948,-1,948,970,947,-1,947,970,945,-1,945,970,971,-1,945,971,944,-1,944,971,972,-1,944,972,942,-1,973,974,936,-1,936,938,973,-1,973,938,939,-1,973,939,972,-1,972,939,941,-1,972,941,942,-1,930,968,969,-1,969,968,934,-1,969,934,974,-1,974,934,935,-1,974,935,936,-1,924,926,975,-1,975,926,976,-1,963,975,964,-1,964,975,976,-1,964,976,966,-1,966,976,977,-1,978,961,977,-1,977,961,967,-1,977,967,966,-1,979,959,978,-1,978,959,962,-1,978,962,961,-1,980,956,979,-1,979,956,957,-1,979,957,959,-1,950,951,970,-1,970,951,953,-1,970,953,980,-1,980,953,954,-1,980,954,956,-1,
        ]
    }
}
Shape{
    appearance Appearance {
        material  Material 	{
            diffuseColor 0.7529411764705882 0.7529411764705882 0.7529411764705882
            specularColor 0.3764705882352941 0.3764705882352941 0.3764705882352941
            ambientIntensity 0.7529
            transparency 0.0
            shininess 0.5
        }
    }
    geometry IndexedFaceSet {
        ccw TRUE
        solid FALSE
        coord DEF co Coordinate {
            point [
                -3.5181 0.9131 1.6929, -3.5181 0.9131 1.689, -3.7066 0.9131 1.6929, -3.7066 0.9131 1.689, -3.6209 1.0918 1.6929, -3.6209 1.0918 1.689
            ]
        }
        coordIndex [
            0,1,2,-1,2,1,3,-1,4,5,0,-1,0,5,1,-1,4,2,5,-1,5,2,3,-1,5,3,1,-1,
        ]
    }
}
Shape{
    appearance Appearance {
        material  Material 	{
            diffuseColor 0.25098039215686274 0.25098039215686274 0.25098039215686274
            specularColor 0.12549019607843137 0.12549019607843137 0.12549019607843137
            ambientIntensity 0.251
            transparency 0.0
            shininess 0.5
        }
    }
    geometry IndexedFaceSet {
        ccw TRUE
        solid FALSE
        coord DEF co Coordinate {
            point [
                -3.7598 -0.6004 0.0394, -3.7659 -0.5545 -0.1968, -3.7659 -0.5545 0.0394, -3.7836 -0.5118 -0.1968, -3.7836 -0.5118 0.0394, -3.8117 -0.4751 -0.1968, -3.8117 -0.4751 0.0394, -3.8484 -0.447 -0.1968, -3.8484 -0.447 0.0394, -3.8912 -0.4293 -0.1968, -3.8912 -0.4293 0.0394, -3.937 -0.4232 -0.1968, -3.937 -0.4232 0.0394, -3.9829 -0.4293 -0.1968, -3.9829 -0.4293 0.0394, -4.0256 -0.447 -0.1968, -4.0256 -0.447 0.0394, -4.0623 -0.4751 -0.1968, -4.0623 -0.4751 0.0394, -4.0904 -0.5118 -0.1968, -4.0904 -0.5118 0.0394, -4.1081 -0.5545 -0.1968, -4.1081 -0.5545 0.0394, -4.1142 -0.6004 -0.1968, -4.1142 -0.6004 0.0394, -4.1081 -0.6463 -0.1968, -4.1081 -0.6463 0.0394, -4.0904 -0.689 -0.1968, -4.0904 -0.689 0.0394, -4.0623 -0.7257 -0.1968, -4.0623 -0.7257 0.0394, -4.0256 -0.7538 -0.1968, -4.0256 -0.7538 0.0394, -3.9829 -0.7715 -0.1968, -3.9829 -0.7715 0.0394, -3.937 -0.7776 -0.1968, -3.937 -0.7776 0.0394, -3.8912 -0.7715 -0.1968, -3.8912 -0.7715 0.0394, -3.8484 -0.7538 -0.1968, -3.8484 -0.7538 0.0394, -3.8117 -0.7257 -0.1968, -3.8117 -0.7257 0.0394, -3.7836 -0.689 -0.1968, -3.7836 -0.689 0.0394, -3.7659 -0.6463 -0.1968, -3.7659 -0.6463 0.0394, -3.7598 -0.6004 -0.1968, -4.0222 -0.6496 -0.2756, -4.0321 -0.6259 -0.2756, -3.937 -0.6004 -0.2756, -4.0354 -0.6004 -0.2756, -4.0321 -0.5749 -0.2756, -3.9625 -0.6955 -0.2756, -3.9862 -0.6856 -0.2756, -4.0066 -0.67 -0.2756, -3.8878 -0.6856 -0.2756, -3.9115 -0.6955 -0.2756, -3.937 -0.6988 -0.2756, -3.8419 -0.6259 -0.2756, -3.8518 -0.6496 -0.2756, -3.8674 -0.67 -0.2756, -3.8518 -0.5512 -0.2756, -3.8419 -0.5749 -0.2756, -3.8386 -0.6004 -0.2756, -3.9115 -0.5053 -0.2756, -3.8878 -0.5152 -0.2756, -3.8674 -0.5308 -0.2756, -3.9862 -0.5152 -0.2756, -3.9625 -0.5053 -0.2756, -3.937 -0.502 -0.2756, -4.0222 -0.5512 -0.2756, -4.0066 -0.5308 -0.2756, 4.0797 -0.8476 -0.1968, 4.0109 -0.8761 0.0394, 4.0109 -0.8761 -0.1968, 3.937 -0.8858 0.0394, 3.937 -0.8858 -0.1968, 3.8631 -0.8761 0.0394, 3.8631 -0.8761 -0.1968, 3.7943 -0.8476 0.0394, 3.7943 -0.8476 -0.1968, 3.7736 -0.8317 0.0394, 3.7352 -0.8022 -0.1968, 3.7352 -0.8022 0.0394, 3.6898 -0.7431 0.0394, 3.6898 -0.7431 -0.1968, 3.6613 -0.6743 0.0394, 3.6613 -0.6743 -0.1968, 3.6516 -0.6004 0.0394, 3.6516 -0.6004 -0.1968, 3.6613 -0.5265 0.0394, 3.6613 -0.5265 -0.1968, 3.6898 -0.4577 0.0394, 3.6898 -0.4577 -0.1968, 3.7352 -0.3986 0.0394, 3.7352 -0.3986 -0.1968, 3.7943 -0.3532 0.0394, 3.7943 -0.3532 -0.1968, 3.8631 -0.3247 0.0394, 3.8631 -0.3247 -0.1968, 3.937 -0.315 0.0394, 3.937 -0.315 -0.1968, 4.0109 -0.3247 0.0394, 4.0109 -0.3247 -0.1968, 4.0797 -0.3532 0.0394, 4.0797 -0.3532 -0.1968, 4.1388 -0.3986 0.0394, 4.1388 -0.3986 -0.1968, 4.1842 -0.4577 0.0394, 4.1842 -0.4577 -0.1968, 4.2127 -0.5265 0.0394, 4.2127 -0.5265 -0.1968, 4.2224 -0.6004 0.0394, 4.2224 -0.6004 -0.1968, 4.2127 -0.6743 0.0394, 4.2127 -0.6743 -0.1968, 4.1842 -0.7431 0.0394, 4.1842 -0.7431 -0.1968, 4.1388 -0.8022 0.0394, 4.1388 -0.8022 -0.1968, 4.1004 -0.8317 0.0394, 4.0797 -0.8476 0.0394, 3.758 -0.7037 -0.2756, 3.7374 -0.6539 -0.2756, 3.937 -0.6004 -0.2756, 3.7303 -0.6004 -0.2756, 3.7374 -0.5469 -0.2756, 3.8835 -0.8 -0.2756, 3.8337 -0.7794 -0.2756, 3.7909 -0.7466 -0.2756, 4.0404 -0.7794 -0.2756, 3.9905 -0.8 -0.2756, 3.937 -0.8071 -0.2756, 4.1367 -0.6539 -0.2756, 4.116 -0.7037 -0.2756, 4.0832 -0.7466 -0.2756, 4.116 -0.4971 -0.2756, 4.1367 -0.5469 -0.2756, 4.1437 -0.6004 -0.2756, 3.9905 -0.4007 -0.2756, 4.0404 -0.4214 -0.2756, 4.0832 -0.4542 -0.2756, 3.8337 -0.4214 -0.2756, 3.8835 -0.4007 -0.2756, 3.937 -0.3937 -0.2756, 3.758 -0.4971 -0.2756, 3.7909 -0.4542 -0.2756, 4.3012 0.8366 0.2756, 4.3012 0.8366 0.0394, 4.2224 0.8366 0.2756, 4.1043 0.8366 0.0394, 4.1043 0.8366 0.2756, 4.2224 1.624 0.2756, 4.3012 1.624 0.2756, 4.1043 1.624 0.0394, 4.1043 1.624 0.8661, 4.1043 0.6398 0.2756, 4.1043 0.6398 0.8661, 4.2224 0.6398 0.2756, 4.2224 0.6398 0.8661, 4.2224 1.624 0.8661, -4.3012 0.8366 0.0394, -4.3012 0.8366 0.2756, -4.2077 0.8366 0.0394, -4.2224 0.8366 0.2756, -4.1043 0.8366 0.0394, -4.1043 0.8366 0.2756, -4.1043 0.6398 0.2756, -4.1043 0.6398 0.8661, -4.1043 1.624 0.8661, -4.1043 1.624 0.0394, -4.2224 0.6398 0.8661, -4.2224 1.624 0.8661, -4.2224 1.624 0.2756, -4.2224 0.6398 0.2756, 3.9075 -0.9547 1.5748, 3.9075 -0.9547 0.9843, 3.9115 -0.9853 0.9843, 3.9115 -0.9853 1.5748, 3.9233 -1.0138 0.9843, 3.9233 -1.0138 1.5748, 3.9421 -1.0382 0.9843, 3.9421 -1.0382 1.5748, 3.9665 -1.057 0.9843, 3.9665 -1.057 1.5748, 3.995 -1.0688 0.9843, 3.995 -1.0688 1.5748, 4.0256 -1.0728 0.9843, 4.0256 -1.0728 1.5748, 3.9075 -0.8366 1.5748, 3.9115 -0.9547 1.6054, 3.9115 -0.8366 1.6054, 3.9233 -0.9547 1.6339, 3.9233 -0.8366 1.6339, 3.9421 -0.9547 1.6583, 3.9421 -0.8366 1.6583, 3.9665 -0.9547 1.6771, 3.9665 -0.8366 1.6771, 3.995 -0.9547 1.6889, 3.995 -0.8366 1.6889, 4.0256 -0.9547 1.6929, 4.0256 -0.8366 1.6929, 4.0256 -1.0688 1.6054, 3.9961 -1.0649 1.6054, 3.9961 -1.0059 1.6771, 4.0103 -0.9812 1.6889, 4.004 -0.9763 1.6889, 3.9961 -0.9626 1.6889, 4.0177 -0.9843 1.6889, 4.0103 -1.0118 1.6771, 4.004 -1.0354 1.6583, 4.0256 -0.9853 1.6889, 3.9838 -0.9965 1.6771, 3.9991 -0.97 1.6889, 3.9744 -0.9843 1.6771, 3.9685 -0.97 1.6771, 4.0256 -1.0138 1.6771, 4.0256 -1.0382 1.6583, 4.0256 -1.057 1.6339, 3.9838 -1.0271 1.6583, 3.9665 -1.0138 1.6583, 3.9533 -0.9965 1.6583, 3.9449 -0.9763 1.6583, 3.9991 -1.0535 1.6339, 3.9744 -1.0433 1.6339, 3.9533 -1.0271 1.6339, 3.937 -1.0059 1.6339, 3.9268 -0.9812 1.6339, 3.9685 -1.0535 1.6054, 3.9449 -1.0354 1.6054, 3.9268 -1.0118 1.6054, 3.9154 -0.9843 1.6054, 4.3012 -1.0728 1.5748, 4.3012 -1.0688 1.6054, 4.3012 -1.057 1.6339, 4.3012 -1.0382 1.6583, 4.3012 -1.0138 1.6771, 4.3012 -0.9853 1.6889, 4.3012 -0.9547 1.6929, -3.9075 -0.9547 0.9843, -3.9075 -0.9547 1.5748, -3.9115 -0.9853 1.5748, -3.9115 -0.9853 0.9843, -3.9233 -1.0138 1.5748, -3.9233 -1.0138 0.9843, -3.9421 -1.0382 1.5748, -3.9421 -1.0382 0.9843, -3.9665 -1.057 1.5748, -3.9665 -1.057 0.9843, -3.995 -1.0688 1.5748, -3.995 -1.0688 0.9843, -4.0256 -1.0728 1.5748, -4.0256 -1.0728 0.9843, -4.3012 -1.0728 1.5748, -4.0256 -1.0688 1.6054, -4.3012 -1.0688 1.6054, -4.0256 -1.057 1.6339, -4.3012 -1.057 1.6339, -4.0256 -1.0382 1.6583, -4.3012 -1.0382 1.6583, -4.0256 -1.0138 1.6771, -4.3012 -1.0138 1.6771, -4.0256 -0.9853 1.6889, -4.3012 -0.9853 1.6889, -4.0256 -0.9547 1.6929, -4.3012 -0.9547 1.6929, -3.9115 -0.9547 1.6054, -3.9154 -0.9843 1.6054, -3.9744 -0.9843 1.6771, -3.9991 -0.97 1.6889, -4.004 -0.9763 1.6889, -4.0177 -0.9843 1.6889, -3.9961 -0.9626 1.6889, -3.9685 -0.97 1.6771, -3.9449 -0.9763 1.6583, -3.995 -0.9547 1.6889, -3.9838 -0.9965 1.6771, -4.0103 -0.9812 1.6889, -3.9961 -1.0059 1.6771, -4.0103 -1.0118 1.6771, -3.9665 -0.9547 1.6771, -3.9421 -0.9547 1.6583, -3.9233 -0.9547 1.6339, -3.9533 -0.9965 1.6583, -3.9665 -1.0138 1.6583, -3.9838 -1.0271 1.6583, -4.004 -1.0354 1.6583, -3.9268 -0.9812 1.6339, -3.937 -1.0059 1.6339, -3.9533 -1.0271 1.6339, -3.9744 -1.0433 1.6339, -3.9991 -1.0535 1.6339, -3.9268 -1.0118 1.6054, -3.9449 -1.0354 1.6054, -3.9685 -1.0535 1.6054, -3.9961 -1.0649 1.6054, -3.9075 -0.8366 1.5748, -3.9115 -0.8366 1.6054, -3.9233 -0.8366 1.6339, -3.9421 -0.8366 1.6583, -3.9665 -0.8366 1.6771, -3.995 -0.8366 1.6889, -4.0256 -0.8366 1.6929, 3.9075 -1.5847 0.9843, 3.9075 -1.6634 0.9055, 4.3012 -1.5847 0.9843, 4.3012 -1.6634 0.9055, -4.3012 -1.5847 0.9843, -4.3012 -1.6634 0.9055, -3.9075 -1.5847 0.9843, -3.9075 -1.6634 0.9055, -4.2404 -0.876 0.1135, -4.2404 -0.876 0.8389, -4.2404 -1.6634 0.1135, -4.2404 -1.6634 0.8389, -3.955 -0.876 0.8389, -3.955 -1.6634 0.8389, -3.955 -0.876 0.1135, -3.955 -1.6634 0.1135, 4.2404 -0.876 0.8389, 4.2404 -0.876 0.1135, 4.2404 -1.6634 0.8389, 4.2404 -1.6634 0.1135, 3.955 -0.876 0.1135, 3.955 -1.6634 0.1135, 3.955 -0.876 0.8389, 3.955 -1.6634 0.8389
            ]
        }
        coordIndex [
            0,1,2,-1,2,1,3,-1,2,3,4,-1,4,3,5,-1,4,5,6,-1,6,5,7,-1,6,7,8,-1,8,7,9,-1,8,9,10,-1,10,9,11,-1,10,11,12,-1,12,11,13,-1,12,13,14,-1,14,13,15,-1,14,15,16,-1,16,15,17,-1,16,17,18,-1,18,17,19,-1,18,19,20,-1,20,19,21,-1,20,21,22,-1,22,21,23,-1,22,23,24,-1,24,23,25,-1,24,25,26,-1,26,25,27,-1,26,27,28,-1,28,27,29,-1,28,29,30,-1,30,29,31,-1,30,31,32,-1,32,31,33,-1,32,33,34,-1,34,33,35,-1,34,35,36,-1,36,35,37,-1,36,37,38,-1,38,37,39,-1,38,39,40,-1,40,39,41,-1,40,41,42,-1,42,41,43,-1,42,43,44,-1,44,43,45,-1,44,45,46,-1,46,45,47,-1,46,47,0,-1,0,47,1,-1,48,49,50,-1,50,49,51,-1,50,51,52,-1,53,54,50,-1,50,54,55,-1,50,55,48,-1,56,57,50,-1,50,57,58,-1,50,58,53,-1,59,60,50,-1,50,60,61,-1,50,61,56,-1,62,63,50,-1,50,63,64,-1,50,64,59,-1,65,66,50,-1,50,66,67,-1,50,67,62,-1,68,69,50,-1,50,69,70,-1,50,70,65,-1,52,71,50,-1,50,71,72,-1,50,72,68,-1,73,74,75,-1,75,74,76,-1,75,76,77,-1,77,76,78,-1,77,78,79,-1,79,78,80,-1,79,80,81,-1,81,80,82,-1,81,82,83,-1,82,84,83,-1,83,84,85,-1,83,85,86,-1,86,85,87,-1,86,87,88,-1,88,87,89,-1,88,89,90,-1,90,89,91,-1,90,91,92,-1,92,91,93,-1,92,93,94,-1,94,93,95,-1,94,95,96,-1,96,95,97,-1,96,97,98,-1,98,97,99,-1,98,99,100,-1,100,99,101,-1,100,101,102,-1,102,101,103,-1,102,103,104,-1,104,103,105,-1,104,105,106,-1,106,105,107,-1,106,107,108,-1,108,107,109,-1,108,109,110,-1,110,109,111,-1,110,111,112,-1,112,111,113,-1,112,113,114,-1,114,113,115,-1,114,115,116,-1,116,115,117,-1,116,117,118,-1,118,117,119,-1,118,119,120,-1,120,119,121,-1,120,121,73,-1,73,121,122,-1,73,122,74,-1,123,124,125,-1,125,124,126,-1,125,126,127,-1,128,129,125,-1,125,129,130,-1,125,130,123,-1,131,132,125,-1,125,132,133,-1,125,133,128,-1,134,135,125,-1,125,135,136,-1,125,136,131,-1,137,138,125,-1,125,138,139,-1,125,139,134,-1,140,141,125,-1,125,141,142,-1,125,142,137,-1,143,144,125,-1,125,144,145,-1,125,145,140,-1,127,146,125,-1,125,146,147,-1,125,147,143,-1,47,63,1,-1,1,63,62,-1,1,62,3,-1,3,62,67,-1,3,67,5,-1,5,67,66,-1,5,66,7,-1,7,66,65,-1,7,65,9,-1,9,65,70,-1,9,70,11,-1,11,70,69,-1,11,69,13,-1,13,69,68,-1,13,68,15,-1,15,68,72,-1,15,72,17,-1,17,72,71,-1,17,71,19,-1,19,71,52,-1,19,52,21,-1,21,52,51,-1,21,51,23,-1,23,51,49,-1,23,49,25,-1,25,49,48,-1,25,48,27,-1,27,48,55,-1,27,55,29,-1,29,55,54,-1,29,54,31,-1,31,54,53,-1,31,53,33,-1,33,53,58,-1,33,58,35,-1,35,58,57,-1,35,57,37,-1,37,57,56,-1,37,56,39,-1,39,56,61,-1,39,61,41,-1,41,61,60,-1,41,60,43,-1,43,60,59,-1,43,59,45,-1,45,59,64,-1,45,64,47,-1,47,64,63,-1,114,138,112,-1,112,138,137,-1,112,137,110,-1,110,137,142,-1,110,142,108,-1,108,142,141,-1,108,141,106,-1,106,141,140,-1,106,140,104,-1,104,140,145,-1,104,145,102,-1,102,145,144,-1,102,144,100,-1,100,144,143,-1,100,143,98,-1,98,143,147,-1,98,147,96,-1,96,147,146,-1,96,146,94,-1,94,146,127,-1,94,127,92,-1,92,127,126,-1,92,126,90,-1,90,126,124,-1,90,124,88,-1,88,124,123,-1,88,123,86,-1,86,123,130,-1,86,130,83,-1,83,130,129,-1,83,129,81,-1,81,129,128,-1,81,128,79,-1,79,128,133,-1,79,133,77,-1,77,133,132,-1,77,132,75,-1,75,132,131,-1,75,131,73,-1,73,131,136,-1,73,136,120,-1,120,136,135,-1,120,135,118,-1,118,135,134,-1,118,134,116,-1,116,134,139,-1,116,139,114,-1,114,139,138,-1,148,149,150,-1,150,149,151,-1,150,151,152,-1,153,154,150,-1,150,154,148,-1,151,155,152,-1,152,155,156,-1,152,156,157,-1,157,156,158,-1,159,150,157,-1,157,150,152,-1,159,160,150,-1,150,160,161,-1,150,161,153,-1,160,158,161,-1,161,158,156,-1,160,159,158,-1,158,159,157,-1,162,163,164,-1,164,163,165,-1,164,165,166,-1,166,165,167,-1,168,169,167,-1,167,169,170,-1,167,170,166,-1,166,170,171,-1,169,172,170,-1,170,172,173,-1,174,173,165,-1,165,173,172,-1,165,172,175,-1,168,167,175,-1,175,167,165,-1,175,172,168,-1,168,172,169,-1,176,177,178,-1,176,178,179,-1,179,178,180,-1,179,180,181,-1,181,180,182,-1,181,182,183,-1,183,182,184,-1,183,184,185,-1,185,184,186,-1,185,186,187,-1,187,186,188,-1,187,188,189,-1,190,176,191,-1,190,191,192,-1,192,191,193,-1,192,193,194,-1,194,193,195,-1,194,195,196,-1,196,195,197,-1,196,197,198,-1,198,197,199,-1,198,199,200,-1,200,199,201,-1,200,201,202,-1,189,203,204,-1,205,206,207,-1,201,199,208,-1,207,206,201,-1,209,201,206,-1,209,206,210,-1,210,206,205,-1,210,205,211,-1,212,201,209,-1,213,214,215,-1,215,214,208,-1,215,208,216,-1,216,208,199,-1,216,199,197,-1,212,209,217,-1,217,209,210,-1,217,210,218,-1,218,210,211,-1,218,211,219,-1,220,213,221,-1,221,213,215,-1,221,215,222,-1,222,215,216,-1,222,216,223,-1,223,216,197,-1,223,197,195,-1,224,220,225,-1,225,220,221,-1,225,221,226,-1,226,221,222,-1,226,222,227,-1,227,222,223,-1,227,223,228,-1,228,223,195,-1,228,195,193,-1,203,224,204,-1,204,224,225,-1,204,225,229,-1,229,225,226,-1,229,226,230,-1,230,226,227,-1,230,227,231,-1,231,227,228,-1,231,228,232,-1,232,228,193,-1,232,193,191,-1,189,204,187,-1,187,204,229,-1,187,229,185,-1,185,229,230,-1,185,230,183,-1,183,230,231,-1,183,231,181,-1,181,231,232,-1,181,232,179,-1,179,232,191,-1,179,191,176,-1,214,201,208,-1,203,219,224,-1,224,219,211,-1,224,211,220,-1,220,211,205,-1,220,205,213,-1,213,205,207,-1,213,207,214,-1,214,207,201,-1,189,233,234,-1,189,234,203,-1,203,234,235,-1,203,235,219,-1,219,235,236,-1,219,236,218,-1,218,236,237,-1,218,237,217,-1,217,237,238,-1,217,238,212,-1,212,238,239,-1,212,239,201,-1,240,241,242,-1,240,242,243,-1,243,242,244,-1,243,244,245,-1,245,244,246,-1,245,246,247,-1,247,246,248,-1,247,248,249,-1,249,248,250,-1,249,250,251,-1,251,250,252,-1,251,252,253,-1,254,252,255,-1,254,255,256,-1,256,255,257,-1,256,257,258,-1,258,257,259,-1,258,259,260,-1,260,259,261,-1,260,261,262,-1,262,261,263,-1,262,263,264,-1,264,263,265,-1,264,265,266,-1,241,267,268,-1,269,270,271,-1,265,263,272,-1,271,270,265,-1,273,265,270,-1,273,270,274,-1,274,270,269,-1,274,269,275,-1,276,265,273,-1,277,278,279,-1,279,278,272,-1,279,272,280,-1,280,272,263,-1,280,263,261,-1,276,273,281,-1,281,273,274,-1,281,274,282,-1,282,274,275,-1,282,275,283,-1,284,277,285,-1,285,277,279,-1,285,279,286,-1,286,279,280,-1,286,280,287,-1,287,280,261,-1,287,261,259,-1,288,284,289,-1,289,284,285,-1,289,285,290,-1,290,285,286,-1,290,286,291,-1,291,286,287,-1,291,287,292,-1,292,287,259,-1,292,259,257,-1,267,288,268,-1,268,288,289,-1,268,289,293,-1,293,289,290,-1,293,290,294,-1,294,290,291,-1,294,291,295,-1,295,291,292,-1,295,292,296,-1,296,292,257,-1,296,257,255,-1,241,268,242,-1,242,268,293,-1,242,293,244,-1,244,293,294,-1,244,294,246,-1,246,294,295,-1,246,295,248,-1,248,295,296,-1,248,296,250,-1,250,296,255,-1,250,255,252,-1,278,265,272,-1,267,283,288,-1,288,283,275,-1,288,275,284,-1,284,275,269,-1,284,269,277,-1,277,269,271,-1,277,271,278,-1,278,271,265,-1,241,297,298,-1,241,298,267,-1,267,298,299,-1,267,299,283,-1,283,299,300,-1,283,300,282,-1,282,300,301,-1,282,301,281,-1,281,301,302,-1,281,302,276,-1,276,302,303,-1,276,303,265,-1,304,305,306,-1,306,305,307,-1,308,309,310,-1,310,309,311,-1,312,313,314,-1,314,313,315,-1,313,316,315,-1,315,316,317,-1,316,318,317,-1,317,318,319,-1,318,312,319,-1,319,312,314,-1,318,316,312,-1,312,316,313,-1,320,321,322,-1,322,321,323,-1,321,324,323,-1,323,324,325,-1,324,326,325,-1,325,326,327,-1,326,320,327,-1,327,320,322,-1,326,324,320,-1,320,324,321,-1,
        ]
    }
}
Shape{
    appearance Appearance {
        material  Material 	{
            diffuseColor 1.0 1.0 1.0
            specularColor 0.5019607843137255 0.5019607843137255 0.5019607843137255
            ambientIntensity 1.0
            transparency 0.0
            shininess 0.5
        }
    }
    geometry IndexedFaceSet {
        ccw TRUE
        solid FALSE
        coord DEF co Coordinate {
            point [
                -0.6822 -0.0211 0.0433, -0.6689 -0.0643 0.0433, -0.8139 -0.0211 0.0433, -0.8316 -0.0643 0.0433, -0.7409 0.1433 0.0433, -0.7226 0.2189 0.0433, -0.5737 -0.1748 0.0433, -0.6313 -0.1748 0.0433, -0.7447 0.157 0.0433, -0.7472 0.1709 0.0433, -0.7754 0.2189 0.0433, -0.7485 0.1709 0.0433, -0.7511 0.157 0.0433, -0.7546 0.1433 0.0433, -0.929 -0.1748 0.0433, -0.8714 -0.1748 0.0433, -0.8316 -0.0643 0.0394, -0.8714 -0.1748 0.0394, -0.6689 -0.0643 0.0394, -0.6313 -0.1748 0.0394, -0.5737 -0.1748 0.0394, -0.7226 0.2189 0.0394, -0.7754 0.2189 0.0394, -0.929 -0.1748 0.0394, -0.7546 0.1433 0.0394, -0.7511 0.157 0.0394, -0.7485 0.1709 0.0394, -0.7472 0.1709 0.0394, -0.7447 0.157 0.0394, -0.7409 0.1433 0.0394, -0.6822 -0.0211 0.0394, -0.8139 -0.0211 0.0394, -0.3391 0.2189 0.0433, -0.3391 0.2189 0.0394, -0.228 0.2189 0.0433, -0.228 0.2189 0.0394, -0.396 0.2128 0.0433, -0.396 0.2128 0.0394, -0.4421 0.1967 0.0433, -0.4421 0.1967 0.0394, -0.4849 0.168 0.0433, -0.4849 0.168 0.0394, -0.4853 0.1676 0.0433, -0.4853 0.1676 0.0394, -0.5132 0.1367 0.0433, -0.5132 0.1367 0.0394, -0.5315 0.1029 0.0433, -0.5315 0.1029 0.0394, -0.542 0.0641 0.0433, -0.542 0.0641 0.0394, -0.5449 0.027 0.0433, -0.5449 0.027 0.0394, -0.5394 -0.0257 0.0433, -0.5394 -0.0257 0.0394, -0.5252 -0.0669 0.0433, -0.5252 -0.0669 0.0394, -0.5027 -0.1021 0.0433, -0.5027 -0.1021 0.0394, -0.4703 -0.1331 0.0433, -0.4703 -0.1331 0.0394, -0.4292 -0.157 0.0433, -0.4292 -0.157 0.0394, -0.3838 -0.1705 0.0433, -0.3838 -0.1705 0.0394, -0.3351 -0.1748 0.0433, -0.3351 -0.1748 0.0394, -0.228 -0.1748 0.0433, -0.228 -0.1748 0.0394, -0.4659 0.1205 0.0433, -0.4468 0.1408 0.0433, -0.418 0.1594 0.0433, -0.3855 0.1708 0.0433, -0.3389 0.1757 0.0433, -0.2808 0.1757 0.0433, -0.2808 -0.1316 0.0433, -0.3367 -0.1316 0.0433, -0.3783 -0.1277 0.0433, -0.4114 -0.1174 0.0433, -0.4382 -0.1014 0.0433, -0.4603 -0.0796 0.0433, -0.4769 -0.0525 0.0433, -0.4885 -0.0154 0.0433, -0.4921 0.0259 0.0433, -0.4887 0.0651 0.0433, -0.4796 0.0962 0.0433, -0.3367 -0.1316 0.0394, -0.2808 -0.1316 0.0394, -0.3783 -0.1277 0.0394, -0.4114 -0.1174 0.0394, -0.4382 -0.1014 0.0394, -0.4603 -0.0796 0.0394, -0.4769 -0.0525 0.0394, -0.4885 -0.0154 0.0394, -0.4921 0.0259 0.0394, -0.4887 0.0651 0.0394, -0.4796 0.0962 0.0394, -0.4659 0.1205 0.0394, -0.4468 0.1408 0.0394, -0.418 0.1594 0.0394, -0.3855 0.1708 0.0394, -0.3389 0.1757 0.0394, -0.2808 0.1757 0.0394, 0.06 0.2189 0.0433, 0.06 0.2189 0.0394, 0.06 -0.1748 0.0433, 0.06 -0.1748 0.0394, -0.1416 0.2189 0.0433, -0.1416 0.2189 0.0394, -0.1416 0.1757 0.0433, -0.1416 0.1757 0.0394, 0.0072 0.1757 0.0433, 0.0072 0.1757 0.0394, 0.0072 0.0461 0.0433, 0.0072 0.0461 0.0394, -0.132 0.0461 0.0433, -0.132 0.0461 0.0394, -0.132 0.0029 0.0433, -0.132 0.0029 0.0394, 0.0072 0.0029 0.0433, 0.0072 0.0029 0.0394, 0.0072 -0.1316 0.0433, 0.0072 -0.1316 0.0394, -0.1512 -0.1316 0.0433, -0.1512 -0.1316 0.0394, -0.1512 -0.1748 0.0433, -0.1512 -0.1748 0.0394, 0.2452 -0.1796 0.0394, 0.2452 -0.1796 0.0433, 0.2683 -0.1772 0.0394, 0.2937 -0.1745 0.0433, 0.2937 -0.1745 0.0394, 0.3319 -0.1614 0.0433, 0.3319 -0.1614 0.0394, 0.3635 -0.1412 0.0433, 0.3635 -0.1412 0.0394, 0.3931 -0.1101 0.0433, 0.3931 -0.1101 0.0394, 0.4141 -0.0726 0.0433, 0.4141 -0.0726 0.0394, 0.4259 -0.0309 0.0433, 0.4259 -0.0309 0.0394, 0.4297 0.0146 0.0433, 0.4297 0.0146 0.0394, 0.4241 0.0706 0.0433, 0.4241 0.0706 0.0394, 0.409 0.1152 0.0433, 0.409 0.1152 0.0394, 0.3859 0.152 0.0433, 0.3859 0.152 0.0394, 0.3503 0.1862 0.0433, 0.3503 0.1862 0.0394, 0.3129 0.2077 0.0433, 0.3129 0.2077 0.0394, 0.2691 0.2205 0.0433, 0.2691 0.2205 0.0394, 0.2295 0.2237 0.0433, 0.2295 0.2237 0.0394, 0.2589 0.2213 0.0394, 0.1947 0.2213 0.0394, 0.1824 0.2205 0.0433, 0.1824 0.2205 0.0394, 0.1369 0.2081 0.0433, 0.1369 0.2081 0.0394, 0.1369 0.1553 0.0433, 0.1369 0.1553 0.0394, 0.1812 0.1743 0.0433, 0.1812 0.1743 0.0394, 0.2291 0.1805 0.0433, 0.2291 0.1805 0.0394, 0.2678 0.1762 0.0433, 0.2678 0.1762 0.0394, 0.2973 0.1655 0.0433, 0.2973 0.1655 0.0394, 0.3246 0.1473 0.0433, 0.3246 0.1473 0.0394, 0.3483 0.1211 0.0433, 0.3483 0.1211 0.0394, 0.3646 0.0907 0.0433, 0.3646 0.0907 0.0394, 0.3751 0.0485 0.0433, 0.3751 0.0485 0.0394, 0.3769 0.0179 0.0433, 0.3769 0.0179 0.0394, 0.3729 -0.0247 0.0433, 0.3729 -0.0247 0.0394, 0.3622 -0.0586 0.0433, 0.3622 -0.0586 0.0394, 0.346 -0.0859 0.0433, 0.346 -0.0859 0.0394, 0.3275 -0.1054 0.0433, 0.3275 -0.1054 0.0394, 0.3033 -0.1217 0.0433, 0.3033 -0.1217 0.0394, 0.2746 -0.1322 0.0433, 0.2746 -0.1322 0.0394, 0.2379 -0.1364 0.0433, 0.2379 -0.1364 0.0394, 0.1857 -0.1306 0.0433, 0.1857 -0.1306 0.0394, 0.1439 -0.1151 0.0433, 0.1439 -0.1151 0.0394, 0.1369 -0.1112 0.0433, 0.1369 -0.1112 0.0394, 0.1369 -0.1544 0.0433, 0.1369 -0.1544 0.0394, 0.1788 -0.1716 0.0394, 0.1788 -0.1716 0.0433, 0.2186 -0.1772 0.0394, 0.2344 -0.1794 0.0433, 0.2344 -0.1794 0.0394, 0.665 0.2189 0.0433, 0.665 0.2189 0.0394, 0.665 -0.1748 0.0433, 0.665 -0.1748 0.0394, 0.6122 0.2189 0.0433, 0.6122 0.2189 0.0394, 0.6122 -0.1316 0.0433, 0.6122 -0.1316 0.0394, 0.4634 -0.1316 0.0433, 0.4634 -0.1316 0.0394, 0.4634 -0.1748 0.0433, 0.4634 -0.1748 0.0394
            ]
        }
        coordIndex [
            0,1,2,-1,2,1,3,-1,4,5,0,-1,0,5,6,-1,0,6,1,-1,1,6,7,-1,4,8,5,-1,5,8,9,-1,5,9,10,-1,10,9,11,-1,10,11,12,-1,12,13,10,-1,10,13,2,-1,10,2,14,-1,14,2,3,-1,14,3,15,-1,3,16,15,-1,15,16,17,-1,1,18,3,-1,3,18,16,-1,7,19,1,-1,1,19,18,-1,6,20,7,-1,7,20,19,-1,5,21,6,-1,6,21,20,-1,10,22,5,-1,5,22,21,-1,14,23,10,-1,10,23,22,-1,14,15,23,-1,23,15,17,-1,24,13,12,-1,24,12,25,-1,25,12,11,-1,25,11,26,-1,9,27,11,-1,11,27,26,-1,27,9,8,-1,27,8,28,-1,28,8,4,-1,28,4,29,-1,0,30,4,-1,4,30,29,-1,2,31,0,-1,0,31,30,-1,24,31,13,-1,13,31,2,-1,32,33,34,-1,34,33,35,-1,33,32,36,-1,33,36,37,-1,37,36,38,-1,37,38,39,-1,39,38,40,-1,39,40,41,-1,41,40,42,-1,41,42,43,-1,43,42,44,-1,43,44,45,-1,45,44,46,-1,45,46,47,-1,47,46,48,-1,47,48,49,-1,49,48,50,-1,49,50,51,-1,51,50,52,-1,51,52,53,-1,53,52,54,-1,53,54,55,-1,55,54,56,-1,55,56,57,-1,57,56,58,-1,57,58,59,-1,59,58,60,-1,59,60,61,-1,61,60,62,-1,61,62,63,-1,63,62,64,-1,63,64,65,-1,66,67,64,-1,64,67,65,-1,66,34,67,-1,67,34,35,-1,46,44,68,-1,68,44,42,-1,68,42,69,-1,69,42,40,-1,69,40,70,-1,70,40,38,-1,70,38,71,-1,71,38,36,-1,71,36,72,-1,72,36,32,-1,72,32,73,-1,73,32,34,-1,73,34,74,-1,74,34,66,-1,74,66,75,-1,75,66,64,-1,75,64,76,-1,76,64,62,-1,76,62,77,-1,77,62,60,-1,77,60,78,-1,78,60,58,-1,78,58,79,-1,79,58,56,-1,79,56,80,-1,80,56,54,-1,80,54,81,-1,81,54,52,-1,81,52,82,-1,82,52,50,-1,82,50,83,-1,83,50,48,-1,83,48,84,-1,84,48,46,-1,84,46,68,-1,75,85,74,-1,74,85,86,-1,85,75,76,-1,85,76,87,-1,87,76,77,-1,87,77,88,-1,88,77,78,-1,88,78,89,-1,89,78,79,-1,89,79,90,-1,90,79,80,-1,90,80,91,-1,91,80,81,-1,91,81,92,-1,92,81,82,-1,92,82,93,-1,93,82,83,-1,93,83,94,-1,94,83,84,-1,94,84,95,-1,95,84,68,-1,95,68,96,-1,96,68,69,-1,96,69,97,-1,97,69,70,-1,97,70,98,-1,98,70,71,-1,98,71,99,-1,99,71,72,-1,99,72,100,-1,73,101,72,-1,72,101,100,-1,86,101,74,-1,74,101,73,-1,102,103,104,-1,104,103,105,-1,106,107,102,-1,102,107,103,-1,108,109,106,-1,106,109,107,-1,110,111,108,-1,108,111,109,-1,112,113,110,-1,110,113,111,-1,114,115,112,-1,112,115,113,-1,116,117,114,-1,114,117,115,-1,118,119,116,-1,116,119,117,-1,120,121,118,-1,118,121,119,-1,122,123,120,-1,120,123,121,-1,124,125,122,-1,122,125,123,-1,124,104,125,-1,125,104,105,-1,104,124,122,-1,122,120,104,-1,104,120,118,-1,104,118,102,-1,108,106,110,-1,110,106,102,-1,110,102,112,-1,112,102,118,-1,112,118,114,-1,114,118,116,-1,126,127,128,-1,128,127,129,-1,128,129,130,-1,130,129,131,-1,130,131,132,-1,132,131,133,-1,132,133,134,-1,134,133,135,-1,134,135,136,-1,136,135,137,-1,136,137,138,-1,138,137,139,-1,138,139,140,-1,140,139,141,-1,140,141,142,-1,142,141,143,-1,142,143,144,-1,144,143,145,-1,144,145,146,-1,146,145,147,-1,146,147,148,-1,148,147,149,-1,148,149,150,-1,150,149,151,-1,150,151,152,-1,152,151,153,-1,152,153,154,-1,155,156,153,-1,153,156,157,-1,153,157,154,-1,156,155,158,-1,158,155,159,-1,158,159,160,-1,160,159,161,-1,160,161,162,-1,163,164,161,-1,161,164,162,-1,164,163,165,-1,164,165,166,-1,166,165,167,-1,166,167,168,-1,168,167,169,-1,168,169,170,-1,170,169,171,-1,170,171,172,-1,172,171,173,-1,172,173,174,-1,174,173,175,-1,174,175,176,-1,176,175,177,-1,176,177,178,-1,178,177,179,-1,178,179,180,-1,180,179,181,-1,180,181,182,-1,182,181,183,-1,182,183,184,-1,184,183,185,-1,184,185,186,-1,186,185,187,-1,186,187,188,-1,188,187,189,-1,188,189,190,-1,190,189,191,-1,190,191,192,-1,192,191,193,-1,192,193,194,-1,194,193,195,-1,194,195,196,-1,196,195,197,-1,196,197,198,-1,198,197,199,-1,198,199,200,-1,200,199,201,-1,200,201,202,-1,203,204,201,-1,201,204,202,-1,205,204,206,-1,206,204,203,-1,205,206,207,-1,207,206,208,-1,207,208,209,-1,209,208,127,-1,209,127,126,-1,193,127,195,-1,195,127,208,-1,195,208,197,-1,197,208,206,-1,197,206,199,-1,199,206,203,-1,199,203,201,-1,163,161,165,-1,165,161,159,-1,165,159,167,-1,167,159,155,-1,167,155,169,-1,169,155,153,-1,169,153,171,-1,171,153,151,-1,171,151,173,-1,173,151,149,-1,173,149,175,-1,175,149,147,-1,175,147,177,-1,177,147,145,-1,177,145,179,-1,179,145,143,-1,179,143,181,-1,181,143,141,-1,181,141,183,-1,183,141,139,-1,183,139,185,-1,185,139,137,-1,185,137,187,-1,187,137,135,-1,187,135,189,-1,189,135,133,-1,189,133,191,-1,191,133,131,-1,191,131,193,-1,193,131,129,-1,193,129,127,-1,210,211,212,-1,212,211,213,-1,214,215,210,-1,210,215,211,-1,216,217,214,-1,214,217,215,-1,218,219,216,-1,216,219,217,-1,220,221,218,-1,218,221,219,-1,220,212,221,-1,221,212,213,-1,214,210,216,-1,216,210,212,-1,216,212,218,-1,218,212,220,-1,
        ]
    }
}
Shape{
    appearance Appearance {
        material  Material 	{
            diffuseColor 0.25098039215686274 0.25098039215686274 0.25098039215686274
            specularColor 0.12549019607843137 0.12549019607843137 0.12549019607843137
            ambientIntensity 0.251
            transparency 0.0
            shininess 0.5
        }
    }
    geometry IndexedFaceSet {
        ccw TRUE
        solid FALSE
        coord DEF co Coordinate {
            point [
                -0.6822 -0.0211 0.0394, -0.8139 -0.0211 0.0394, -0.7409 0.1433 0.0394, -0.7546 0.1433 0.0394, -0.7447 0.157 0.0394, -0.7511 0.157 0.0394, -0.7472 0.1709 0.0394, -0.7485 0.1709 0.0394, -0.2808 0.1757 0.0394, -0.2808 -0.1316 0.0394, -0.3389 0.1757 0.0394, -0.3367 -0.1316 0.0394, -0.3783 -0.1277 0.0394, -0.4921 0.0259 0.0394, -0.4887 0.0651 0.0394, -0.4796 0.0962 0.0394, -0.3855 0.1708 0.0394, -0.4114 -0.1174 0.0394, -0.4382 -0.1014 0.0394, -0.4603 -0.0796 0.0394, -0.4769 -0.0525 0.0394, -0.4885 -0.0154 0.0394, -0.4659 0.1205 0.0394, -0.4468 0.1408 0.0394, -0.418 0.1594 0.0394
            ]
        }
        coordIndex [
            0,1,2,-1,2,1,3,-1,2,3,4,-1,4,3,5,-1,4,5,6,-1,6,5,7,-1,8,9,10,-1,10,9,11,-1,10,11,12,-1,13,14,10,-1,10,14,15,-1,10,15,16,-1,12,17,10,-1,10,17,18,-1,10,18,19,-1,19,20,10,-1,10,20,21,-1,10,21,13,-1,22,23,15,-1,15,23,24,-1,15,24,16,-1,
        ]
    }
}