#VRML V2.0 utf8
# 3D model generated by easyeda2kicad.py (https://github.com/uPesy/easyeda2kicad.py)

Shape{
    appearance Appearance {
        material  Material 	{
            diffuseColor 0.5019607843137255 0.5019607843137255 0.5019607843137255
            specularColor 0.25098039215686274 0.25098039215686274 0.25098039215686274
            ambientIntensity 0.502
            transparency 0.0
            shininess 0.5
        }
    }
    geometry IndexedFaceSet {
        ccw TRUE
        solid FALSE
        coord DEF co Coordinate {
            point [
                1.6417 0.561 0.8661, 1.6417 0.1634 0.8661, 1.6417 0.561 0.8307, 1.6417 0.1634 0.0157, 1.6417 0.872 0.8307, 1.6417 0.872 0.0157
            ]
        }
        coordIndex [
            0,1,2,-1,2,1,3,-1,2,3,4,-1,4,3,5,-1,
        ]
    }
}
Shape{
    appearance Appearance {
        material  Material 	{
            diffuseColor 0.5019607843137255 0.25098039215686274 0.0
            specularColor 0.44313725490196076 0.2196078431372549 0.0
            ambientIntensity 0.2974
            transparency 0.0
            shininess 0.5
        }
    }
    geometry IndexedFaceSet {
        ccw TRUE
        solid FALSE
        coord DEF co Coordinate {
            point [
                1.4126 0.872 1.1378, 1.3661 0.872 1.1417, 1.4126 0.561 1.1378, 1.3661 0.1634 1.1417, 1.4375 0.561 1.1323, 1.4375 0.1634 1.1323, 1.5039 0.1634 1.1048, 1.5039 0.561 1.1048, 1.561 0.1634 1.061, 1.561 0.561 1.061, 1.6048 0.1634 1.0039, 1.6048 0.561 1.0039, 1.6323 0.1634 0.9375, 1.6323 0.561 0.9375, 1.6417 0.1634 0.8661, 1.6417 0.561 0.8661
            ]
        }
        coordIndex [
            0,1,2,-1,2,1,3,-1,2,3,4,-1,3,5,4,-1,4,5,6,-1,4,6,7,-1,7,6,8,-1,7,8,9,-1,9,8,10,-1,9,10,11,-1,11,10,12,-1,11,12,13,-1,13,12,14,-1,13,14,15,-1,
        ]
    }
}
Shape{
    appearance Appearance {
        material  Material 	{
            diffuseColor 0.5019607843137255 0.5019607843137255 0.5019607843137255
            specularColor 0.25098039215686274 0.25098039215686274 0.25098039215686274
            ambientIntensity 0.502
            transparency 0.0
            shininess 0.5
        }
    }
    geometry IndexedFaceSet {
        ccw TRUE
        solid FALSE
        coord DEF co Coordinate {
            point [
                -0.5512 -0.8996 0.5, -0.5512 -1.8445 0.5, -0.9646 -0.8996 0.5, -0.9646 -1.8445 0.5, -1.3189 -1.6476 0.5, -1.3189 -1.5295 0.5, -1.2345 -1.8445 0.5, -1.2883 -1.5255 0.5, -1.122 -1.8445 0.5, -1.2598 -1.5137 0.5, -1.2354 -1.4949 0.5, -1.2166 -1.4705 0.5, -1.2008 -0.8996 0.5, -1.122 -0.8996 0.5, -1.2008 -1.4114 0.5, -1.2048 -1.442 0.5, -0.3937 -1.8445 0.5, -0.3937 -0.8996 0.5, -0.374 -1.8445 0.5, -0.374 -0.8996 0.5, -0.1969 -0.8996 0.5, -0.1969 -1.8445 0.5, -0.2165 -0.8996 0.5, -0.2165 -1.8445 0.5, -0.9646 -1.9232 0.5787, -0.5512 -1.9232 0.5787, -1.122 -1.8948 0.5503, -1.2318 -1.8509 0.5064, -0.374 -1.9232 0.5787, -0.3937 -1.9232 0.5787, -0.2165 -1.9232 0.5787, -0.1969 -1.9232 0.5787, -1.2318 -1.8509 0.7692, -1.122 -1.8948 0.5787, -1.122 -1.8948 0.7253, -1.122 -1.8948 0.6969, -1.0509 -1.9232 0.6969, -1.0509 -1.9232 0.5787, -0.0394 -1.8445 0.5, -0.0394 -0.8996 0.5, 0.0394 -1.8445 0.5, 0.0394 -0.8996 0.5, 0.2165 -0.8996 0.5, 0.2165 -1.8445 0.5, 0.1969 -0.8996 0.5, 0.1969 -1.8445 0.5, 1.2048 -1.442 0.5, 1.2166 -1.4705 0.5, 1.122 -1.8445 0.5, 1.2008 -1.4114 0.5, 1.122 -0.8996 0.5, 1.2008 -0.8996 0.5, 1.3189 -1.5295 0.5, 1.3189 -1.6476 0.5, 1.2883 -1.5255 0.5, 1.2345 -1.8445 0.5, 1.2598 -1.5137 0.5, 1.2354 -1.4949 0.5, 0.5512 -1.8445 0.5, 0.5512 -0.8996 0.5, 0.9646 -1.8445 0.5, 0.9646 -0.8996 0.5, 0.374 -1.8445 0.5, 0.374 -0.8996 0.5, 0.3937 -1.8445 0.5, 0.3937 -0.8996 0.5, 0.0394 -1.9232 0.5787, -0.0394 -1.9232 0.5787, 0.1969 -1.9232 0.5787, 0.2165 -1.9232 0.5787, 1.122 -1.8948 0.5503, 1.2318 -1.8509 0.5064, 0.9646 -1.9232 0.5787, 0.5512 -1.9232 0.5787, 0.3937 -1.9232 0.5787, 0.374 -1.9232 0.5787, 1.122 -1.8948 0.5787, 1.2318 -1.8509 0.7692, 1.122 -1.8948 0.7253, 1.122 -1.8948 0.6969, 1.0509 -1.9232 0.6969, 1.0509 -1.9232 0.5787, -0.2833 0.5571 1.1417, -0.2833 0.872 1.1417, -0.677 0.5571 0.9144, -0.677 0.872 0.9144, 0.0591 -0.8996 0.7756, 0.0394 -0.8996 0.7756, 0.0591 -0.8996 0.7362, 0.0394 -0.8996 0.6969, 0.1772 -0.8996 0.7362, 0.1969 -0.8996 0.6969, 0.1772 -0.8996 0.7756, 0.1969 -0.8996 0.7756, 0.4134 -0.8996 0.7756, 0.3937 -0.8996 0.7756, 0.4134 -0.8996 0.7362, 0.3937 -0.8996 0.6969, 0.5315 -0.8996 0.7362, 0.5512 -0.8996 0.6969, 0.5315 -0.8996 0.7756, 0.5512 -0.8996 0.7756, 0.2362 -0.8996 0.7756, 0.2165 -0.8996 0.7756, 0.2362 -0.8996 0.7362, 0.2165 -0.8996 0.6969, 0.3543 -0.8996 0.7362, 0.374 -0.8996 0.6969, 0.3543 -0.8996 0.7756, 0.374 -0.8996 0.7756, -1.1024 -0.8996 0.7756, -1.122 -0.8996 0.7756, -1.1024 -0.8996 0.7362, -1.122 -0.8996 0.6969, -0.9843 -0.8996 0.7362, -0.9646 -0.8996 0.6969, -0.9843 -0.8996 0.7756, -0.9646 -0.8996 0.7756, -1.122 -1.8445 0.7756, -1.2048 -1.442 0.7756, -1.2166 -1.4705 0.7756, -1.3189 -1.5295 0.7756, -1.3189 -1.6476 0.7756, -1.2883 -1.5255 0.7756, -1.2345 -1.8445 0.7756, -1.2598 -1.5137 0.7756, -1.2354 -1.4949 0.7756, -1.2008 -1.4114 0.7756, -1.2008 -0.8996 0.7756, -0.5512 -1.8445 0.7756, -0.5512 -0.8996 0.7756, -0.9646 -1.8445 0.7756, -0.9646 -1.9232 0.6969, -0.5512 -1.9232 0.6969, -0.3937 -0.8996 0.7756, -0.3937 -1.8445 0.7756, -0.374 -0.8996 0.7756, -0.374 -1.8445 0.7756, -0.374 -1.9232 0.6969, -0.3937 -1.9232 0.6969, -0.2165 -1.8445 0.7756, -0.1969 -1.8445 0.7756, -0.2165 -0.8996 0.7756, -0.1969 -0.8996 0.7756, -0.1969 -1.9232 0.6969, -0.2165 -1.9232 0.6969, 1.6323 0.1634 0.9375, 1.6048 0.1634 1.0039, 1.3976 0.1634 0.8543, 1.561 0.1634 1.061, 1.5039 0.1634 1.1048, -1.6048 0.1634 1.0039, -1.6323 0.1634 0.9375, -1.3976 0.1634 0.8543, -1.6417 0.1634 0.8661, -1.3976 0.1634 0.4213, -1.6417 0.1634 0.0157, 1.3976 0.1634 0.4213, 1.6417 0.1634 0.0157, 1.6417 0.1634 0.8661, -1.4375 0.1634 1.1323, -1.5039 0.1634 1.1048, -1.561 0.1634 1.061, 1.4375 0.1634 1.1323, 1.3661 0.1634 1.1417, -1.3661 0.1634 1.1417, 0.8661 0.872 0.8911, 0.8661 0.872 1.1417, 1.3661 0.872 1.1417, -1.6417 0.872 0.8307, -1.752 0.872 0.8307, -1.752 0.872 1.1378, -0.8661 0.872 1.1417, -0.8661 0.872 0.8911, -1.3661 0.872 1.1417, -1.4126 0.872 1.1378, 0.2833 0.872 1.1417, 0.677 0.872 0.9144, 0.677 0.872 0.8911, -0.677 0.872 0.8911, 1.6417 0.872 0.0157, -1.6417 0.872 0.0157, 1.6417 0.872 0.8307, 1.4126 0.872 1.1378, 1.752 0.872 0.8307, 1.752 0.872 1.1378, -1.6417 0.561 0.8307, -1.6417 0.561 0.8661, -1.6323 0.561 0.9375, -1.6048 0.561 1.0039, -1.561 0.561 1.061, -1.5039 0.561 1.1048, -1.4375 0.561 1.1323, -1.4126 0.561 1.1378, -0.8661 0.5571 1.1417, 0.8661 0.5571 1.1417, 0.2833 0.5571 1.1417, -1.1607 0.5442 0.0157, -1.1821 0.5354 0.0157, -1.0611 0.503 0.0157, -1.0752 0.5213 0.0157, 1.0611 0.4144 0.0157, 1.0752 0.396 0.0157, -1.0935 0.3819 0.0157, -1.0752 0.396 0.0157, 1.0492 0.4587 0.0157, -1.0611 0.4144 0.0157, -1.2264 0.4587 0.0157, -1.2234 0.4816 0.0157, -1.2234 0.4357 0.0157, -1.2145 0.4144 0.0157, -1.2004 0.396 0.0157, 1.0935 0.3819 0.0157, 1.1149 0.3731 0.0157, 1.1378 0.3701 0.0157, 1.1607 0.3731 0.0157, -1.0935 0.5354 0.0157, -1.1149 0.5442 0.0157, -1.1378 0.5472 0.0157, -1.2004 0.5213 0.0157, -1.2145 0.503 0.0157, 1.1821 0.3819 0.0157, 1.2004 0.396 0.0157, 1.2145 0.4144 0.0157, -1.1821 0.3819 0.0157, -1.1607 0.3731 0.0157, -1.1378 0.3701 0.0157, 1.0522 0.4816 0.0157, 1.0611 0.503 0.0157, 1.0752 0.5213 0.0157, -1.0522 0.4357 0.0157, -1.0492 0.4587 0.0157, -1.0522 0.4816 0.0157, 1.0522 0.4357 0.0157, -1.1149 0.3731 0.0157, 1.2234 0.4357 0.0157, 1.2264 0.4587 0.0157, 1.2234 0.4816 0.0157, 1.2145 0.503 0.0157, 1.2004 0.5213 0.0157, 1.1821 0.5354 0.0157, 1.1607 0.5442 0.0157, 1.1378 0.5472 0.0157, 1.1149 0.5442 0.0157, 1.0935 0.5354 0.0157, 1.2795 -0.8209 0.8543, 1.3976 -0.8209 0.8543, -1.2795 -0.8209 0.8543, -1.3976 -0.8209 0.8543, -1.3976 -0.8209 0.4213, -1.2795 -0.8209 0.4213, 1.2795 -0.8209 0.4213, 1.3976 -0.8209 0.4213, -0.0394 -1.8445 0.7756, 0.0394 -1.8445 0.7756, -0.0394 -0.8996 0.7756, 0.9646 -1.9232 0.6969, 0.5512 -1.9232 0.6969, 0.3937 -1.9232 0.6969, 0.374 -1.9232 0.6969, 0.2165 -1.9232 0.6969, 0.1969 -1.9232 0.6969, 0.0394 -1.9232 0.6969, -0.0394 -1.9232 0.6969, 0.9843 -0.8996 0.7756, 1.1024 -0.8996 0.7756, 1.122 -0.8996 0.7756, 1.2008 -0.8996 0.7756, 0.9646 -0.8996 0.7756, -0.1969 -0.8996 0.6969, -0.0394 -0.8996 0.6969, -0.3937 -0.8996 0.6969, -0.5512 -0.8996 0.6969, -0.374 -0.8996 0.6969, -0.2165 -0.8996 0.6969
            ]
        }
        coordIndex [
            0,1,2,-1,2,1,3,-1,4,5,6,-1,6,5,7,-1,6,7,8,-1,7,9,8,-1,8,9,10,-1,8,10,11,-1,12,13,14,-1,14,13,8,-1,14,8,15,-1,15,8,11,-1,16,17,18,-1,18,17,19,-1,20,21,22,-1,22,21,23,-1,3,1,24,-1,24,1,25,-1,26,27,8,-1,8,27,6,-1,28,29,18,-1,18,29,16,-1,23,21,30,-1,30,21,31,-1,27,26,32,-1,32,26,33,-1,34,32,35,-1,35,32,33,-1,35,33,36,-1,36,33,37,-1,38,39,40,-1,40,39,41,-1,42,43,44,-1,44,43,45,-1,46,47,48,-1,46,48,49,-1,49,48,50,-1,49,50,51,-1,52,53,54,-1,54,53,55,-1,54,55,56,-1,56,55,48,-1,56,48,57,-1,57,48,47,-1,58,59,60,-1,60,59,61,-1,62,63,64,-1,64,63,65,-1,66,67,40,-1,40,67,38,-1,45,43,68,-1,68,43,69,-1,48,55,70,-1,70,55,71,-1,72,73,60,-1,60,73,58,-1,74,75,64,-1,64,75,62,-1,76,70,71,-1,77,78,79,-1,80,81,79,-1,79,81,76,-1,79,76,77,-1,77,76,71,-1,82,83,84,-1,84,83,85,-1,86,87,88,-1,88,87,89,-1,88,89,90,-1,90,89,91,-1,90,91,92,-1,92,91,93,-1,94,95,96,-1,96,95,97,-1,96,97,98,-1,98,97,99,-1,98,99,100,-1,100,99,101,-1,102,103,104,-1,104,103,105,-1,104,105,106,-1,106,105,107,-1,106,107,108,-1,108,107,109,-1,110,111,112,-1,112,111,113,-1,112,113,114,-1,114,113,115,-1,114,115,116,-1,116,115,117,-1,118,119,120,-1,121,122,123,-1,123,122,124,-1,123,124,125,-1,125,124,118,-1,125,118,126,-1,126,118,120,-1,119,118,127,-1,127,118,111,-1,127,111,128,-1,129,130,131,-1,131,130,117,-1,118,124,34,-1,34,124,32,-1,132,133,131,-1,131,133,129,-1,134,135,136,-1,136,135,137,-1,137,135,138,-1,138,135,139,-1,140,141,142,-1,142,141,143,-1,144,141,145,-1,145,141,140,-1,146,147,148,-1,148,147,149,-1,148,149,150,-1,151,152,153,-1,153,152,154,-1,153,154,155,-1,155,154,156,-1,155,156,157,-1,157,156,158,-1,157,158,148,-1,148,158,159,-1,148,159,146,-1,160,161,153,-1,153,161,162,-1,153,162,151,-1,150,163,148,-1,148,163,164,-1,148,164,153,-1,153,164,165,-1,153,165,160,-1,166,167,168,-1,169,170,171,-1,172,173,174,-1,174,173,169,-1,174,169,175,-1,175,169,171,-1,176,177,83,-1,83,177,178,-1,83,178,85,-1,85,178,179,-1,179,178,180,-1,179,180,173,-1,173,180,181,-1,173,181,169,-1,178,166,180,-1,180,166,168,-1,180,168,182,-1,182,168,183,-1,182,183,184,-1,184,183,185,-1,169,181,186,-1,186,181,156,-1,186,156,187,-1,187,156,154,-1,187,154,152,-1,187,152,188,-1,188,152,151,-1,188,151,189,-1,189,151,162,-1,189,162,190,-1,190,162,161,-1,190,161,191,-1,191,161,160,-1,191,160,192,-1,174,175,193,-1,192,160,193,-1,193,160,165,-1,193,165,174,-1,172,174,194,-1,194,174,165,-1,194,165,82,-1,168,167,164,-1,164,167,195,-1,164,195,196,-1,176,83,196,-1,196,83,82,-1,196,82,164,-1,164,82,165,-1,197,198,181,-1,180,199,200,-1,201,202,156,-1,203,204,205,-1,205,204,206,-1,207,156,208,-1,208,156,181,-1,207,209,156,-1,156,209,210,-1,156,210,211,-1,202,212,156,-1,156,212,213,-1,156,213,158,-1,158,213,214,-1,158,214,215,-1,200,216,180,-1,180,216,217,-1,180,217,181,-1,181,217,218,-1,181,218,197,-1,198,219,181,-1,181,219,220,-1,181,220,208,-1,215,221,158,-1,158,221,222,-1,158,222,223,-1,211,224,156,-1,156,224,225,-1,156,225,226,-1,227,199,228,-1,228,199,229,-1,206,230,205,-1,205,230,231,-1,205,231,227,-1,227,231,232,-1,227,232,199,-1,201,156,233,-1,233,156,226,-1,233,226,205,-1,205,226,234,-1,205,234,203,-1,223,235,158,-1,158,235,236,-1,158,236,180,-1,180,236,237,-1,180,237,238,-1,238,239,180,-1,180,239,240,-1,180,240,241,-1,241,242,180,-1,180,242,243,-1,180,243,199,-1,199,243,244,-1,199,244,229,-1,245,246,148,-1,245,148,247,-1,247,148,153,-1,247,153,248,-1,249,248,155,-1,155,248,153,-1,249,155,250,-1,250,155,157,-1,250,157,251,-1,251,157,252,-1,247,248,250,-1,250,248,249,-1,122,121,4,-1,4,121,5,-1,253,254,255,-1,255,254,87,-1,81,80,72,-1,72,80,256,-1,72,256,73,-1,73,256,257,-1,73,257,74,-1,74,257,258,-1,74,258,75,-1,75,258,259,-1,75,259,69,-1,69,259,260,-1,69,260,68,-1,68,260,261,-1,68,261,66,-1,66,261,262,-1,66,262,67,-1,67,262,263,-1,67,263,31,-1,31,263,144,-1,31,144,30,-1,30,144,145,-1,30,145,28,-1,28,145,138,-1,28,138,29,-1,29,138,139,-1,29,139,25,-1,25,139,133,-1,25,133,24,-1,24,133,132,-1,24,132,37,-1,37,132,36,-1,12,14,128,-1,128,14,127,-1,127,14,119,-1,119,14,15,-1,119,15,120,-1,120,15,11,-1,120,11,126,-1,126,11,10,-1,126,10,125,-1,125,10,9,-1,125,9,123,-1,123,9,7,-1,123,7,121,-1,121,7,5,-1,122,4,6,-1,27,32,6,-1,6,32,124,-1,6,124,122,-1,262,254,263,-1,263,254,253,-1,250,12,247,-1,247,12,128,-1,250,20,22,-1,22,19,250,-1,250,19,17,-1,250,17,0,-1,0,2,250,-1,250,2,13,-1,250,13,12,-1,61,251,50,-1,50,251,51,-1,251,41,250,-1,250,41,39,-1,250,39,20,-1,61,59,251,-1,251,59,65,-1,251,65,63,-1,63,42,251,-1,251,42,44,-1,251,44,41,-1,245,94,100,-1,142,143,247,-1,128,111,247,-1,247,111,110,-1,92,93,245,-1,264,265,245,-1,245,265,266,-1,245,266,267,-1,110,116,247,-1,247,116,117,-1,247,117,130,-1,130,134,247,-1,247,134,136,-1,247,136,142,-1,100,101,245,-1,245,101,268,-1,245,268,264,-1,93,103,245,-1,245,103,102,-1,245,102,108,-1,108,109,245,-1,245,109,95,-1,245,95,94,-1,143,255,247,-1,247,255,87,-1,247,87,245,-1,245,87,86,-1,245,86,92,-1,144,263,269,-1,269,263,270,-1,269,270,143,-1,143,270,255,-1,143,141,269,-1,269,141,144,-1,255,270,253,-1,253,270,263,-1,271,272,139,-1,139,272,133,-1,272,271,130,-1,130,271,134,-1,130,129,272,-1,272,129,133,-1,134,271,135,-1,135,271,139,-1,138,145,273,-1,273,145,274,-1,273,274,136,-1,136,274,142,-1,136,137,273,-1,273,137,138,-1,142,274,140,-1,140,274,145,-1,132,115,36,-1,36,115,113,-1,36,113,35,-1,111,118,113,-1,113,118,34,-1,113,34,35,-1,115,132,117,-1,117,132,131,-1,
        ]
    }
}
Shape{
    appearance Appearance {
        material  Material 	{
            diffuseColor 1.0 1.0 0.5019607843137255
            specularColor 0.5019607843137255 0.5019607843137255 0.25098039215686274
            ambientIntensity 0.9432
            transparency 0.0
            shininess 0.5
        }
    }
    geometry IndexedFaceSet {
        ccw TRUE
        solid FALSE
        coord DEF co Coordinate {
            point [
                -1.1024 -1.8248 0.7756, -1.1024 -0.8996 0.7756, -1.1024 -1.8248 0.7362, -1.1024 -0.8996 0.7362, -0.9843 -1.8248 0.7362, -0.9843 -0.8996 0.7362, -0.9843 -1.8248 0.7756, -0.9843 -0.8996 0.7756
            ]
        }
        coordIndex [
            0,1,2,-1,2,1,3,-1,2,3,4,-1,4,3,5,-1,4,5,6,-1,6,5,7,-1,6,7,0,-1,0,7,1,-1,0,2,6,-1,6,2,4,-1,
        ]
    }
}
Shape{
    appearance Appearance {
        material  Material 	{
            diffuseColor 0.5019607843137255 0.5019607843137255 0.5019607843137255
            specularColor 0.25098039215686274 0.25098039215686274 0.25098039215686274
            ambientIntensity 0.502
            transparency 0.0
            shininess 0.5
        }
    }
    geometry IndexedFaceSet {
        ccw TRUE
        solid FALSE
        coord DEF co Coordinate {
            point [
                0.9843 -0.8996 0.7756, 0.9646 -0.8996 0.7756, 0.9843 -0.8996 0.7362, 0.9646 -0.8996 0.6969, 1.1024 -0.8996 0.7362, 1.122 -0.8996 0.6969, 1.1024 -0.8996 0.7756, 1.122 -0.8996 0.7756, 1.2354 -1.4949 0.7756, 1.2166 -1.4705 0.7756, 1.122 -1.8445 0.7756, 1.2008 -0.8996 0.7756, 1.2008 -1.4114 0.7756, 1.2048 -1.442 0.7756, 1.3189 -1.6476 0.7756, 1.3189 -1.5295 0.7756, 1.2345 -1.8445 0.7756, 1.2883 -1.5255 0.7756, 1.2598 -1.5137 0.7756, 0.5512 -0.8996 0.7756, 0.5512 -1.8445 0.7756, 0.9646 -1.8445 0.7756, 1.2318 -1.8509 0.7692, 1.122 -1.8948 0.7253, 0.5512 -1.9232 0.6969, 0.9646 -1.9232 0.6969, 0.3937 -1.8445 0.7756, 0.3937 -0.8996 0.7756, 0.374 -1.8445 0.7756, 0.374 -0.8996 0.7756, 0.3937 -1.9232 0.6969, 0.374 -1.9232 0.6969, 0.1969 -1.8445 0.7756, 0.2165 -1.8445 0.7756, 0.1969 -0.8996 0.7756, 0.2165 -0.8996 0.7756, 0.1969 -1.9232 0.6969, 0.2165 -1.9232 0.6969, 0.677 0.872 0.9144, 0.2833 0.872 1.1417, 0.677 0.5571 0.9144, 0.2833 0.5571 1.1417, 1.3976 -0.8209 0.8543, 1.3976 -0.8209 0.4213, 1.3976 0.1634 0.8543, 1.3976 0.1634 0.4213, 1.2795 -0.8209 0.8543, 1.2795 -0.8209 0.4213, 1.3189 -1.5295 0.5, 1.3189 -1.6476 0.5, 1.2008 -1.4114 0.5, 1.2008 -0.8996 0.5, 1.2883 -1.5255 0.5, 1.2598 -1.5137 0.5, 1.2354 -1.4949 0.5, 1.2166 -1.4705 0.5, 1.2048 -1.442 0.5, 1.2318 -1.8509 0.5064, 1.2345 -1.8445 0.5, 0.0394 -1.9232 0.6969, 0.0394 -0.8996 0.6969, 0.1969 -0.8996 0.6969, 0.0394 -0.8996 0.7756, 0.0394 -1.8445 0.7756, 0.5512 -0.8996 0.6969, 0.3937 -0.8996 0.6969, 0.2165 -0.8996 0.6969, 0.374 -0.8996 0.6969, 1.122 -1.8948 0.6969, 1.0509 -1.9232 0.6969
            ]
        }
        coordIndex [
            0,1,2,-1,2,1,3,-1,2,3,4,-1,4,3,5,-1,4,5,6,-1,6,5,7,-1,8,9,10,-1,11,7,12,-1,12,7,10,-1,12,10,13,-1,13,10,9,-1,14,15,16,-1,16,15,17,-1,16,17,10,-1,10,17,18,-1,10,18,8,-1,19,20,1,-1,1,20,21,-1,16,10,22,-1,22,10,23,-1,24,25,20,-1,20,25,21,-1,26,27,28,-1,28,27,29,-1,26,28,30,-1,30,28,31,-1,32,33,34,-1,34,33,35,-1,32,36,33,-1,33,36,37,-1,38,39,40,-1,40,39,41,-1,42,43,44,-1,44,43,45,-1,42,46,43,-1,43,46,47,-1,15,14,48,-1,48,14,49,-1,50,51,12,-1,12,51,11,-1,15,48,17,-1,17,48,52,-1,17,52,18,-1,18,52,53,-1,18,53,8,-1,8,53,54,-1,8,54,9,-1,9,54,55,-1,9,55,13,-1,13,55,56,-1,13,56,12,-1,12,56,50,-1,22,57,16,-1,16,57,58,-1,16,58,14,-1,14,58,49,-1,51,47,11,-1,11,47,46,-1,59,36,60,-1,60,36,61,-1,32,34,36,-1,36,34,61,-1,60,62,59,-1,59,62,63,-1,64,65,24,-1,24,65,30,-1,20,19,24,-1,24,19,64,-1,65,27,30,-1,30,27,26,-1,37,31,66,-1,66,31,67,-1,28,29,31,-1,31,29,67,-1,66,35,37,-1,37,35,33,-1,68,5,69,-1,69,5,3,-1,69,3,25,-1,10,7,23,-1,23,7,5,-1,23,5,68,-1,25,3,21,-1,21,3,1,-1,
        ]
    }
}
Shape{
    appearance Appearance {
        material  Material 	{
            diffuseColor 1.0 1.0 0.5019607843137255
            specularColor 0.5019607843137255 0.5019607843137255 0.25098039215686274
            ambientIntensity 0.9432
            transparency 0.0
            shininess 0.5
        }
    }
    geometry IndexedFaceSet {
        ccw TRUE
        solid FALSE
        coord DEF co Coordinate {
            point [
                1.1024 -0.8996 0.7756, 1.1024 -1.8248 0.7756, 1.1024 -0.8996 0.7362, 1.1024 -1.8248 0.7362, 0.9843 -0.8996 0.7362, 0.9843 -1.8248 0.7362, 0.9843 -0.8996 0.7756, 0.9843 -1.8248 0.7756, 0.3543 -1.7658 0.7756, 0.2362 -1.7658 0.7756, 0.3543 -1.7658 0.7362, 0.2362 -1.7658 0.7362, 0.3543 -0.8996 0.7362, 0.2362 -0.8996 0.7362, 0.3543 -0.8996 0.7756, 0.2362 -0.8996 0.7756, 0.5315 -1.8248 0.7756, 0.4134 -1.8248 0.7756, 0.5315 -1.8248 0.7362, 0.4134 -1.8248 0.7362, 0.5315 -0.8996 0.7362, 0.4134 -0.8996 0.7362, 0.5315 -0.8996 0.7756, 0.4134 -0.8996 0.7756, 0.1772 -1.7658 0.7756, 0.0591 -1.7658 0.7756, 0.1772 -1.7658 0.7362, 0.0591 -1.7658 0.7362, 0.1772 -0.8996 0.7362, 0.0591 -0.8996 0.7362, 0.1772 -0.8996 0.7756, 0.0591 -0.8996 0.7756
            ]
        }
        coordIndex [
            0,1,2,-1,2,1,3,-1,2,3,4,-1,4,3,5,-1,4,5,6,-1,6,5,7,-1,6,7,0,-1,0,7,1,-1,3,1,5,-1,5,1,7,-1,8,9,10,-1,10,9,11,-1,12,10,13,-1,13,10,11,-1,14,15,8,-1,8,15,9,-1,14,8,12,-1,12,8,10,-1,15,13,9,-1,9,13,11,-1,16,17,18,-1,18,17,19,-1,20,18,21,-1,21,18,19,-1,22,23,16,-1,16,23,17,-1,22,16,20,-1,20,16,18,-1,23,21,17,-1,17,21,19,-1,24,25,26,-1,26,25,27,-1,28,26,29,-1,29,26,27,-1,30,31,24,-1,24,31,25,-1,30,24,28,-1,28,24,26,-1,31,29,25,-1,25,29,27,-1,
        ]
    }
}
Shape{
    appearance Appearance {
        material  Material 	{
            diffuseColor 0.5019607843137255 0.5019607843137255 0.5019607843137255
            specularColor 0.25098039215686274 0.25098039215686274 0.25098039215686274
            ambientIntensity 0.502
            transparency 0.0
            shininess 0.5
        }
    }
    geometry IndexedFaceSet {
        ccw TRUE
        solid FALSE
        coord DEF co Coordinate {
            point [
                0.8661 0.5571 0.8911, 0.677 0.5571 0.8911, 0.8661 0.5571 1.1417, 0.677 0.5571 0.9144, 0.2833 0.5571 1.1417, 0.8661 0.872 0.8911, 0.677 0.872 0.8911, 0.8661 0.872 1.1417, 0.677 0.872 0.9144, -0.677 0.5571 0.8911, -0.8661 0.5571 0.8911, -0.677 0.5571 0.9144, -0.8661 0.5571 1.1417, -0.2833 0.5571 1.1417, -0.677 0.872 0.8911, -0.8661 0.872 0.8911, -0.8661 0.872 1.1417, -0.677 0.872 0.9144, -1.2264 0.4587 0.0157, -1.2234 0.4357 -0.1811, -1.2234 0.4357 0.0157, -1.2145 0.4144 -0.1811, -1.2145 0.4144 0.0157, -1.2004 0.396 -0.1811, -1.2004 0.396 0.0157, -1.1821 0.3819 -0.1811, -1.1821 0.3819 0.0157, -1.1607 0.3731 -0.1811, -1.1607 0.3731 0.0157, -1.1378 0.3701 -0.1811, -1.1378 0.3701 0.0157, -1.1149 0.3731 -0.1811, -1.1149 0.3731 0.0157, -1.0935 0.3819 -0.1811, -1.0935 0.3819 0.0157, -1.0752 0.396 -0.1811, -1.0752 0.396 0.0157, -1.0611 0.4144 -0.1811, -1.0611 0.4144 0.0157, -1.0522 0.4357 -0.1811, -1.0522 0.4357 0.0157, -1.0492 0.4587 -0.1811, -1.0492 0.4587 0.0157, -1.0522 0.4816 -0.1811, -1.0522 0.4816 0.0157, -1.0611 0.503 -0.1811, -1.0611 0.503 0.0157, -1.0752 0.5213 -0.1811, -1.0752 0.5213 0.0157, -1.0935 0.5354 -0.1811, -1.0935 0.5354 0.0157, -1.1149 0.5442 -0.1811, -1.1149 0.5442 0.0157, -1.1378 0.5472 -0.1811, -1.1378 0.5472 0.0157, -1.1607 0.5442 -0.1811, -1.1607 0.5442 0.0157, -1.1821 0.5354 -0.1811, -1.1821 0.5354 0.0157, -1.2004 0.5213 -0.1811, -1.2004 0.5213 0.0157, -1.2145 0.503 -0.1811, -1.2145 0.503 0.0157, -1.2234 0.4816 -0.1811, -1.2234 0.4816 0.0157, -1.2264 0.4587 -0.1811, -1.0952 0.4833 -0.2205, -1.0903 0.4714 -0.2205, -1.1378 0.4587 -0.2205, -1.0886 0.4587 -0.2205, -1.0903 0.4459 -0.2205, -1.1251 0.5062 -0.2205, -1.1132 0.5013 -0.2205, -1.103 0.4935 -0.2205, -1.1624 0.5013 -0.2205, -1.1505 0.5062 -0.2205, -1.1378 0.5079 -0.2205, -1.1853 0.4714 -0.2205, -1.1804 0.4833 -0.2205, -1.1726 0.4935 -0.2205, -1.1804 0.4341 -0.2205, -1.1853 0.4459 -0.2205, -1.187 0.4587 -0.2205, -1.1505 0.4111 -0.2205, -1.1624 0.416 -0.2205, -1.1726 0.4239 -0.2205, -1.1132 0.416 -0.2205, -1.1251 0.4111 -0.2205, -1.1378 0.4094 -0.2205, -1.0952 0.4341 -0.2205, -1.103 0.4239 -0.2205, 1.0492 0.4587 0.0157, 1.0522 0.4357 -0.1811, 1.0522 0.4357 0.0157, 1.0611 0.4144 -0.1811, 1.0611 0.4144 0.0157, 1.0752 0.396 -0.1811, 1.0752 0.396 0.0157, 1.0935 0.3819 -0.1811, 1.0935 0.3819 0.0157, 1.1149 0.3731 -0.1811, 1.1149 0.3731 0.0157, 1.1378 0.3701 -0.1811, 1.1378 0.3701 0.0157, 1.1607 0.3731 -0.1811, 1.1607 0.3731 0.0157, 1.1821 0.3819 -0.1811, 1.1821 0.3819 0.0157, 1.2004 0.396 -0.1811, 1.2004 0.396 0.0157, 1.2145 0.4144 -0.1811, 1.2145 0.4144 0.0157, 1.2234 0.4357 -0.1811, 1.2234 0.4357 0.0157, 1.2264 0.4587 -0.1811, 1.2264 0.4587 0.0157, 1.2234 0.4816 -0.1811, 1.2234 0.4816 0.0157, 1.2145 0.503 -0.1811, 1.2145 0.503 0.0157, 1.2004 0.5213 -0.1811, 1.2004 0.5213 0.0157, 1.1821 0.5354 -0.1811, 1.1821 0.5354 0.0157, 1.1607 0.5442 -0.1811, 1.1607 0.5442 0.0157, 1.1378 0.5472 -0.1811, 1.1378 0.5472 0.0157, 1.1149 0.5442 -0.1811, 1.1149 0.5442 0.0157, 1.0935 0.5354 -0.1811, 1.0935 0.5354 0.0157, 1.0752 0.5213 -0.1811, 1.0752 0.5213 0.0157, 1.0611 0.503 -0.1811, 1.0611 0.503 0.0157, 1.0522 0.4816 -0.1811, 1.0522 0.4816 0.0157, 1.0492 0.4587 -0.1811, 1.0952 0.4341 -0.2205, 1.0903 0.4459 -0.2205, 1.1378 0.4587 -0.2205, 1.0886 0.4587 -0.2205, 1.0903 0.4714 -0.2205, 1.1251 0.4111 -0.2205, 1.1132 0.416 -0.2205, 1.103 0.4239 -0.2205, 1.1624 0.416 -0.2205, 1.1505 0.4111 -0.2205, 1.1378 0.4094 -0.2205, 1.1853 0.4459 -0.2205, 1.1804 0.4341 -0.2205, 1.1726 0.4239 -0.2205, 1.1804 0.4833 -0.2205, 1.1853 0.4714 -0.2205, 1.187 0.4587 -0.2205, 1.1505 0.5062 -0.2205, 1.1624 0.5013 -0.2205, 1.1726 0.4935 -0.2205, 1.1132 0.5013 -0.2205, 1.1251 0.5062 -0.2205, 1.1378 0.5079 -0.2205, 1.0952 0.4833 -0.2205, 1.103 0.4935 -0.2205, -0.0394 -0.8996 0.5787, -0.0394 -0.8996 0.5, -0.0394 -1.9232 0.5787, -0.0394 -1.8445 0.5, -0.1969 -1.8445 0.5, -0.1969 -0.8996 0.5, -0.1969 -1.9232 0.5787, -0.1969 -0.8996 0.5787, 1.122 -0.8996 0.5787, 1.122 -0.8996 0.5, 1.122 -1.8948 0.5787, 1.122 -1.8445 0.5, 1.122 -1.8948 0.5503, 0.9646 -1.9232 0.5787, 0.9646 -0.8996 0.5787, 1.0509 -1.9232 0.5787, 0.9646 -0.8996 0.5, 0.9646 -1.8445 0.5, -0.5512 -0.8996 0.5787, -0.3937 -0.8996 0.5787, -0.5512 -1.9232 0.5787, -0.3937 -1.9232 0.5787, -0.5512 -0.8996 0.5, -0.5512 -1.8445 0.5, -0.3937 -0.8996 0.5, -0.3937 -1.8445 0.5, -0.374 -0.8996 0.5787, -0.2165 -0.8996 0.5787, -0.374 -1.9232 0.5787, -0.2165 -1.9232 0.5787, -0.374 -0.8996 0.5, -0.374 -1.8445 0.5, -0.2165 -0.8996 0.5, -0.2165 -1.8445 0.5, 0.2165 -0.8996 0.5787, 0.2165 -1.9232 0.5787, 0.2165 -0.8996 0.5, 0.2165 -1.8445 0.5, 0.374 -0.8996 0.5, 0.374 -1.8445 0.5, 0.374 -0.8996 0.5787, 0.374 -1.9232 0.5787, 0.3937 -0.8996 0.5787, 0.3937 -1.9232 0.5787, 0.3937 -0.8996 0.5, 0.3937 -1.8445 0.5, 0.5512 -0.8996 0.5, 0.5512 -1.8445 0.5, 0.5512 -0.8996 0.5787, 0.5512 -1.9232 0.5787, 0.1969 -0.8996 0.5787, 0.1969 -1.9232 0.5787, 0.0394 -0.8996 0.5787, 0.0394 -1.9232 0.5787, 0.0394 -0.8996 0.5, 0.0394 -1.8445 0.5, 0.1969 -0.8996 0.5, 0.1969 -1.8445 0.5, -0.9646 -0.8996 0.5, -0.9646 -1.8445 0.5, -0.9646 -0.8996 0.5787, -0.9646 -1.9232 0.5787, -1.122 -1.8948 0.5787, -1.122 -0.8996 0.5787, -1.0509 -1.9232 0.5787, -1.122 -0.8996 0.5, -1.122 -1.8445 0.5, -1.122 -1.8948 0.5503, -1.752 0.561 1.1378, -1.4126 0.561 1.1378, -1.752 0.872 1.1378, -1.4126 0.872 1.1378, -1.6323 0.561 0.9375, -1.6048 0.561 1.0039, -1.561 0.561 1.061, -1.5039 0.561 1.1048, -1.4375 0.561 1.1323, -1.6417 0.561 0.8661, -1.752 0.561 0.8307, -1.6417 0.561 0.8307, -1.752 0.872 0.8307, -1.6417 0.872 0.8307, -1.7598 0.5689 1.1299, -1.7598 0.8642 1.1299, -1.7598 0.5689 0.8386, -1.7598 0.8642 0.8386, 1.752 0.872 1.1378, 1.4126 0.872 1.1378, 1.752 0.561 1.1378, 1.4126 0.561 1.1378, 1.752 0.561 0.8307, 1.6417 0.561 0.8307, 1.752 0.872 0.8307, 1.6417 0.872 0.8307, 1.4375 0.561 1.1323, 1.5039 0.561 1.1048, 1.561 0.561 1.061, 1.6048 0.561 1.0039, 1.6323 0.561 0.9375, 1.6417 0.561 0.8661, 1.7598 0.8642 1.1299, 1.7598 0.5689 1.1299, 1.7598 0.8642 0.8386, 1.7598 0.5689 0.8386, 1.7575 0.5633 1.1355, 1.7568 0.5626 1.1362, 1.7568 0.5626 0.8323, 1.7559 0.5621 1.1367, 1.7559 0.5621 0.8318, 1.755 0.5616 1.1372, 1.755 0.5616 0.8313, 1.754 0.5613 1.1375, 1.754 0.5613 0.831, 1.753 0.5611 1.1377, 1.753 0.5611 0.8308, 1.7575 0.5633 0.833, 1.7588 0.565 0.8346, 1.7588 0.565 1.1339, 1.7596 0.5669 0.8365, 1.7596 0.5669 1.132, 1.753 0.872 1.1377, 1.754 0.8718 1.1375, 1.755 0.8714 1.1372, 1.7559 0.871 1.1367, 1.7568 0.8704 1.1362, 1.7575 0.8697 1.1355, 1.7588 0.8681 1.1339, 1.7596 0.8662 1.132, 1.7568 0.8704 0.8323, 1.7575 0.8697 0.833, 1.7588 0.8681 0.8346, 1.7596 0.8662 0.8365, 1.755 0.8714 0.8313, 1.7559 0.871 0.8318, 1.753 0.872 0.8308, 1.754 0.8718 0.831, -1.7575 0.8697 1.1355, -1.7588 0.8681 0.8346, -1.7588 0.8681 1.1339, -1.7596 0.8662 0.8365, -1.7596 0.8662 1.132, -1.753 0.872 1.1377, -1.753 0.872 0.8308, -1.754 0.8718 1.1375, -1.754 0.8718 0.831, -1.755 0.8714 1.1372, -1.755 0.8714 0.8313, -1.7559 0.871 1.1367, -1.7559 0.871 0.8318, -1.7568 0.8704 1.1362, -1.7568 0.8704 0.8323, -1.7575 0.8697 0.833, -1.7588 0.565 0.8346, -1.7596 0.5669 0.8365, -1.753 0.5611 0.8308, -1.754 0.5613 0.831, -1.755 0.5616 0.8313, -1.7559 0.5621 0.8318, -1.7568 0.5626 0.8323, -1.7575 0.5633 0.833, -1.7575 0.5633 1.1355, -1.7568 0.5626 1.1362, -1.7559 0.5621 1.1367, -1.755 0.5616 1.1372, -1.754 0.5613 1.1375, -1.753 0.5611 1.1377, -1.7588 0.565 1.1339, -1.7596 0.5669 1.132
            ]
        }
        coordIndex [
            0,1,2,-1,2,1,3,-1,2,3,4,-1,5,6,0,-1,0,6,1,-1,5,0,7,-1,7,0,2,-1,1,6,3,-1,3,6,8,-1,9,10,11,-1,11,10,12,-1,11,12,13,-1,14,15,9,-1,9,15,10,-1,10,15,12,-1,12,15,16,-1,14,9,17,-1,17,9,11,-1,18,19,20,-1,20,19,21,-1,20,21,22,-1,22,21,23,-1,22,23,24,-1,24,23,25,-1,24,25,26,-1,26,25,27,-1,26,27,28,-1,28,27,29,-1,28,29,30,-1,30,29,31,-1,30,31,32,-1,32,31,33,-1,32,33,34,-1,34,33,35,-1,34,35,36,-1,36,35,37,-1,36,37,38,-1,38,37,39,-1,38,39,40,-1,40,39,41,-1,40,41,42,-1,42,41,43,-1,42,43,44,-1,44,43,45,-1,44,45,46,-1,46,45,47,-1,46,47,48,-1,48,47,49,-1,48,49,50,-1,50,49,51,-1,50,51,52,-1,52,51,53,-1,52,53,54,-1,54,53,55,-1,54,55,56,-1,56,55,57,-1,56,57,58,-1,58,57,59,-1,58,59,60,-1,60,59,61,-1,60,61,62,-1,62,61,63,-1,62,63,64,-1,64,63,65,-1,64,65,18,-1,18,65,19,-1,66,67,68,-1,68,67,69,-1,68,69,70,-1,71,72,68,-1,68,72,73,-1,68,73,66,-1,74,75,68,-1,68,75,76,-1,68,76,71,-1,77,78,68,-1,68,78,79,-1,68,79,74,-1,80,81,68,-1,68,81,82,-1,68,82,77,-1,83,84,68,-1,68,84,85,-1,68,85,80,-1,86,87,68,-1,68,87,88,-1,68,88,83,-1,70,89,68,-1,68,89,90,-1,68,90,86,-1,91,92,93,-1,93,92,94,-1,93,94,95,-1,95,94,96,-1,95,96,97,-1,97,96,98,-1,97,98,99,-1,99,98,100,-1,99,100,101,-1,101,100,102,-1,101,102,103,-1,103,102,104,-1,103,104,105,-1,105,104,106,-1,105,106,107,-1,107,106,108,-1,107,108,109,-1,109,108,110,-1,109,110,111,-1,111,110,112,-1,111,112,113,-1,113,112,114,-1,113,114,115,-1,115,114,116,-1,115,116,117,-1,117,116,118,-1,117,118,119,-1,119,118,120,-1,119,120,121,-1,121,120,122,-1,121,122,123,-1,123,122,124,-1,123,124,125,-1,125,124,126,-1,125,126,127,-1,127,126,128,-1,127,128,129,-1,129,128,130,-1,129,130,131,-1,131,130,132,-1,131,132,133,-1,133,132,134,-1,133,134,135,-1,135,134,136,-1,135,136,137,-1,137,136,138,-1,137,138,91,-1,91,138,92,-1,139,140,141,-1,141,140,142,-1,141,142,143,-1,144,145,141,-1,141,145,146,-1,141,146,139,-1,147,148,141,-1,141,148,149,-1,141,149,144,-1,150,151,141,-1,141,151,152,-1,141,152,147,-1,153,154,141,-1,141,154,155,-1,141,155,150,-1,156,157,141,-1,141,157,158,-1,141,158,153,-1,159,160,141,-1,141,160,161,-1,141,161,156,-1,143,162,141,-1,141,162,163,-1,141,163,159,-1,65,81,19,-1,19,81,80,-1,19,80,21,-1,21,80,85,-1,21,85,23,-1,23,85,84,-1,23,84,25,-1,25,84,83,-1,25,83,27,-1,27,83,88,-1,27,88,29,-1,29,88,87,-1,29,87,31,-1,31,87,86,-1,31,86,33,-1,33,86,90,-1,33,90,35,-1,35,90,89,-1,35,89,37,-1,37,89,70,-1,37,70,39,-1,39,70,69,-1,39,69,41,-1,41,69,67,-1,41,67,43,-1,43,67,66,-1,43,66,45,-1,45,66,73,-1,45,73,47,-1,47,73,72,-1,47,72,49,-1,49,72,71,-1,49,71,51,-1,51,71,76,-1,51,76,53,-1,53,76,75,-1,53,75,55,-1,55,75,74,-1,55,74,57,-1,57,74,79,-1,57,79,59,-1,59,79,78,-1,59,78,61,-1,61,78,77,-1,61,77,63,-1,63,77,82,-1,63,82,65,-1,65,82,81,-1,138,140,92,-1,92,140,139,-1,92,139,94,-1,94,139,146,-1,94,146,96,-1,96,146,145,-1,96,145,98,-1,98,145,144,-1,98,144,100,-1,100,144,149,-1,100,149,102,-1,102,149,148,-1,102,148,104,-1,104,148,147,-1,104,147,106,-1,106,147,152,-1,106,152,108,-1,108,152,151,-1,108,151,110,-1,110,151,150,-1,110,150,112,-1,112,150,155,-1,112,155,114,-1,114,155,154,-1,114,154,116,-1,116,154,153,-1,116,153,118,-1,118,153,158,-1,118,158,120,-1,120,158,157,-1,120,157,122,-1,122,157,156,-1,122,156,124,-1,124,156,161,-1,124,161,126,-1,126,161,160,-1,126,160,128,-1,128,160,159,-1,128,159,130,-1,130,159,163,-1,130,163,132,-1,132,163,162,-1,132,162,134,-1,134,162,143,-1,134,143,136,-1,136,143,142,-1,136,142,138,-1,138,142,140,-1,164,165,166,-1,166,165,167,-1,168,169,170,-1,170,169,171,-1,164,171,165,-1,165,171,169,-1,166,170,164,-1,164,170,171,-1,172,173,174,-1,174,173,175,-1,174,175,176,-1,177,178,179,-1,179,178,172,-1,179,172,174,-1,178,177,180,-1,180,177,181,-1,172,178,173,-1,173,178,180,-1,182,183,184,-1,184,183,185,-1,182,184,186,-1,186,184,187,-1,188,189,183,-1,183,189,185,-1,186,188,182,-1,182,188,183,-1,190,191,192,-1,192,191,193,-1,190,192,194,-1,194,192,195,-1,196,197,191,-1,191,197,193,-1,194,196,190,-1,190,196,191,-1,198,199,200,-1,200,199,201,-1,202,203,204,-1,204,203,205,-1,204,205,198,-1,198,205,199,-1,202,204,200,-1,200,204,198,-1,206,207,208,-1,208,207,209,-1,210,211,212,-1,212,211,213,-1,212,213,206,-1,206,213,207,-1,210,212,208,-1,208,212,206,-1,214,215,216,-1,216,215,217,-1,216,217,218,-1,218,217,219,-1,220,221,214,-1,214,221,215,-1,218,220,216,-1,216,220,214,-1,222,223,224,-1,224,223,225,-1,226,227,228,-1,228,227,224,-1,228,224,225,-1,229,227,230,-1,230,227,226,-1,230,226,231,-1,227,229,224,-1,224,229,222,-1,232,233,234,-1,234,233,235,-1,236,237,232,-1,232,237,238,-1,238,239,232,-1,232,239,240,-1,232,240,233,-1,236,232,241,-1,241,232,242,-1,241,242,243,-1,244,245,242,-1,242,245,243,-1,246,247,248,-1,248,247,249,-1,250,251,252,-1,252,251,253,-1,254,255,256,-1,256,255,257,-1,253,258,252,-1,252,258,259,-1,252,259,260,-1,260,261,252,-1,252,261,262,-1,252,262,254,-1,254,262,263,-1,254,263,255,-1,264,265,266,-1,266,265,267,-1,268,269,270,-1,270,269,271,-1,270,271,272,-1,272,271,273,-1,272,273,274,-1,274,273,275,-1,274,275,276,-1,276,275,277,-1,276,277,278,-1,278,277,252,-1,278,252,254,-1,270,279,268,-1,268,279,280,-1,268,280,281,-1,281,280,282,-1,281,282,283,-1,283,282,267,-1,283,267,265,-1,250,252,277,-1,250,277,284,-1,284,277,275,-1,284,275,285,-1,285,275,286,-1,286,275,273,-1,286,273,287,-1,287,273,271,-1,287,271,288,-1,288,271,269,-1,288,269,289,-1,269,268,289,-1,289,268,281,-1,289,281,290,-1,290,281,283,-1,290,283,291,-1,291,283,265,-1,291,265,264,-1,292,293,279,-1,279,293,294,-1,279,294,280,-1,280,294,295,-1,280,295,282,-1,282,295,266,-1,282,266,267,-1,276,296,274,-1,274,296,297,-1,274,297,272,-1,272,297,292,-1,272,292,270,-1,270,292,279,-1,254,256,278,-1,278,256,298,-1,278,298,276,-1,276,298,299,-1,276,299,296,-1,293,292,288,-1,288,292,297,-1,288,297,287,-1,287,297,296,-1,287,296,286,-1,286,296,299,-1,286,299,285,-1,285,299,298,-1,285,298,284,-1,284,298,256,-1,284,256,250,-1,288,289,293,-1,293,289,290,-1,293,290,294,-1,294,290,291,-1,294,291,295,-1,295,291,264,-1,295,264,266,-1,300,301,302,-1,302,301,303,-1,302,303,304,-1,304,303,249,-1,304,249,247,-1,234,244,305,-1,305,244,306,-1,305,306,307,-1,307,306,308,-1,307,308,309,-1,309,308,310,-1,309,310,311,-1,311,310,312,-1,311,312,313,-1,313,312,314,-1,313,314,300,-1,300,314,315,-1,300,315,301,-1,315,316,301,-1,301,316,317,-1,301,317,303,-1,303,317,248,-1,303,248,249,-1,244,242,306,-1,306,242,318,-1,306,318,308,-1,308,318,319,-1,308,319,310,-1,310,319,320,-1,310,320,312,-1,312,320,321,-1,312,321,314,-1,314,321,322,-1,314,322,315,-1,315,322,323,-1,315,323,316,-1,324,325,313,-1,313,325,326,-1,313,326,311,-1,311,326,327,-1,311,327,309,-1,309,327,328,-1,309,328,307,-1,307,328,329,-1,307,329,305,-1,305,329,232,-1,305,232,234,-1,313,300,324,-1,324,300,302,-1,324,302,330,-1,330,302,304,-1,330,304,331,-1,331,304,247,-1,331,247,246,-1,323,330,316,-1,316,330,331,-1,316,331,317,-1,317,331,246,-1,317,246,248,-1,242,232,318,-1,318,232,329,-1,318,329,319,-1,319,329,328,-1,319,328,320,-1,320,328,327,-1,320,327,321,-1,321,327,326,-1,321,326,322,-1,322,326,325,-1,322,325,323,-1,323,325,324,-1,323,324,330,-1,
        ]
    }
}
Shape{
    appearance Appearance {
        material  Material 	{
            diffuseColor 1.0 1.0 0.5019607843137255
            specularColor 0.5019607843137255 0.5019607843137255 0.25098039215686274
            ambientIntensity 0.9432
            transparency 0.0
            shininess 0.5
        }
    }
    geometry IndexedFaceSet {
        ccw TRUE
        solid FALSE
        coord DEF co Coordinate {
            point [
                -0.5315 -1.9232 0.7362, -0.5315 -0.998 0.7362, -0.4134 -1.9232 0.7362, -0.4134 -0.998 0.7362, -0.4134 -0.998 0.7756, -0.5315 -0.998 0.7756, -0.4134 -1.9232 0.7756, -0.5315 -1.9232 0.7756, -0.3346 1.0492 0.0118, -0.3346 0.7303 0.0118, -0.2559 1.0492 0.0118, -0.2559 0.7303 0.0118, -0.3346 1.0492 -0.0236, -0.2559 1.0492 -0.0236, -0.3346 0.7146 -0.0236, -0.2559 0.7146 -0.0236, -0.2559 0.7095 -0.023, -0.3346 0.7095 -0.023, -0.2559 0.7047 -0.021, -0.3346 0.7047 -0.021, -0.2559 0.7006 -0.0179, -0.3346 0.7006 -0.0179, -0.2559 0.6975 -0.0138, -0.3346 0.6975 -0.0138, -0.2559 0.6956 -0.009, -0.3346 0.6956 -0.009, -0.2559 0.6949 -0.0039, -0.3346 0.6949 -0.0039, -0.3346 0.6949 0.0157, -0.2559 0.6949 0.0157, -0.3346 0.7303 0.0157, -0.2559 0.7303 0.0157
            ]
        }
        coordIndex [
            0,1,2,-1,2,1,3,-1,4,5,6,-1,6,5,7,-1,1,5,3,-1,3,5,4,-1,7,5,0,-1,0,5,1,-1,3,4,2,-1,2,4,6,-1,7,0,6,-1,6,0,2,-1,8,9,10,-1,10,9,11,-1,12,8,13,-1,13,8,10,-1,14,12,15,-1,15,12,13,-1,14,15,16,-1,14,16,17,-1,17,16,18,-1,17,18,19,-1,19,18,20,-1,19,20,21,-1,21,20,22,-1,21,22,23,-1,23,22,24,-1,23,24,25,-1,25,24,26,-1,25,26,27,-1,28,27,29,-1,29,27,26,-1,30,28,31,-1,31,28,29,-1,9,30,11,-1,11,30,31,-1,28,30,27,-1,27,30,9,-1,8,12,9,-1,9,12,14,-1,21,23,9,-1,9,23,25,-1,9,25,27,-1,14,17,9,-1,9,17,19,-1,9,19,21,-1,11,20,18,-1,31,29,11,-1,11,29,26,-1,13,10,15,-1,15,10,11,-1,15,11,16,-1,16,11,18,-1,26,24,11,-1,11,24,22,-1,11,22,20,-1,
        ]
    }
}
Shape{
    appearance Appearance {
        material  Material 	{
            diffuseColor 1.0 1.0 1.0
            specularColor 0.5019607843137255 0.5019607843137255 0.5019607843137255
            ambientIntensity 1.0
            transparency 0.0
            shininess 0.5
        }
    }
    geometry IndexedFaceSet {
        ccw TRUE
        solid FALSE
        coord DEF co Coordinate {
            point [
                1.5236 0.8717 1.227, 1.537 0.8717 1.2209, 1.5236 0.8717 1.1417, 1.6116 0.8717 1.174, 1.6473 0.8717 1.1417, 1.6417 0.2815 0.8661, 1.6417 -1.9823 0.8661, 1.6323 -1.9823 0.9375, 1.6323 0.5571 0.9375, 1.6417 0.5571 0.8661, 1.6417 0.439 0.8661, 1.6048 0.5571 1.0039, 1.6048 -1.9823 1.0039, 1.561 0.5571 1.061, 1.561 -1.9823 1.061, 1.5039 0.5571 1.1048, 1.5039 -1.9823 1.1048, 1.4375 0.5571 1.1323, 1.4375 -1.9823 1.1323, 1.3661 0.5571 1.1417, 1.3661 -1.9823 1.1417, 0.2975 -0.7772 0.0157, 0.2687 -0.7772 0.0157, 0.2615 -0.776 0.0157, 0.2615 -0.4927 0.0157, 0.5185 -0.4927 0.0157, 0.5185 -0.776 0.0157, 1.3661 -1.2933 0.0157, 1.3661 -1.9823 0.0157, 1.1752 -1.2933 0.0157, 1.1752 -1.9823 0.0157, 0.9724 -1.2933 0.0157, 0.5185 -1.9823 0.0157, 0.9724 -0.9753 0.0157, 0.5919 -0.043 0.0157, 0.5906 -0.0532 0.0157, 0.5185 0.1634 0.0157, 0.5906 -0.1713 0.0157, 0.5919 -0.1815 0.0157, 0.5958 -0.1909 0.0157, 0.6021 -0.1991 0.0157, 0.6102 -0.2054 0.0157, 0.6197 -0.0151 0.0157, 0.6102 -0.0191 0.0157, 0.9727 -0.1991 0.0157, 0.979 -0.1909 0.0157, 1.1752 -0.4665 0.0157, 0.9829 -0.1815 0.0157, 0.6021 -0.0253 0.0157, 0.5958 -0.0335 0.0157, 0.6299 -0.2106 0.0157, 0.9449 -0.2106 0.0157, 0.9724 -0.4665 0.0157, 0.9551 -0.2093 0.0157, 0.9646 -0.2054 0.0157, 0.9646 -0.0191 0.0157, 1.1752 0.1634 0.0157, 0.9727 -0.0253 0.0157, 0.979 -0.0335 0.0157, 0.9843 -0.1713 0.0157, 0.9843 -0.0532 0.0157, 0.9829 -0.043 0.0157, 0.9551 -0.0151 0.0157, 0.9449 -0.0138 0.0157, 0.6299 -0.0138 0.0157, 1.3661 0.1634 0.0157, 1.3661 -0.4665 0.0157, -0.979 -0.0335 0.0157, -0.9829 -0.043 0.0157, -1.3661 0.1634 0.0157, -0.9843 -0.0532 0.0157, -1.3661 -0.4665 0.0157, -0.9843 -0.1713 0.0157, -0.9829 -0.1815 0.0157, -0.979 -0.1909 0.0157, -0.6299 -0.2106 0.0157, -0.6197 -0.2093 0.0157, -0.4706 -0.4927 0.0157, -0.6102 -0.2054 0.0157, -0.6021 -0.1991 0.0157, -0.5958 -0.1909 0.0157, -0.9551 -0.0151 0.0157, -0.9646 -0.0191 0.0157, -0.9727 -0.0253 0.0157, -0.9727 -0.1991 0.0157, -0.9646 -0.2054 0.0157, -0.9724 -0.4665 0.0157, -0.9551 -0.2093 0.0157, -0.9449 -0.2106 0.0157, -0.5919 -0.043 0.0157, -0.5958 -0.0335 0.0157, -0.4706 0.1634 0.0157, -0.6021 -0.0253 0.0157, -0.6102 -0.0191 0.0157, -0.6197 -0.0151 0.0157, -0.6299 -0.0138 0.0157, -0.9449 -0.0138 0.0157, -0.5919 -0.1815 0.0157, -0.5906 -0.1713 0.0157, -0.5906 -0.0532 0.0157, -0.9724 -1.2933 0.0157, -0.9724 -0.9753 0.0157, -0.4706 -0.9753 0.0157, -0.9724 -0.776 0.0157, -0.4706 -0.776 0.0157, -0.9724 -0.4927 0.0157, -0.4706 -1.9823 0.0157, -1.3661 -1.9823 0.0157, -1.3661 -1.2933 0.0157, -0.0866 -0.7874 0.0157, -0.0674 -0.776 0.0157, -0.0866 -0.809 0.0157, -0.0674 -0.9753 0.0157, -0.1155 -0.9753 0.0157, -0.1093 -0.9749 0.0157, -0.0866 -0.9687 0.0157, -0.0866 -0.9423 0.0157, -0.1088 -0.9518 0.0157, -0.0901 -0.8071 0.0157, -0.1327 -0.9549 0.0157, -0.1521 -0.9527 0.0157, -0.1668 -0.9474 0.0157, -0.1804 -0.9383 0.0157, -0.1923 -0.9251 0.0157, -0.2066 -0.8736 0.0157, -0.2046 -0.8522 0.0157, -0.1993 -0.8353 0.0157, -0.1555 -0.7985 0.0157, -0.1371 -0.7964 0.0157, -0.1698 -0.8038 0.0157, -0.1819 -0.8119 0.0157, -0.1911 -0.8217 0.0157, -0.111 -0.7993 0.0157, -0.2004 -0.9099 0.0157, -0.2057 -0.8889 0.0157, -0.1329 -0.9765 0.0157, -0.0674 -1.9823 0.0157, -0.1476 -0.9753 0.0157, -0.2414 -1.9823 0.0157, -0.2226 -0.9222 0.0157, -0.2111 -0.9406 0.0157, -0.2414 -0.9753 0.0157, -0.165 -0.7773 0.0157, -0.1841 -0.7839 0.0157, -0.2414 -0.776 0.0157, -0.1999 -0.794 0.0157, -0.2147 -0.8096 0.0157, -0.2252 -0.8283 0.0157, -0.1933 -0.9577 0.0157, -0.1746 -0.9685 0.0157, -0.1527 -0.9749 0.0157, -0.2311 -0.8491 0.0157, -0.233 -0.8719 0.0157, -0.2302 -0.8999 0.0157, -0.1076 -0.7788 0.0157, -0.1275 -0.776 0.0157, -0.0674 -0.4927 0.0157, -0.1354 -0.7749 0.0157, -0.1407 -0.7748 0.0157, -0.1523 -0.776 0.0157, -0.2414 -0.4927 0.0157, -0.2414 0.1634 0.0157, -0.0674 0.1634 0.0157, 0.2615 0.1634 0.0157, 0.0767 0.1634 0.0157, 0.0767 -0.776 0.0157, 0.0767 -0.4927 0.0157, -0.3242 -0.9741 0.0157, -0.3506 -0.9741 0.0157, -0.3506 -0.7772 0.0157, -0.3242 -0.7988 0.0157, -0.2498 -0.7988 0.0157, -0.2498 -0.7772 0.0157, 0.0527 -0.9741 0.0157, 0.0767 -0.9753 0.0157, -0.0482 -0.7772 0.0157, -0.0482 -0.9741 0.0157, 0.0527 -0.9525 0.0157, 0.0575 -0.7988 0.0157, 0.0575 -0.7772 0.0157, -0.0218 -0.8661 0.0157, -0.0218 -0.7988 0.0157, 0.0479 -0.8661 0.0157, 0.0479 -0.8877 0.0157, -0.0218 -0.8877 0.0157, -0.0218 -0.9525 0.0157, 0.1514 -0.9741 0.0157, 0.2615 -0.9753 0.0157, 0.1799 -0.971 0.0157, 0.2029 -0.963 0.0157, 0.2243 -0.9486 0.0157, 0.2445 -0.8312 0.0157, 0.2332 -0.8136 0.0157, 0.217 -0.7981 0.0157, 0.1964 -0.7861 0.0157, 0.2245 -0.9484 0.0157, 0.2384 -0.933 0.0157, 0.2476 -0.916 0.0157, 0.1737 -0.7794 0.0157, 0.1494 -0.7772 0.0157, 0.0959 -0.7772 0.0157, 0.0959 -0.9741 0.0157, 0.2529 -0.8967 0.0157, 0.2543 -0.8781 0.0157, 0.2515 -0.8518 0.0157, 0.3695 -0.9741 0.0157, 0.5185 -0.9753 0.0157, 0.3431 -0.9741 0.0157, 0.4464 -0.7772 0.0157, 0.4175 -0.7772 0.0157, 0.3976 -0.8324 0.0157, 0.3163 -0.8324 0.0157, 0.0767 -1.9823 0.0157, 0.2615 -1.9823 0.0157, 0.9724 -0.776 0.0157, 0.9724 -0.4927 0.0157, 0.6197 -0.2093 0.0157, -0.3937 0.5965 1.1417, -0.3937 0.5571 1.1417, -0.3937 0.5965 1.2598, -0.3937 0.5571 1.2598, -0.9449 0.872 1.2598, -0.9449 0.872 1.1417, -1.3661 0.872 1.2598, -1.5236 0.872 1.1417, -1.4537 0.872 1.25, -1.5236 0.872 1.227, -1.7598 -1.1385 0.7448, -1.7598 -1.1464 0.7638, -1.7598 -0.7625 -0.0263, -1.7598 -0.8996 -0.3937, -1.7598 -1.0571 -0.3937, -1.7598 -0.8209 -0.315, -1.7598 -1.1358 -0.315, -1.7598 -0.4692 0.7448, -1.7598 -0.4771 0.7638, -1.7598 0.2815 0.8661, -1.7598 -0.4896 0.7801, -1.7598 -0.5059 0.7926, -1.7598 -0.7978 -0.0467, -1.7598 -0.8103 -0.063, -1.7598 -1.1358 0.7244, -1.7598 -0.8182 -0.082, -1.7598 -0.8209 -0.1024, -1.7598 -1.1752 0.7926, -1.7598 -1.1589 0.7801, -1.7598 -1.2828 0.7638, -1.7598 -1.9823 0.8661, -1.7598 -1.2702 0.7801, -1.7598 -1.2539 0.7926, -1.7598 -1.2933 0.4094, -1.7598 -1.9823 0.4094, -1.7598 -1.2933 0.7244, -1.7598 -1.2906 0.7448, -1.7598 0.2815 0.4094, -1.7598 -0.4665 0.4094, -1.7598 -0.4665 0.7244, -1.7598 -0.5249 0.8005, -1.7598 -0.5453 0.8032, -1.7598 -0.7421 -0.0236, -1.7598 -1.1942 0.8005, -1.7598 -1.2146 0.8032, -1.7598 -1.2349 0.8005, -1.7598 -0.5657 0.8005, -1.7598 -0.5846 0.7926, -1.7598 -0.601 0.7801, -1.7598 -0.7815 -0.0342, -1.7598 -0.6267 0.0347, -1.7598 -0.6346 0.0157, -1.7598 -0.624 0.0551, -1.7598 -0.624 0.7244, -1.7598 -0.6471 -0.0006, -1.7598 -0.6634 -0.0131, -1.7598 -0.6824 -0.0209, -1.7598 -0.6135 0.7638, -1.7598 -0.6213 0.7448, -1.7598 -0.7028 -0.0236, -1.7598 0.439 -0.315, -1.7598 0.439 0.8661, -1.7598 0.5571 0.8268, -1.7598 0.5571 0.8661, -1.7598 0.7933 -0.3937, -1.7598 0.5177 -0.3937, -1.7598 0.872 -0.315, -1.7598 0.872 0.8268, -1.7417 0.4284 0.9843, -1.7362 0.4159 1.0006, -1.7209 0.5571 1.037, -1.7314 0.3996 1.0131, -1.7273 0.3705 1.0229, -1.727 0.3602 1.0236, -1.7295 0.3904 1.0176, -1.7281 0.3806 1.0209, -1.7273 0.3499 1.0229, -1.7209 -1.9823 1.037, -1.7281 0.3399 1.0209, -1.7295 0.33 1.0176, -1.7314 0.3209 1.0131, -1.7362 0.3046 1.0006, -1.7417 0.292 0.9843, -1.7472 0.2842 0.9653, -1.75 -1.9823 0.9537, -1.7498 0.2827 0.9537, -1.7519 0.2815 0.9449, -1.75 0.5571 0.9537, -1.7519 0.439 0.9449, -1.7498 0.4378 0.9537, -1.7472 0.4363 0.9653, -1.6739 -1.9823 1.1116, -1.6739 0.5571 1.1116, -1.6116 0.8717 1.174, -1.6473 0.8717 1.1417, -1.6473 0.5571 1.1417, -1.6116 -1.9823 1.174, -1.537 -1.9823 1.2209, -1.537 0.8717 1.2209, -1.5236 0.8717 1.227, -1.4537 -1.9823 1.25, -1.3661 -1.9823 1.2598, -1.6417 0.1634 0.1283, -1.6417 0.2815 0.1283, -1.6417 0.1634 0.4094, -1.6417 0.2815 0.8661, -1.6417 -1.9823 0.4094, -1.6417 -1.2933 0.4094, -1.6417 -1.9823 0.8661, -1.6417 -1.2933 0.7244, -1.6417 -1.2906 0.7448, -1.6417 -1.1358 -0.315, -1.6417 -1.0571 -0.3937, -1.6417 -0.8996 -0.3937, -1.6417 -0.8209 -0.315, -1.6417 -0.8209 -0.1024, -1.6417 -1.1358 0.7244, -1.6417 -0.8182 -0.082, -1.6417 -1.1385 0.7448, -1.6417 -0.8103 -0.063, -1.6417 -0.7978 -0.0467, -1.6417 -1.1464 0.7638, -1.6417 -1.2828 0.7638, -1.6417 -1.2702 0.7801, -1.6417 -1.2539 0.7926, -1.6417 -0.5059 0.7926, -1.6417 -0.4896 0.7801, -1.6417 -0.4771 0.7638, -1.6417 -1.1942 0.8005, -1.6417 -1.2146 0.8032, -1.6417 -1.2349 0.8005, -1.6417 -0.5657 0.8005, -1.6417 -0.5453 0.8032, -1.6417 -0.5249 0.8005, -1.6417 -0.6213 0.7448, -1.6417 -0.6135 0.7638, -1.6417 -0.4665 0.4094, -1.6417 -0.4665 0.7244, -1.6417 -0.4692 0.7448, -1.6417 -0.601 0.7801, -1.6417 -0.5846 0.7926, -1.6417 -1.1752 0.7926, -1.6417 -1.1589 0.7801, -1.6417 -0.7815 -0.0342, -1.6417 -0.7625 -0.0263, -1.6417 -0.7421 -0.0236, -1.6417 -0.624 0.7244, -1.6417 -0.7028 -0.0236, -1.6417 -0.6824 -0.0209, -1.6417 -0.6267 0.0347, -1.6417 -0.624 0.0551, -1.6417 -0.6634 -0.0131, -1.6417 -0.6471 -0.0006, -1.6417 -0.6346 0.0157, -1.6417 0.5571 0.8661, -1.6417 0.439 0.8661, -1.6417 0.5571 0.8268, -1.6417 0.439 -0.315, -1.6417 0.872 0.8268, -1.6417 0.872 -0.315, -1.6417 0.7933 -0.3937, -1.6417 0.5177 -0.3937, -1.4537 -0.4665 0.0256, -1.4537 0.1634 0.0256, -1.537 -0.4665 0.0547, -1.537 0.1634 0.0547, -1.6116 -0.4665 0.1016, -1.6116 0.1634 0.1016, -1.6739 0.2815 0.164, -1.6739 -0.4665 0.164, -1.7209 -0.4665 0.2386, -1.7209 0.2815 0.2386, -1.75 -0.4665 0.3218, -1.75 0.2815 0.3218, -1.3661 -1.9823 1.1417, 1.6473 0.5571 1.1417, 0.9449 0.872 1.1417, 1.5236 0.872 1.1417, -1.5236 0.8717 1.1417, -1.3661 0.5571 1.1417, -0.9055 0.8327 1.1417, -0.9055 0.5571 1.1417, -0.3621 0.872 1.1417, 0.3621 0.872 1.1417, -0.3621 0.6358 1.1417, 0.3621 0.6358 1.1417, 0.9002 0.5374 1.1417, 0.9042 0.5469 1.1417, 0.894 0.5292 1.1417, 0.4331 0.6358 1.1417, 0.4229 0.6345 1.1417, 0.4134 0.6306 1.1417, 0.399 0.5374 1.1417, 0.4052 0.5292 1.1417, 0.4134 0.523 1.1417, 0.4229 0.5191 1.1417, -0.9347 0.8707 1.1417, -0.9252 0.8668 1.1417, -0.917 0.8605 1.1417, -0.8858 0.523 1.1417, -0.8763 0.5191 1.1417, -0.9108 0.8524 1.1417, -0.9069 0.8429 1.1417, -0.9042 0.5469 1.1417, -0.9002 0.5374 1.1417, -0.894 0.5292 1.1417, -0.8661 0.5177 1.1417, -0.4331 0.5177 1.1417, -0.4229 0.5191 1.1417, 0.8858 0.523 1.1417, 0.4331 0.5177 1.1417, -0.395 0.5469 1.1417, -0.4052 0.6243 1.1417, -0.4134 0.6306 1.1417, -0.4229 0.6345 1.1417, -0.4331 0.6358 1.1417, 0.9347 0.8707 1.1417, 0.9055 0.8327 1.1417, 0.9055 0.5571 1.1417, 0.8661 0.5177 1.1417, 0.8763 0.5191 1.1417, 0.9069 0.8429 1.1417, 0.9108 0.8524 1.1417, 0.3937 0.5965 1.1417, 0.3937 0.5571 1.1417, 0.395 0.5469 1.1417, -0.395 0.6066 1.1417, -0.399 0.6161 1.1417, 0.917 0.8605 1.1417, 0.9252 0.8668 1.1417, 0.4052 0.6243 1.1417, 0.399 0.6161 1.1417, 0.395 0.6066 1.1417, -0.4134 0.523 1.1417, -0.4052 0.5292 1.1417, -0.399 0.5374 1.1417, -0.6376 0.872 0.9826, -0.6376 0.872 1.119, -0.3937 0.872 1.2598, 0.3937 0.872 1.2598, 0.6376 0.872 0.9826, 0.6376 0.872 1.119, -1.4537 -1.9823 0.0256, -1.4537 -1.2933 0.0256, -1.537 -1.9823 0.0547, -1.537 -1.2933 0.0547, -1.6116 -1.9823 0.1016, -1.6116 -1.2933 0.1016, -1.6739 -1.9823 0.164, -1.6739 -1.2933 0.164, -1.7209 -1.9823 0.2386, -1.7209 -1.2933 0.2386, -1.75 -1.9823 0.3218, -1.75 -1.2933 0.3218, -1.6323 -1.2933 0.3381, -1.6323 -1.9823 0.3381, -1.6048 -1.2933 0.2717, -1.6048 -1.9823 0.2717, -1.561 -1.2933 0.2146, -1.561 -1.9823 0.2146, -1.5039 -1.2933 0.1708, -1.5039 -1.9823 0.1708, -1.4375 -1.2933 0.1432, -1.4375 -1.9823 0.1432, -1.3661 -1.2933 0.1339, -1.3661 -1.9823 0.1339, -1.5749 -2.002 1.0749, -1.6586 -2.002 1.0993, -1.6219 -2.002 1.0138, -1.7031 -2.002 1.0284, -1.6514 -2.002 0.9426, -1.7308 -2.002 0.9494, -1.6614 -2.002 0.8661, -1.7402 -2.002 0.8661, -1.6614 -2.002 0.4094, -1.7402 -2.002 0.4094, -1.6514 -2.002 0.333, -1.7308 -2.002 0.3262, -1.6219 -2.002 0.2618, 1.5749 -2.002 0.2007, 1.6586 -2.002 0.1763, 1.6219 -2.002 0.2618, 1.7031 -2.002 0.2472, 1.6514 -2.002 0.333, 1.7308 -2.002 0.3262, 1.6614 -2.002 0.4094, 1.7402 -2.002 0.4094, 1.6614 -2.002 0.8661, 1.7402 -2.002 0.8661, 1.6514 -2.002 0.9426, 1.7308 -2.002 0.9494, 1.6219 -2.002 1.0138, 1.7031 -2.002 1.0284, 1.5749 -2.002 1.0749, -1.7031 -2.002 0.2472, -1.6586 -2.002 0.1763, -1.5749 -2.002 0.2007, -1.5993 -2.002 0.117, -1.5138 -2.002 0.1537, -1.5284 -2.002 0.0725, -1.4426 -2.002 0.1242, -1.4494 -2.002 0.0448, -1.3661 -2.002 0.1142, -1.3661 -2.002 0.0354, 1.3661 -2.002 0.1142, 1.3661 -2.002 0.0354, 1.4426 -2.002 0.1242, 1.4494 -2.002 0.0448, 1.5138 -2.002 0.1537, 1.5284 -2.002 0.0725, 1.5993 -2.002 0.117, 1.6586 -2.002 1.0993, 1.5993 -2.002 1.1586, 1.5138 -2.002 1.1219, 1.5284 -2.002 1.2031, 1.4426 -2.002 1.1514, 1.4494 -2.002 1.2308, 1.3661 -2.002 1.1614, 1.3661 -2.002 1.2402, -1.3661 -2.002 1.1614, -1.3661 -2.002 1.2402, -1.4426 -2.002 1.1514, -1.4494 -2.002 1.2308, -1.5138 -2.002 1.1219, -1.5284 -2.002 1.2031, -1.5993 -2.002 1.1586, -0.8858 0.523 1.2598, -0.894 0.5292 1.2598, -0.9002 0.5374 1.2598, 0.6197 -0.0151 1.2598, 0.6299 -0.0138 1.2598, -0.5906 -0.0532 1.2598, -0.395 0.5469 1.2598, -0.6102 -0.0191 1.2598, -0.6021 -0.0253 1.2598, -0.9646 -0.2054 1.2598, -0.9727 -0.1991 1.2598, 1.3661 0.872 1.2598, 0.979 -0.0335 1.2598, 0.9829 -0.043 1.2598, 0.6102 -0.2054 1.2598, 0.6021 -0.1991 1.2598, 0.5958 -0.1909 1.2598, 0.5919 -0.1815 1.2598, -0.9042 0.5469 1.2598, -0.9055 0.5571 1.2598, -0.9055 0.8327 1.2598, -0.9347 0.8707 1.2598, -0.6197 -0.0151 1.2598, -0.399 0.5374 1.2598, -0.6299 -0.0138 1.2598, -0.4052 0.5292 1.2598, -0.9449 -0.0138 1.2598, 0.9551 -0.0151 1.2598, 0.9646 -0.0191 1.2598, 0.9727 -0.0253 1.2598, 0.9843 -0.0532 1.2598, 0.9843 -0.1713 1.2598, 1.3661 -1.9823 1.2598, 0.9829 -0.1815 1.2598, 0.979 -0.1909 1.2598, 0.5906 -0.1713 1.2598, 0.5906 -0.0532 1.2598, 0.5919 -0.043 1.2598, 0.5958 -0.0335 1.2598, 0.6021 -0.0253 1.2598, 0.6102 -0.0191 1.2598, -0.9108 0.8524 1.2598, -0.917 0.8605 1.2598, -0.9252 0.8668 1.2598, 0.9727 -0.1991 1.2598, 0.9646 -0.2054 1.2598, 0.9551 -0.2093 1.2598, -0.5906 -0.1713 1.2598, -0.5919 -0.1815 1.2598, -0.6197 -0.2093 1.2598, -0.6299 -0.2106 1.2598, -0.4229 0.5191 1.2598, -0.9727 -0.0253 1.2598, -0.4134 0.523 1.2598, -0.9646 -0.0191 1.2598, -0.9551 -0.0151 1.2598, 0.9002 0.5374 1.2598, 0.894 0.5292 1.2598, -0.5919 -0.043 1.2598, 0.4052 0.5292 1.2598, -0.5958 -0.1909 1.2598, -0.6021 -0.1991 1.2598, -0.6102 -0.2054 1.2598, -0.9449 -0.2106 1.2598, -0.9551 -0.2093 1.2598, -0.9069 0.8429 1.2598, 0.9042 0.5469 1.2598, 0.9055 0.5571 1.2598, -0.979 -0.1909 1.2598, -0.9829 -0.1815 1.2598, -0.9843 -0.1713 1.2598, -0.9843 -0.0532 1.2598, -0.9829 -0.043 1.2598, -0.979 -0.0335 1.2598, -0.4331 0.5177 1.2598, -0.8661 0.5177 1.2598, -0.8763 0.5191 1.2598, 0.4229 0.5191 1.2598, 0.4134 0.523 1.2598, 0.3937 0.5965 1.2598, 0.3937 0.5571 1.2598, 0.9449 -0.2106 1.2598, 0.6299 -0.2106 1.2598, 0.6197 -0.2093 1.2598, -0.5958 -0.0335 1.2598, 0.399 0.5374 1.2598, 0.395 0.5469 1.2598, 0.9347 0.8707 1.2598, 0.9252 0.8668 1.2598, 0.9055 0.8327 1.2598, 0.8858 0.523 1.2598, 0.8763 0.5191 1.2598, 0.9449 -0.0138 1.2598, 0.8661 0.5177 1.2598, 0.4331 0.5177 1.2598, 0.9449 0.872 1.2598, 0.917 0.8605 1.2598, 0.9108 0.8524 1.2598, 0.9069 0.8429 1.2598, 0.9724 -0.4665 0.1339, 1.3661 -0.4665 0.1339, 1.3661 0.1634 0.1339, 1.3661 -1.9823 0.1339, 0.9724 -1.2933 0.1339, 1.3661 -1.2933 0.1339, -1.3661 0.1634 0.1339, -1.3661 -0.4665 0.1339, -0.9724 -0.4665 0.1339, -0.9724 -1.2933 0.1339, -1.6323 0.1634 0.3381, -1.6323 -0.4665 0.3381, -1.6048 0.1634 0.2717, -1.6048 -0.4665 0.2717, -1.561 0.1634 0.2146, -1.561 -0.4665 0.2146, -1.5039 0.1634 0.1708, -1.5039 -0.4665 0.1708, -1.4375 0.1634 0.1432, -1.4375 -0.4665 0.1432, -1.6323 0.5571 0.9375, -1.4375 0.5571 1.1323, -1.4375 -1.9823 1.1323, -1.5039 0.5571 1.1048, -1.5039 -1.9823 1.1048, -1.561 0.5571 1.061, -1.561 -1.9823 1.061, -1.6048 0.5571 1.0039, -1.6048 -1.9823 1.0039, -1.6323 -1.9823 0.9375, -0.6693 -0.0925 0.0945, -0.6693 -0.1319 0.0945, -0.9055 -0.0925 0.0945, -0.9055 -0.1319 0.0945, -0.6592 -0.1521 0.0908, -0.9156 -0.1521 0.0908, -0.9195 -0.1598 0.0894, -0.6553 -0.1598 0.0894, -0.9249 -0.1708 0.0831, -0.6354 -0.1997 0.0549, -0.9377 -0.1962 0.0612, -0.6371 -0.1962 0.0612, -0.9331 -0.1871 0.071, -0.6417 -0.1871 0.071, -0.9304 -0.1817 0.0767, -0.6444 -0.1817 0.0767, -0.6499 -0.1708 0.0831, -0.6306 -0.2093 0.0304, -0.9442 -0.2093 0.0304, -0.6314 -0.2076 0.036, -0.9434 -0.2076 0.036, -0.6328 -0.2048 0.0455, -0.942 -0.2048 0.0455, -0.9394 -0.1997 0.0549, -0.954 -0.2077 0.032, -0.9446 -0.1932 0.064, -0.9352 -0.1785 0.0787, -0.929 -0.1507 0.0905, -0.9312 -0.1483 0.0901, -0.9243 -0.1554 0.0905, -0.9267 -0.153 0.0906, -0.9219 -0.1576 0.0901, -0.9334 -0.1458 0.0894, -0.9257 -0.142 0.0908, -0.9521 -0.1616 0.0787, -0.9553 -0.1568 0.0767, -0.9444 -0.1513 0.0831, -0.9399 -0.1748 0.0799, -0.9443 -0.1707 0.0803, -0.9485 -0.1663 0.0799, -0.9668 -0.171 0.064, -0.9698 -0.164 0.0612, -0.9607 -0.1595 0.071, -0.9513 -0.189 0.0657, -0.9573 -0.1837 0.0663, -0.9626 -0.1776 0.0657, -0.9761 -0.177 0.0481, -0.9784 -0.1683 0.0455, -0.9733 -0.1658 0.0549, -0.9506 -0.2025 0.0481, -0.9588 -0.1983 0.0498, -0.9661 -0.1925 0.0503, -0.972 -0.1852 0.0498, -0.9813 -0.1804 0.032, -0.9829 -0.1706 0.0304, -0.9812 -0.1697 0.036, -0.9632 -0.2036 0.0329, -0.9711 -0.1975 0.0333, -0.9773 -0.1895 0.0329, -0.5936 -0.1697 0.036, -0.5919 -0.1706 0.0304, -0.5935 -0.1804 0.032, -0.6141 -0.1595 0.071, -0.605 -0.164 0.0612, -0.608 -0.171 0.064, -0.6304 -0.1513 0.0831, -0.6195 -0.1568 0.0767, -0.6227 -0.1616 0.0787, -0.6505 -0.1554 0.0905, -0.6529 -0.1576 0.0901, -0.6458 -0.1507 0.0905, -0.6481 -0.153 0.0906, -0.6414 -0.1458 0.0894, -0.6436 -0.1483 0.0901, -0.6491 -0.142 0.0908, -0.6396 -0.1785 0.0787, -0.6264 -0.1663 0.0799, -0.6305 -0.1707 0.0803, -0.6349 -0.1748 0.0799, -0.6302 -0.1932 0.064, -0.6122 -0.1776 0.0657, -0.6175 -0.1837 0.0663, -0.6235 -0.189 0.0657, -0.6242 -0.2025 0.0481, -0.5987 -0.177 0.0481, -0.6029 -0.1852 0.0498, -0.6087 -0.1925 0.0503, -0.616 -0.1983 0.0498, -0.6015 -0.1658 0.0549, -0.5964 -0.1683 0.0455, -0.6208 -0.2077 0.032, -0.5975 -0.1895 0.0329, -0.6037 -0.1975 0.0333, -0.6116 -0.2036 0.0329, -0.9257 -0.0824 0.0908, -0.9334 -0.0786 0.0894, -0.9444 -0.0731 0.0831, -0.9553 -0.0676 0.0767, -0.9607 -0.0649 0.071, -0.9784 -0.0561 0.0455, -0.9733 -0.0586 0.0549, -0.9698 -0.0604 0.0612, -0.9829 -0.0538 0.0304, -0.9812 -0.0547 0.036, -0.5919 -0.0538 0.0304, -0.5936 -0.0547 0.036, -0.5964 -0.0561 0.0455, -0.6015 -0.0586 0.0549, -0.605 -0.0604 0.0612, -0.6141 -0.0649 0.071, -0.6195 -0.0676 0.0767, -0.6304 -0.0731 0.0831, -0.6414 -0.0786 0.0894, -0.6491 -0.0824 0.0908, -0.9813 -0.044 0.032, -0.9668 -0.0534 0.064, -0.9521 -0.0628 0.0787, -0.9243 -0.069 0.0905, -0.9219 -0.0668 0.0901, -0.929 -0.0737 0.0905, -0.9267 -0.0714 0.0906, -0.9312 -0.0761 0.0901, -0.9195 -0.0646 0.0894, -0.9156 -0.0723 0.0908, -0.9352 -0.0459 0.0787, -0.9304 -0.0427 0.0767, -0.9249 -0.0537 0.0831, -0.9485 -0.0582 0.0799, -0.9443 -0.0537 0.0803, -0.9399 -0.0496 0.0799, -0.9446 -0.0312 0.064, -0.9377 -0.0282 0.0612, -0.9331 -0.0373 0.071, -0.9626 -0.0468 0.0657, -0.9573 -0.0407 0.0663, -0.9513 -0.0354 0.0657, -0.9506 -0.0219 0.0481, -0.942 -0.0196 0.0455, -0.9394 -0.0248 0.0549, -0.9761 -0.0474 0.0481, -0.972 -0.0392 0.0498, -0.9661 -0.032 0.0503, -0.9588 -0.0261 0.0498, -0.954 -0.0168 0.032, -0.9442 -0.0152 0.0304, -0.9434 -0.0168 0.036, -0.9773 -0.0349 0.0329, -0.9711 -0.0269 0.0333, -0.9632 -0.0208 0.0329, -0.6314 -0.0168 0.036, -0.6306 -0.0152 0.0304, -0.6208 -0.0168 0.032, -0.6417 -0.0373 0.071, -0.6371 -0.0282 0.0612, -0.6302 -0.0312 0.064, -0.6499 -0.0537 0.0831, -0.6444 -0.0427 0.0767, -0.6396 -0.0459 0.0787, -0.6458 -0.0737 0.0905, -0.6436 -0.0761 0.0901, -0.6505 -0.069 0.0905, -0.6481 -0.0714 0.0906, -0.6553 -0.0646 0.0894, -0.6529 -0.0668 0.0901, -0.6592 -0.0723 0.0908, -0.6227 -0.0628 0.0787, -0.6349 -0.0496 0.0799, -0.6305 -0.0537 0.0803, -0.6264 -0.0582 0.0799, -0.608 -0.0534 0.064, -0.6235 -0.0354 0.0657, -0.6175 -0.0407 0.0663, -0.6122 -0.0468 0.0657, -0.5987 -0.0474 0.0481, -0.6242 -0.0219 0.0481, -0.616 -0.0261 0.0498, -0.6087 -0.032 0.0503, -0.6029 -0.0392 0.0498, -0.6354 -0.0248 0.0549, -0.6328 -0.0196 0.0455, -0.5935 -0.044 0.032, -0.6116 -0.0208 0.0329, -0.6037 -0.0269 0.0333, -0.5975 -0.0349 0.0329
            ]
        }
        coordIndex [
            0,1,2,-1,2,1,3,-1,2,3,4,-1,5,6,7,-1,8,9,10,-1,10,5,8,-1,8,5,7,-1,8,7,11,-1,11,7,12,-1,11,12,13,-1,13,12,14,-1,13,14,15,-1,15,14,16,-1,15,16,17,-1,17,16,18,-1,17,18,19,-1,19,18,20,-1,21,22,23,-1,24,25,26,-1,27,28,29,-1,29,28,30,-1,29,30,31,-1,31,30,32,-1,31,32,33,-1,34,35,36,-1,37,38,25,-1,38,39,25,-1,25,39,40,-1,25,40,41,-1,42,43,36,-1,44,45,46,-1,46,45,47,-1,43,48,36,-1,36,48,49,-1,36,49,34,-1,50,51,52,-1,52,51,53,-1,52,53,46,-1,46,53,54,-1,46,54,44,-1,55,56,57,-1,57,56,58,-1,59,60,56,-1,56,60,61,-1,56,61,58,-1,55,62,56,-1,56,62,63,-1,56,63,36,-1,36,63,64,-1,36,64,42,-1,65,66,56,-1,56,66,46,-1,56,46,59,-1,59,46,47,-1,67,68,69,-1,69,68,70,-1,69,70,71,-1,70,72,71,-1,71,72,73,-1,71,73,74,-1,75,76,77,-1,76,78,77,-1,77,78,79,-1,77,79,80,-1,81,82,69,-1,69,82,83,-1,69,83,67,-1,74,84,71,-1,71,84,85,-1,71,85,86,-1,86,85,87,-1,86,87,88,-1,89,90,91,-1,91,90,92,-1,91,92,93,-1,93,94,91,-1,91,94,95,-1,91,95,69,-1,69,95,96,-1,69,96,81,-1,80,97,77,-1,77,97,98,-1,77,98,91,-1,91,98,99,-1,91,99,89,-1,100,101,102,-1,102,101,103,-1,102,103,104,-1,104,103,105,-1,104,105,77,-1,77,105,86,-1,77,86,75,-1,75,86,88,-1,106,107,108,-1,109,110,111,-1,111,110,112,-1,112,113,114,-1,114,115,112,-1,112,115,116,-1,112,116,111,-1,111,116,117,-1,111,117,118,-1,118,117,119,-1,118,119,120,-1,120,121,118,-1,118,121,122,-1,118,122,123,-1,124,125,118,-1,118,125,126,-1,127,128,129,-1,129,128,130,-1,126,131,118,-1,118,131,130,-1,118,130,132,-1,132,130,128,-1,123,133,118,-1,118,133,134,-1,118,134,124,-1,135,136,137,-1,137,136,138,-1,139,140,141,-1,142,143,144,-1,143,145,144,-1,144,145,146,-1,144,146,147,-1,140,148,141,-1,141,148,149,-1,141,149,150,-1,147,151,144,-1,144,151,152,-1,144,152,141,-1,141,152,153,-1,141,153,139,-1,109,154,110,-1,110,154,155,-1,110,155,156,-1,155,157,156,-1,156,157,158,-1,156,158,159,-1,142,144,159,-1,159,144,160,-1,159,160,156,-1,156,160,161,-1,156,161,162,-1,35,37,36,-1,36,37,25,-1,36,25,163,-1,163,25,24,-1,163,24,164,-1,23,165,166,-1,167,141,168,-1,168,141,102,-1,168,102,169,-1,169,102,104,-1,169,104,144,-1,144,104,77,-1,144,77,160,-1,160,77,91,-1,160,91,161,-1,167,170,141,-1,141,170,171,-1,141,171,144,-1,144,171,172,-1,144,172,169,-1,173,174,112,-1,162,166,156,-1,156,166,165,-1,156,165,110,-1,110,165,175,-1,110,175,112,-1,112,175,176,-1,112,176,173,-1,173,177,174,-1,174,177,178,-1,174,178,165,-1,165,178,179,-1,165,179,175,-1,180,181,182,-1,182,181,178,-1,182,178,183,-1,183,178,177,-1,183,177,184,-1,184,177,185,-1,186,187,174,-1,186,188,187,-1,187,188,189,-1,187,189,190,-1,191,192,23,-1,23,192,193,-1,23,193,194,-1,190,195,187,-1,187,195,196,-1,187,196,197,-1,194,198,23,-1,23,198,199,-1,23,199,165,-1,165,199,200,-1,165,200,174,-1,174,200,201,-1,174,201,186,-1,197,202,187,-1,187,202,203,-1,187,203,23,-1,23,203,204,-1,23,204,191,-1,205,206,187,-1,23,22,187,-1,187,22,207,-1,187,207,205,-1,206,205,26,-1,26,205,208,-1,26,208,209,-1,210,211,209,-1,209,211,21,-1,209,21,26,-1,26,21,23,-1,26,23,24,-1,24,23,166,-1,24,166,164,-1,164,166,162,-1,150,137,141,-1,141,137,138,-1,141,138,102,-1,102,138,106,-1,102,106,100,-1,100,106,108,-1,135,113,136,-1,136,113,112,-1,136,112,212,-1,212,112,174,-1,212,174,213,-1,213,174,187,-1,213,187,32,-1,32,187,206,-1,32,206,33,-1,33,206,26,-1,33,26,214,-1,214,26,25,-1,214,25,215,-1,215,25,41,-1,215,41,52,-1,52,41,216,-1,52,216,50,-1,217,218,219,-1,219,218,220,-1,221,222,223,-1,223,222,224,-1,223,224,225,-1,225,224,226,-1,227,228,229,-1,230,231,232,-1,232,231,233,-1,234,235,236,-1,236,235,237,-1,236,237,238,-1,239,240,241,-1,241,240,242,-1,241,242,233,-1,233,242,243,-1,233,243,232,-1,244,236,245,-1,245,236,228,-1,246,247,248,-1,248,247,249,-1,250,251,252,-1,252,251,247,-1,252,247,253,-1,253,247,246,-1,254,255,236,-1,236,255,256,-1,236,256,234,-1,238,257,236,-1,236,257,258,-1,236,258,228,-1,229,228,259,-1,244,260,236,-1,236,260,261,-1,236,261,247,-1,247,261,262,-1,247,262,249,-1,258,263,228,-1,228,263,264,-1,228,264,265,-1,227,229,241,-1,241,229,266,-1,241,266,239,-1,267,268,269,-1,269,268,270,-1,268,271,270,-1,270,271,272,-1,270,272,273,-1,265,274,228,-1,228,274,275,-1,228,275,259,-1,259,275,270,-1,259,270,276,-1,276,270,273,-1,277,278,279,-1,279,278,280,-1,281,282,283,-1,283,282,277,-1,283,277,284,-1,284,277,279,-1,285,286,287,-1,287,286,288,-1,289,290,287,-1,288,291,287,-1,287,291,292,-1,287,292,289,-1,290,293,294,-1,294,293,295,-1,295,296,294,-1,294,296,297,-1,294,297,298,-1,298,299,294,-1,294,299,300,-1,294,300,301,-1,301,300,302,-1,301,302,247,-1,247,302,303,-1,247,303,236,-1,304,280,278,-1,278,305,304,-1,304,305,306,-1,304,306,287,-1,287,306,307,-1,287,307,285,-1,290,294,287,-1,287,294,308,-1,287,308,309,-1,310,311,312,-1,309,308,312,-1,312,308,313,-1,312,313,310,-1,310,313,314,-1,310,314,315,-1,225,226,316,-1,315,314,316,-1,316,314,317,-1,316,317,225,-1,225,317,318,-1,225,318,223,-1,319,320,321,-1,321,320,322,-1,323,324,325,-1,325,324,326,-1,325,326,327,-1,328,329,330,-1,330,331,328,-1,328,331,332,-1,328,332,333,-1,333,332,334,-1,333,334,335,-1,334,336,335,-1,335,336,337,-1,335,337,338,-1,327,339,325,-1,325,339,340,-1,325,340,341,-1,342,343,322,-1,322,343,344,-1,345,322,346,-1,346,322,325,-1,346,325,347,-1,347,325,341,-1,345,348,349,-1,345,349,322,-1,322,349,350,-1,322,350,342,-1,351,352,345,-1,353,321,354,-1,354,321,322,-1,354,322,355,-1,355,322,344,-1,352,356,345,-1,345,356,357,-1,345,357,348,-1,345,358,351,-1,351,358,359,-1,351,359,338,-1,337,360,338,-1,338,360,361,-1,338,361,351,-1,351,361,362,-1,351,362,363,-1,363,362,364,-1,365,366,364,-1,364,366,367,-1,364,367,363,-1,365,368,366,-1,366,368,369,-1,366,369,370,-1,371,372,373,-1,373,372,374,-1,375,373,376,-1,376,373,374,-1,376,374,377,-1,377,374,378,-1,69,71,379,-1,69,379,380,-1,380,379,381,-1,380,381,382,-1,382,381,383,-1,382,383,384,-1,385,320,319,-1,384,383,319,-1,319,383,386,-1,319,386,385,-1,385,386,387,-1,385,387,388,-1,388,387,389,-1,388,389,390,-1,390,389,255,-1,390,255,254,-1,19,20,391,-1,2,4,392,-1,393,394,2,-1,224,222,395,-1,395,222,396,-1,395,396,311,-1,311,396,312,-1,397,398,396,-1,399,400,401,-1,401,400,402,-1,2,403,404,-1,403,2,405,-1,406,407,402,-1,402,407,408,-1,409,410,401,-1,401,410,411,-1,401,411,412,-1,222,413,396,-1,396,413,414,-1,396,414,415,-1,391,416,417,-1,415,418,396,-1,396,418,419,-1,396,419,397,-1,398,420,396,-1,396,420,421,-1,396,421,391,-1,391,421,422,-1,391,422,416,-1,417,423,391,-1,391,423,424,-1,391,424,425,-1,392,19,2,-1,2,19,391,-1,2,391,405,-1,405,391,426,-1,427,428,218,-1,429,430,401,-1,401,430,431,-1,401,431,432,-1,433,393,434,-1,434,393,2,-1,434,2,435,-1,435,2,404,-1,427,436,391,-1,391,436,437,-1,391,437,426,-1,427,218,412,-1,434,438,439,-1,440,441,401,-1,401,441,442,-1,401,442,409,-1,218,217,412,-1,412,217,443,-1,412,443,401,-1,401,443,444,-1,401,444,429,-1,439,445,434,-1,434,445,446,-1,434,446,433,-1,408,447,402,-1,402,447,448,-1,402,448,401,-1,401,448,449,-1,401,449,440,-1,425,450,391,-1,391,450,451,-1,391,451,427,-1,427,451,452,-1,427,452,428,-1,283,284,376,-1,376,284,375,-1,311,310,395,-1,395,310,315,-1,395,315,316,-1,453,454,399,-1,399,454,455,-1,399,455,400,-1,400,455,456,-1,400,456,457,-1,457,456,458,-1,108,107,459,-1,108,459,460,-1,460,459,461,-1,460,461,462,-1,462,461,463,-1,462,463,464,-1,464,463,465,-1,464,465,466,-1,466,465,467,-1,466,467,468,-1,468,467,469,-1,468,469,470,-1,470,469,251,-1,470,251,250,-1,324,323,471,-1,471,323,472,-1,471,472,473,-1,473,472,474,-1,473,474,475,-1,475,474,476,-1,475,476,477,-1,477,476,478,-1,477,478,479,-1,479,478,480,-1,479,480,481,-1,481,480,482,-1,483,484,485,-1,485,484,486,-1,485,486,487,-1,487,486,488,-1,487,488,489,-1,489,488,490,-1,489,490,491,-1,491,490,492,-1,491,492,493,-1,493,492,494,-1,493,494,495,-1,496,497,498,-1,498,497,499,-1,498,499,500,-1,500,499,501,-1,500,501,502,-1,502,501,503,-1,502,503,504,-1,504,503,505,-1,504,505,506,-1,506,505,507,-1,506,507,508,-1,508,507,509,-1,508,509,510,-1,494,511,495,-1,495,511,512,-1,495,512,513,-1,513,512,514,-1,513,514,515,-1,515,514,516,-1,515,516,517,-1,517,516,518,-1,517,518,519,-1,519,518,520,-1,519,520,521,-1,521,520,522,-1,521,522,523,-1,523,522,524,-1,523,524,525,-1,525,524,526,-1,525,526,496,-1,496,526,527,-1,496,527,497,-1,509,528,510,-1,510,528,529,-1,510,529,530,-1,530,529,531,-1,530,531,532,-1,532,531,533,-1,532,533,534,-1,534,533,535,-1,534,535,536,-1,536,535,537,-1,536,537,538,-1,538,537,539,-1,538,539,540,-1,540,539,541,-1,540,541,483,-1,483,541,542,-1,483,542,484,-1,543,544,318,-1,318,544,545,-1,318,545,223,-1,546,547,548,-1,549,550,551,-1,552,553,318,-1,554,555,556,-1,557,558,318,-1,318,558,559,-1,318,559,560,-1,545,561,223,-1,223,561,562,-1,223,562,221,-1,221,562,563,-1,221,563,564,-1,550,549,565,-1,565,549,566,-1,565,566,567,-1,567,566,568,-1,567,568,569,-1,570,571,554,-1,554,571,572,-1,554,572,555,-1,556,573,554,-1,554,573,574,-1,554,574,575,-1,575,574,576,-1,575,576,577,-1,560,578,318,-1,318,578,579,-1,318,579,580,-1,581,582,548,-1,548,582,583,-1,548,583,546,-1,584,585,586,-1,577,587,575,-1,575,587,588,-1,575,588,589,-1,581,548,580,-1,580,548,590,-1,580,590,591,-1,592,593,318,-1,594,595,596,-1,596,595,597,-1,596,597,568,-1,568,597,598,-1,568,598,569,-1,220,456,219,-1,219,456,455,-1,570,599,600,-1,601,548,602,-1,591,603,580,-1,580,603,604,-1,580,604,318,-1,318,604,605,-1,318,605,592,-1,593,606,318,-1,318,606,607,-1,318,607,552,-1,564,563,586,-1,586,563,608,-1,586,608,584,-1,599,570,609,-1,609,570,554,-1,609,554,610,-1,553,611,318,-1,318,611,612,-1,318,612,613,-1,613,614,318,-1,318,614,615,-1,318,615,543,-1,543,615,616,-1,594,617,595,-1,595,617,618,-1,595,618,616,-1,616,618,619,-1,616,619,543,-1,547,620,548,-1,548,620,621,-1,548,621,602,-1,220,549,456,-1,456,549,551,-1,456,551,622,-1,622,551,623,-1,589,624,575,-1,575,624,625,-1,575,625,318,-1,318,625,626,-1,318,626,557,-1,601,602,627,-1,627,602,628,-1,627,628,551,-1,551,628,629,-1,551,629,623,-1,630,631,632,-1,600,633,570,-1,570,633,634,-1,570,634,635,-1,635,634,636,-1,635,636,547,-1,547,636,637,-1,547,637,620,-1,610,554,632,-1,632,554,638,-1,632,638,630,-1,631,639,632,-1,632,639,640,-1,632,640,641,-1,642,643,644,-1,482,645,646,-1,646,645,647,-1,648,649,650,-1,481,482,651,-1,651,482,646,-1,651,646,650,-1,650,646,642,-1,650,642,648,-1,648,642,644,-1,321,353,652,-1,652,353,653,-1,652,653,654,-1,654,653,655,-1,654,655,656,-1,656,655,657,-1,656,657,658,-1,658,657,659,-1,658,659,660,-1,660,659,661,-1,660,661,648,-1,648,661,649,-1,372,371,662,-1,372,662,322,-1,396,391,663,-1,663,391,664,-1,663,664,665,-1,665,664,666,-1,665,666,667,-1,667,666,668,-1,667,668,669,-1,669,668,670,-1,669,670,662,-1,662,670,671,-1,662,671,322,-1,322,671,325,-1,86,105,650,-1,650,105,103,-1,650,103,651,-1,651,103,101,-1,651,101,100,-1,651,100,481,-1,481,100,108,-1,481,108,479,-1,479,108,460,-1,479,460,477,-1,477,460,462,-1,477,462,475,-1,252,326,250,-1,250,326,324,-1,250,324,470,-1,470,324,471,-1,470,471,468,-1,468,471,473,-1,468,473,466,-1,466,473,475,-1,466,475,464,-1,464,475,462,-1,86,650,71,-1,71,650,649,-1,71,649,379,-1,379,649,661,-1,379,661,381,-1,381,661,659,-1,381,659,383,-1,383,659,657,-1,383,657,386,-1,386,657,655,-1,354,256,353,-1,353,256,255,-1,353,255,653,-1,653,255,389,-1,653,389,655,-1,655,389,387,-1,655,387,386,-1,231,230,329,-1,329,230,330,-1,328,333,233,-1,233,333,241,-1,332,331,243,-1,243,331,232,-1,672,673,674,-1,674,673,675,-1,364,362,276,-1,276,362,259,-1,269,270,367,-1,367,270,363,-1,673,676,675,-1,675,676,677,-1,677,676,678,-1,678,676,679,-1,678,679,680,-1,681,682,683,-1,683,682,684,-1,683,684,685,-1,685,684,686,-1,685,686,687,-1,687,686,680,-1,687,680,688,-1,688,680,679,-1,75,88,689,-1,689,88,690,-1,689,690,691,-1,691,690,692,-1,691,692,693,-1,693,692,694,-1,693,694,681,-1,681,694,695,-1,681,695,682,-1,692,690,696,-1,684,682,697,-1,680,686,698,-1,699,700,675,-1,701,702,675,-1,678,703,677,-1,677,703,675,-1,701,675,703,-1,704,705,700,-1,700,705,675,-1,702,699,675,-1,680,698,678,-1,706,707,708,-1,678,698,703,-1,703,698,709,-1,703,709,701,-1,701,709,710,-1,701,710,702,-1,702,710,711,-1,702,711,699,-1,699,711,706,-1,699,706,700,-1,700,706,708,-1,700,708,704,-1,684,697,686,-1,712,713,714,-1,686,697,698,-1,698,697,715,-1,698,715,709,-1,709,715,716,-1,709,716,710,-1,710,716,717,-1,710,717,711,-1,711,717,712,-1,711,712,706,-1,706,712,714,-1,706,714,707,-1,718,719,720,-1,682,721,697,-1,697,721,722,-1,697,722,715,-1,715,722,723,-1,715,723,716,-1,716,723,724,-1,716,724,717,-1,717,724,718,-1,717,718,712,-1,712,718,720,-1,712,720,713,-1,682,695,721,-1,721,695,694,-1,721,694,692,-1,725,726,727,-1,692,696,721,-1,721,696,728,-1,721,728,722,-1,722,728,729,-1,722,729,723,-1,723,729,730,-1,723,730,724,-1,724,730,725,-1,724,725,718,-1,718,725,727,-1,718,727,719,-1,72,726,73,-1,73,726,725,-1,73,725,74,-1,74,725,730,-1,74,730,84,-1,84,730,729,-1,84,729,85,-1,85,729,728,-1,85,728,87,-1,87,728,696,-1,87,696,88,-1,88,696,690,-1,731,732,733,-1,734,735,736,-1,737,738,739,-1,740,741,673,-1,742,743,673,-1,744,745,746,-1,746,745,673,-1,742,673,745,-1,679,676,741,-1,741,676,673,-1,743,740,673,-1,737,739,744,-1,747,687,688,-1,744,739,745,-1,745,739,748,-1,745,748,742,-1,742,748,749,-1,742,749,743,-1,743,749,750,-1,743,750,740,-1,740,750,747,-1,740,747,741,-1,741,747,688,-1,741,688,679,-1,734,736,738,-1,751,683,685,-1,738,736,739,-1,739,736,752,-1,739,752,748,-1,748,752,753,-1,748,753,749,-1,749,753,754,-1,749,754,750,-1,750,754,751,-1,750,751,747,-1,747,751,685,-1,747,685,687,-1,755,693,681,-1,735,756,736,-1,736,756,757,-1,736,757,752,-1,752,757,758,-1,752,758,753,-1,753,758,759,-1,753,759,754,-1,754,759,755,-1,754,755,751,-1,751,755,681,-1,751,681,683,-1,735,760,756,-1,756,760,761,-1,756,761,731,-1,762,689,691,-1,731,733,756,-1,756,733,763,-1,756,763,757,-1,757,763,764,-1,757,764,758,-1,758,764,765,-1,758,765,759,-1,759,765,762,-1,759,762,755,-1,755,762,691,-1,755,691,693,-1,75,689,76,-1,76,689,762,-1,76,762,78,-1,78,762,765,-1,78,765,79,-1,79,765,764,-1,79,764,80,-1,80,764,763,-1,80,763,97,-1,97,763,733,-1,97,733,98,-1,98,733,732,-1,675,705,674,-1,674,705,766,-1,766,705,767,-1,767,705,704,-1,767,704,768,-1,768,704,708,-1,768,708,769,-1,769,708,707,-1,769,707,770,-1,727,771,719,-1,719,771,772,-1,719,772,720,-1,720,772,773,-1,720,773,713,-1,713,773,770,-1,713,770,714,-1,714,770,707,-1,72,70,726,-1,726,70,774,-1,726,774,727,-1,727,774,775,-1,727,775,771,-1,99,98,776,-1,776,98,732,-1,776,732,777,-1,732,731,777,-1,777,731,761,-1,777,761,778,-1,778,761,760,-1,778,760,779,-1,779,760,780,-1,780,760,735,-1,780,735,781,-1,735,734,781,-1,781,734,738,-1,781,738,782,-1,782,738,737,-1,782,737,783,-1,783,737,744,-1,783,744,784,-1,784,744,746,-1,784,746,785,-1,785,746,673,-1,785,673,672,-1,775,774,786,-1,770,773,787,-1,768,769,788,-1,789,790,674,-1,791,792,674,-1,767,793,766,-1,766,793,674,-1,791,674,793,-1,794,795,790,-1,790,795,674,-1,792,789,674,-1,768,788,767,-1,796,797,798,-1,767,788,793,-1,793,788,799,-1,793,799,791,-1,791,799,800,-1,791,800,792,-1,792,800,801,-1,792,801,789,-1,789,801,796,-1,789,796,790,-1,790,796,798,-1,790,798,794,-1,770,787,769,-1,802,803,804,-1,769,787,788,-1,788,787,805,-1,788,805,799,-1,799,805,806,-1,799,806,800,-1,800,806,807,-1,800,807,801,-1,801,807,802,-1,801,802,796,-1,796,802,804,-1,796,804,797,-1,808,809,810,-1,773,811,787,-1,787,811,812,-1,787,812,805,-1,805,812,813,-1,805,813,806,-1,806,813,814,-1,806,814,807,-1,807,814,808,-1,807,808,802,-1,802,808,810,-1,802,810,803,-1,773,772,811,-1,811,772,771,-1,811,771,775,-1,815,816,817,-1,775,786,811,-1,811,786,818,-1,811,818,812,-1,812,818,819,-1,812,819,813,-1,813,819,820,-1,813,820,814,-1,814,820,815,-1,814,815,808,-1,808,815,817,-1,808,817,809,-1,96,816,81,-1,81,816,815,-1,81,815,82,-1,82,815,820,-1,82,820,83,-1,83,820,819,-1,83,819,67,-1,67,819,818,-1,67,818,68,-1,68,818,786,-1,68,786,70,-1,70,786,774,-1,821,822,823,-1,824,825,826,-1,827,828,829,-1,830,831,672,-1,832,833,672,-1,834,835,836,-1,836,835,672,-1,832,672,835,-1,784,785,831,-1,831,785,672,-1,833,830,672,-1,827,829,834,-1,837,782,783,-1,834,829,835,-1,835,829,838,-1,835,838,832,-1,832,838,839,-1,832,839,833,-1,833,839,840,-1,833,840,830,-1,830,840,837,-1,830,837,831,-1,831,837,783,-1,831,783,784,-1,824,826,828,-1,841,780,781,-1,828,826,829,-1,829,826,842,-1,829,842,838,-1,838,842,843,-1,838,843,839,-1,839,843,844,-1,839,844,840,-1,840,844,841,-1,840,841,837,-1,837,841,781,-1,837,781,782,-1,845,778,779,-1,825,846,826,-1,826,846,847,-1,826,847,842,-1,842,847,848,-1,842,848,843,-1,843,848,849,-1,843,849,844,-1,844,849,845,-1,844,845,841,-1,841,845,779,-1,841,779,780,-1,825,850,846,-1,846,850,851,-1,846,851,821,-1,852,776,777,-1,821,823,846,-1,846,823,853,-1,846,853,847,-1,847,853,854,-1,847,854,848,-1,848,854,855,-1,848,855,849,-1,849,855,852,-1,849,852,845,-1,845,852,777,-1,845,777,778,-1,99,776,89,-1,89,776,852,-1,89,852,90,-1,90,852,855,-1,90,855,92,-1,92,855,854,-1,92,854,93,-1,93,854,853,-1,93,853,94,-1,94,853,823,-1,94,823,95,-1,95,823,822,-1,674,795,672,-1,672,795,836,-1,836,795,834,-1,834,795,794,-1,834,794,827,-1,827,794,798,-1,827,798,828,-1,828,798,797,-1,828,797,824,-1,824,797,804,-1,824,804,825,-1,825,804,803,-1,825,803,850,-1,817,851,809,-1,809,851,850,-1,809,850,810,-1,810,850,803,-1,96,95,816,-1,816,95,822,-1,816,822,817,-1,817,822,821,-1,817,821,851,-1,
        ]
    }
}
Shape{
    appearance Appearance {
        material  Material 	{
            diffuseColor 0.5019607843137255 0.5019607843137255 0.5019607843137255
            specularColor 0.25098039215686274 0.25098039215686274 0.25098039215686274
            ambientIntensity 0.502
            transparency 0.0
            shininess 0.5
        }
    }
    geometry IndexedFaceSet {
        ccw TRUE
        solid FALSE
        coord DEF co Coordinate {
            point [
                1.6323 0.1634 0.3381, 1.6417 0.1634 0.4094, 1.6417 0.1634 0.1283, -1.6417 0.1634 0.1283, -1.6417 0.1634 0.4094, -1.6323 0.1634 0.3381, -1.6048 0.1634 0.2717, -1.561 0.1634 0.2146, -1.6116 0.1634 0.1016, -1.5039 0.1634 0.1708, 1.3661 0.1634 0.0157, 1.3661 0.1634 0.1339, 1.4537 0.1634 0.0256, 1.4375 0.1634 0.1432, 1.537 0.1634 0.0547, 1.5039 0.1634 0.1708, 1.6116 0.1634 0.1016, 1.561 0.1634 0.2146, 1.6048 0.1634 0.2717, 1.1752 0.1634 0.0157, 0.5185 0.1634 0.0157, 0.2615 0.1634 0.0157, 0.0767 0.1634 0.0157, -0.0674 0.1634 0.0157, -1.3661 0.1634 0.1339, -0.2414 0.1634 0.0157, -0.4706 0.1634 0.0157, -1.3661 0.1634 0.0157, -1.4375 0.1634 0.1432, -1.4537 0.1634 0.0256, -1.537 0.1634 0.0547
            ]
        }
        coordIndex [
            0,1,2,-1,3,4,5,-1,5,6,3,-1,3,6,7,-1,3,7,8,-1,8,7,9,-1,10,11,12,-1,12,11,13,-1,12,13,14,-1,14,13,15,-1,14,15,16,-1,16,15,17,-1,16,17,2,-1,2,17,18,-1,2,18,0,-1,10,19,11,-1,11,19,20,-1,11,20,21,-1,21,22,11,-1,11,22,23,-1,11,23,24,-1,24,23,25,-1,25,26,24,-1,24,26,27,-1,24,27,28,-1,28,27,29,-1,28,29,9,-1,9,29,30,-1,9,30,8,-1,
        ]
    }
}
Shape{
    appearance Appearance {
        material  Material 	{
            diffuseColor 1.0 1.0 1.0
            specularColor 0.5019607843137255 0.5019607843137255 0.5019607843137255
            ambientIntensity 1.0
            transparency 0.0
            shininess 0.5
        }
    }
    geometry IndexedFaceSet {
        ccw TRUE
        solid FALSE
        coord DEF co Coordinate {
            point [
                -1.5236 0.872 1.1417, -1.5236 0.8717 1.1417, -1.5236 0.872 1.227, -1.5236 0.8717 1.227, -1.7598 0.872 0.8268, -1.7598 0.5571 0.8268, -1.6417 0.872 0.8268, -1.6417 0.5571 0.8268, -1.6473 0.5571 1.1417, -1.3661 0.5571 1.1417, -1.4375 0.5571 1.1323, -1.5039 0.5571 1.1048, -1.561 0.5571 1.061, -1.6739 0.5571 1.1116, -1.6048 0.5571 1.0039, -1.6417 0.5571 0.8661, -1.7598 0.5571 0.8661, -1.6323 0.5571 0.9375, -1.75 0.5571 0.9537, -1.7209 0.5571 1.037, -1.7519 0.2815 0.9449, -1.6417 0.2815 0.9449, -1.7598 0.2815 0.8661, -1.6417 0.2815 0.8661, -1.7598 0.2815 0.4094, -1.6417 0.2815 0.1283, -1.6739 0.2815 0.164, -1.7209 0.2815 0.2386, -1.75 0.2815 0.3218, -1.6417 0.439 0.9449, -1.7519 0.439 0.9449, -1.6417 0.439 0.8661, -1.7598 0.439 0.8661, -1.6417 0.439 -0.315, -1.7598 0.439 -0.315, -1.6417 0.2842 0.9653, -1.6417 0.3209 1.0131, -1.6417 0.3996 1.0131, -1.6417 0.3046 1.0006, -1.6417 0.4159 1.0006, -1.6417 0.4284 0.9843, -1.6417 0.292 0.9843, -1.6417 0.4363 0.9653, -1.6417 0.3399 1.0209, -1.6417 0.3602 1.0236, -1.6417 0.3806 1.0209, -1.7598 0.5177 -0.3937, -1.7598 0.7933 -0.3937, -1.6417 0.5177 -0.3937, -1.6417 0.7933 -0.3937, -1.7598 0.872 -0.315, -1.6417 0.872 -0.315, -1.727 0.3602 1.0236, -1.7273 0.3499 1.0229, -1.7281 0.3399 1.0209, -1.7295 0.33 1.0176, -1.7314 0.3209 1.0131, -1.7362 0.3046 1.0006, -1.7417 0.292 0.9843, -1.7472 0.2842 0.9653, -1.7498 0.2827 0.9537, -1.7498 0.4378 0.9537, -1.7472 0.4363 0.9653, -1.7417 0.4284 0.9843, -1.7362 0.4159 1.0006, -1.7314 0.3996 1.0131, -1.7273 0.3705 1.0229, -1.7281 0.3806 1.0209, -1.7295 0.3904 1.0176, -1.7598 -1.1358 0.7244, -1.6417 -1.1358 0.7244, -1.7598 -1.1385 0.7448, -1.6417 -1.1385 0.7448, -1.7598 -1.1464 0.7638, -1.6417 -1.1464 0.7638, -1.7598 -1.1589 0.7801, -1.6417 -1.1589 0.7801, -1.7598 -1.1752 0.7926, -1.6417 -1.1752 0.7926, -1.7598 -1.1942 0.8005, -1.6417 -1.1942 0.8005, -1.7598 -1.2146 0.8032, -1.6417 -1.2146 0.8032, -1.6417 -1.2933 0.7244, -1.7598 -1.2933 0.7244, -1.6417 -1.2906 0.7448, -1.7598 -1.2906 0.7448, -1.6417 -1.2828 0.7638, -1.7598 -1.2828 0.7638, -1.6417 -1.2702 0.7801, -1.7598 -1.2702 0.7801, -1.6417 -1.2539 0.7926, -1.7598 -1.2539 0.7926, -1.6417 -1.2349 0.8005, -1.7598 -1.2349 0.8005, -1.7598 -0.4665 0.7244, -1.6417 -0.4665 0.7244, -1.7598 -0.4692 0.7448, -1.6417 -0.4692 0.7448, -1.7598 -0.4771 0.7638, -1.6417 -0.4771 0.7638, -1.7598 -0.4896 0.7801, -1.6417 -0.4896 0.7801, -1.7598 -0.5059 0.7926, -1.6417 -0.5059 0.7926, -1.7598 -0.5249 0.8005, -1.6417 -0.5249 0.8005, -1.7598 -0.5453 0.8032, -1.6417 -0.5453 0.8032, -1.7598 -0.5657 0.8005, -1.6417 -0.5657 0.8005, -1.7598 -0.5846 0.7926, -1.6417 -0.5846 0.7926, -1.7598 -0.601 0.7801, -1.6417 -0.601 0.7801, -1.7598 -0.6135 0.7638, -1.6417 -0.6135 0.7638, -1.7598 -0.6213 0.7448, -1.6417 -0.6213 0.7448, -1.7598 -0.624 0.7244, -1.6417 -0.624 0.7244, -0.8661 0.5177 1.2598, -0.4331 0.5177 1.2598, -0.8661 0.5177 1.1417, -0.4331 0.5177 1.1417, -0.9055 0.8327 1.2598, -0.9055 0.5571 1.2598, -0.9055 0.8327 1.1417, -0.9055 0.5571 1.1417, -0.3947 0.6054 1.2593, -0.3937 0.5965 1.2598, -0.3937 0.872 1.2598, -0.3979 0.6141 1.2574, -0.4214 0.6341 1.2438, -0.4112 0.6292 1.2497, -0.4033 0.6222 1.2543, -0.677 0.8327 1.0963, -0.677 0.6752 1.0963, -0.4331 0.6358 1.2371, -0.674 0.6601 1.098, -0.6717 0.6555 1.0993, -0.6376 0.6358 1.119, -0.6757 0.665 1.097, -0.6689 0.6512 1.101, -0.6655 0.6474 1.1029, -0.6478 0.6372 1.1131, -0.6573 0.6411 1.1076, -0.6689 0.8566 1.101, -0.6376 0.872 1.119, -0.6655 0.8605 1.1029, -0.6478 0.8707 1.1131, -0.6573 0.8668 1.1076, -0.6717 0.8524 1.0993, -0.674 0.8477 1.098, -0.6757 0.8429 1.097, -0.6767 0.6701 1.0965, -0.6767 0.8378 1.0965, -0.6689 0.6512 0.9646, -0.6376 0.6358 0.9826, -0.6655 0.6474 0.9665, -0.6478 0.6372 0.9767, -0.6573 0.6411 0.9713, -0.674 0.8477 0.9616, -0.6717 0.8524 0.9629, -0.6376 0.872 0.9826, -0.6717 0.6555 0.9629, -0.674 0.6601 0.9616, -0.6757 0.665 0.9607, -0.6757 0.8429 0.9607, -0.6689 0.8566 0.9646, -0.6655 0.8605 0.9665, -0.6478 0.8707 0.9767, -0.6573 0.8668 0.9713, -0.6767 0.6701 0.9601, -0.677 0.6752 0.9599, -0.3621 0.6358 1.1417, -0.3621 0.872 1.1417, -0.677 0.8327 0.9599, -0.6767 0.8378 0.9601, -0.4331 0.6358 1.1417, -0.9449 0.872 1.1417, -0.9449 0.872 1.2598, -0.9347 0.8707 1.2598, -0.9347 0.8707 1.1417, -0.9252 0.8668 1.2598, -0.9252 0.8668 1.1417, -0.917 0.8605 1.2598, -0.917 0.8605 1.1417, -0.9108 0.8524 1.2598, -0.9108 0.8524 1.1417, -0.9069 0.8429 1.2598, -0.9069 0.8429 1.1417, -0.8763 0.5191 1.2598, -0.8763 0.5191 1.1417, -0.8858 0.523 1.2598, -0.8858 0.523 1.1417, -0.894 0.5292 1.2598, -0.894 0.5292 1.1417, -0.9002 0.5374 1.2598, -0.9002 0.5374 1.1417, -0.9042 0.5469 1.2598, -0.9042 0.5469 1.1417, -0.4229 0.6345 1.1417, -0.4229 0.6345 1.243, -0.4134 0.6306 1.1417, -0.4134 0.6306 1.2485, -0.4052 0.6243 1.1417, -0.4052 0.6243 1.2532, -0.4018 0.6204 1.2551, -0.399 0.6161 1.1417, -0.399 0.6161 1.2568, -0.3967 0.6115 1.2581, -0.395 0.6066 1.1417, -0.395 0.6066 1.2591, -0.394 0.6016 1.2596, -0.3937 0.5965 1.1417, -0.3937 0.5571 1.2598, -0.3937 0.5571 1.1417, -0.395 0.5469 1.2598, -0.395 0.5469 1.1417, -0.399 0.5374 1.2598, -0.399 0.5374 1.1417, -0.4052 0.5292 1.2598, -0.4052 0.5292 1.1417, -0.4134 0.523 1.2598, -0.4134 0.523 1.1417, -0.4229 0.5191 1.2598, -0.4229 0.5191 1.1417, -0.6693 -0.0925 1.1811, -0.9055 -0.0925 1.1811, -0.6693 -0.1319 1.1811, -0.9055 -0.1319 1.1811, -0.9243 -0.1554 1.1851, -0.9219 -0.1576 1.1855, -0.9352 -0.1785 1.1969, -0.9394 -0.1997 1.2207, -0.9377 -0.1962 1.2144, -0.9446 -0.1932 1.2116, -0.9434 -0.2076 1.2396, -0.942 -0.2048 1.2301, -0.9506 -0.2025 1.2275, -0.9813 -0.1804 1.2436, -0.9829 -0.1706 1.2452, -0.9843 -0.1713 1.2598, -0.9449 -0.2106 1.2598, -0.9442 -0.2093 1.2452, -0.9551 -0.2093 1.2598, -0.954 -0.2077 1.2436, -0.9646 -0.2054 1.2598, -0.9727 -0.1991 1.2598, -0.9632 -0.2036 1.2427, -0.9588 -0.1983 1.2258, -0.9812 -0.1697 1.2396, -0.9761 -0.177 1.2275, -0.9784 -0.1683 1.2301, -0.979 -0.1909 1.2598, -0.9711 -0.1975 1.2423, -0.9661 -0.1925 1.2253, -0.9573 -0.1837 1.2093, -0.9829 -0.1815 1.2598, -0.9773 -0.1895 1.2427, -0.972 -0.1852 1.2258, -0.9626 -0.1776 1.2099, -0.9485 -0.1663 1.1957, -0.9668 -0.171 1.2116, -0.9521 -0.1616 1.1969, -0.9553 -0.1568 1.1989, -0.9607 -0.1595 1.2046, -0.9698 -0.164 1.2144, -0.9733 -0.1658 1.2207, -0.9195 -0.1598 1.1862, -0.9249 -0.1708 1.1925, -0.9304 -0.1817 1.1989, -0.9331 -0.1871 1.2046, -0.9399 -0.1748 1.1957, -0.9267 -0.153 1.185, -0.9312 -0.1483 1.1855, -0.9156 -0.1521 1.1848, -0.9257 -0.142 1.1848, -0.9334 -0.1458 1.1862, -0.9444 -0.1513 1.1925, -0.9513 -0.189 1.2099, -0.9443 -0.1707 1.1953, -0.929 -0.1507 1.1851, -0.6592 -0.1521 1.1848, -0.6553 -0.1598 1.1862, -0.6499 -0.1708 1.1925, -0.6371 -0.1962 1.2144, -0.6417 -0.1871 1.2046, -0.6444 -0.1817 1.1989, -0.6299 -0.2106 1.2598, -0.6306 -0.2093 1.2452, -0.6314 -0.2076 1.2396, -0.6328 -0.2048 1.2301, -0.6354 -0.1997 1.2207, -0.9843 -0.0532 1.2598, -0.9829 -0.0538 1.2452, -0.9812 -0.0547 1.2396, -0.9784 -0.0561 1.2301, -0.9733 -0.0586 1.2207, -0.9698 -0.0604 1.2144, -0.9607 -0.0649 1.2046, -0.9553 -0.0676 1.1989, -0.9444 -0.0731 1.1925, -0.9334 -0.0786 1.1862, -0.9257 -0.0824 1.1848, -0.6458 -0.1507 1.1851, -0.6436 -0.1483 1.1855, -0.6227 -0.1616 1.1969, -0.6015 -0.1658 1.2207, -0.605 -0.164 1.2144, -0.608 -0.171 1.2116, -0.5936 -0.1697 1.2396, -0.5964 -0.1683 1.2301, -0.5987 -0.177 1.2275, -0.6208 -0.2077 1.2436, -0.5906 -0.1713 1.2598, -0.5919 -0.1706 1.2452, -0.5919 -0.1815 1.2598, -0.5935 -0.1804 1.2436, -0.5958 -0.1909 1.2598, -0.6021 -0.1991 1.2598, -0.5975 -0.1895 1.2427, -0.6029 -0.1852 1.2258, -0.6242 -0.2025 1.2275, -0.6102 -0.2054 1.2598, -0.6037 -0.1975 1.2423, -0.6087 -0.1925 1.2253, -0.6175 -0.1837 1.2093, -0.6197 -0.2093 1.2598, -0.6116 -0.2036 1.2427, -0.616 -0.1983 1.2258, -0.6235 -0.189 1.2099, -0.6349 -0.1748 1.1957, -0.6302 -0.1932 1.2116, -0.6396 -0.1785 1.1969, -0.6414 -0.1458 1.1862, -0.6304 -0.1513 1.1925, -0.6195 -0.1568 1.1989, -0.6141 -0.1595 1.2046, -0.6264 -0.1663 1.1957, -0.6481 -0.153 1.185, -0.6529 -0.1576 1.1855, -0.6491 -0.142 1.1848, -0.6122 -0.1776 1.2099, -0.6305 -0.1707 1.1953, -0.6505 -0.1554 1.1851, -0.929 -0.0737 1.1851, -0.9312 -0.0761 1.1855, -0.9521 -0.0628 1.1969, -0.9668 -0.0534 1.2116, -0.9761 -0.0474 1.2275, -0.954 -0.0168 1.2436, -0.9442 -0.0152 1.2452, -0.9449 -0.0138 1.2598, -0.9829 -0.043 1.2598, -0.9813 -0.044 1.2436, -0.979 -0.0335 1.2598, -0.9727 -0.0253 1.2598, -0.9773 -0.0349 1.2427, -0.972 -0.0392 1.2258, -0.9434 -0.0168 1.2396, -0.9506 -0.0219 1.2275, -0.942 -0.0196 1.2301, -0.9646 -0.0191 1.2598, -0.9711 -0.0269 1.2423, -0.9661 -0.032 1.2253, -0.9573 -0.0407 1.2093, -0.9551 -0.0151 1.2598, -0.9632 -0.0208 1.2427, -0.9588 -0.0261 1.2258, -0.9513 -0.0354 1.2099, -0.9399 -0.0496 1.1957, -0.9446 -0.0312 1.2116, -0.9352 -0.0459 1.1969, -0.9304 -0.0427 1.1989, -0.9331 -0.0373 1.2046, -0.9377 -0.0282 1.2144, -0.9394 -0.0248 1.2207, -0.9485 -0.0582 1.1957, -0.9267 -0.0714 1.185, -0.9219 -0.0668 1.1855, -0.9156 -0.0723 1.1848, -0.9195 -0.0646 1.1862, -0.9249 -0.0537 1.1925, -0.9626 -0.0468 1.2099, -0.9443 -0.0537 1.1953, -0.9243 -0.069 1.1851, -0.5906 -0.0532 1.2598, -0.5919 -0.0538 1.2452, -0.5936 -0.0547 1.2396, -0.5964 -0.0561 1.2301, -0.6015 -0.0586 1.2207, -0.605 -0.0604 1.2144, -0.6141 -0.0649 1.2046, -0.6195 -0.0676 1.1989, -0.6304 -0.0731 1.1925, -0.6414 -0.0786 1.1862, -0.6491 -0.0824 1.1848, -0.6299 -0.0138 1.2598, -0.6306 -0.0152 1.2452, -0.6314 -0.0168 1.2396, -0.6328 -0.0196 1.2301, -0.6354 -0.0248 1.2207, -0.6371 -0.0282 1.2144, -0.6417 -0.0373 1.2046, -0.6444 -0.0427 1.1989, -0.6499 -0.0537 1.1925, -0.6553 -0.0646 1.1862, -0.6592 -0.0723 1.1848, -0.6505 -0.069 1.1851, -0.6529 -0.0668 1.1855, -0.6396 -0.0459 1.1969, -0.6302 -0.0312 1.2116, -0.6242 -0.0219 1.2275, -0.5935 -0.044 1.2436, -0.6197 -0.0151 1.2598, -0.6208 -0.0168 1.2436, -0.6102 -0.0191 1.2598, -0.6021 -0.0253 1.2598, -0.6116 -0.0208 1.2427, -0.616 -0.0261 1.2258, -0.5987 -0.0474 1.2275, -0.5958 -0.0335 1.2598, -0.6037 -0.0269 1.2423, -0.6087 -0.032 1.2253, -0.6175 -0.0407 1.2093, -0.5919 -0.043 1.2598, -0.5975 -0.0349 1.2427, -0.6029 -0.0392 1.2258, -0.6122 -0.0468 1.2099, -0.6264 -0.0582 1.1957, -0.608 -0.0534 1.2116, -0.6227 -0.0628 1.1969, -0.6349 -0.0496 1.1957, -0.6481 -0.0714 1.185, -0.6436 -0.0761 1.1855, -0.6235 -0.0354 1.2099, -0.6305 -0.0537 1.1953, -0.6458 -0.0737 1.1851, 0.3937 0.5571 1.1417, 0.3937 0.5965 1.1417, 0.3937 0.5571 1.2598, 0.3937 0.5965 1.2598, 1.5236 0.872 1.1417, 0.9449 0.872 1.1417, 0.9449 0.872 1.2598, 1.3661 0.872 1.2598, 1.4537 0.872 1.25, 1.5236 0.872 1.227, 1.7598 -1.1358 -0.315, 1.7598 -1.0571 -0.3937, 1.7598 -0.8996 -0.3937, 1.7598 -1.9823 0.4094, 1.7598 -1.2933 0.4094, 1.7598 -1.9823 0.8661, 1.7598 -1.2933 0.7244, 1.7598 -1.2906 0.7448, 1.7598 -1.2828 0.7638, 1.7598 -1.2702 0.7801, 1.7598 -1.2539 0.7926, 1.7598 -1.1385 0.7448, 1.7598 -0.7815 -0.0342, 1.7598 -0.7625 -0.0263, 1.7598 -0.5846 0.7926, 1.7598 -0.601 0.7801, 1.7598 -0.6135 0.7638, 1.7598 -0.5657 0.8005, 1.7598 -0.5453 0.8032, 1.7598 0.2815 0.8661, 1.7598 -0.5249 0.8005, 1.7598 -0.5059 0.7926, 1.7598 -0.4896 0.7801, 1.7598 -0.4771 0.7638, 1.7598 -0.4665 0.4094, 1.7598 0.2815 0.4094, 1.7598 -0.4665 0.7244, 1.7598 -0.4692 0.7448, 1.7598 -1.1752 0.7926, 1.7598 -1.1589 0.7801, 1.7598 -1.1464 0.7638, 1.7598 -0.6213 0.7448, 1.7598 -0.7978 -0.0467, 1.7598 -0.8209 -0.315, 1.7598 -0.8209 -0.1024, 1.7598 -1.1358 0.7244, 1.7598 -0.8182 -0.082, 1.7598 -0.8103 -0.063, 1.7598 -1.2349 0.8005, 1.7598 -1.2146 0.8032, 1.7598 -1.1942 0.8005, 1.7598 -0.624 0.0551, 1.7598 -0.624 0.7244, 1.7598 -0.7421 -0.0236, 1.7598 -0.6471 -0.0006, 1.7598 -0.6346 0.0157, 1.7598 -0.6634 -0.0131, 1.7598 -0.6824 -0.0209, 1.7598 -0.7028 -0.0236, 1.7598 -0.6267 0.0347, 1.7598 0.5571 0.8661, 1.7598 0.439 0.8661, 1.7598 0.5571 0.8268, 1.7598 0.439 -0.315, 1.7598 0.872 0.8268, 1.7598 0.872 -0.315, 1.7598 0.7933 -0.3937, 1.7598 0.5177 -0.3937, 1.7209 -1.9823 1.037, 1.7209 0.5571 1.037, 1.6739 0.5571 1.1116, 1.5236 0.8717 1.227, 1.537 0.8717 1.2209, 1.4537 -1.9823 1.25, 1.537 -1.9823 1.2209, 1.6116 -1.9823 1.174, 1.6116 0.8717 1.174, 1.6473 0.8717 1.1417, 1.6473 0.5571 1.1417, 1.6739 -1.9823 1.1116, 1.7417 0.292 0.9843, 1.7362 0.3046 1.0006, 1.7314 0.3209 1.0131, 1.7295 0.33 1.0176, 1.7281 0.3399 1.0209, 1.7273 0.3499 1.0229, 1.727 0.3602 1.0236, 1.7273 0.3705 1.0229, 1.7281 0.3806 1.0209, 1.7295 0.3904 1.0176, 1.7314 0.3996 1.0131, 1.7362 0.4159 1.0006, 1.7417 0.4284 0.9843, 1.7472 0.4363 0.9653, 1.75 0.5571 0.9537, 1.7519 0.439 0.9449, 1.7498 0.4378 0.9537, 1.75 -1.9823 0.9537, 1.7519 0.2815 0.9449, 1.7498 0.2827 0.9537, 1.7472 0.2842 0.9653, 1.3661 -1.9823 1.2598, 1.6417 0.2815 0.1283, 1.6417 0.1634 0.1283, 1.6417 0.1634 0.4094, 1.6417 -1.9823 0.8661, 1.6417 -1.2539 0.7926, 1.6417 -1.2702 0.7801, 1.6417 -1.2933 0.4094, 1.6417 -1.9823 0.4094, 1.6417 -1.2933 0.7244, 1.6417 -0.8182 -0.082, 1.6417 -1.1358 -0.315, 1.6417 -0.8103 -0.063, 1.6417 -1.1358 0.7244, 1.6417 -0.7978 -0.0467, 1.6417 -0.8996 -0.3937, 1.6417 -1.0571 -0.3937, 1.6417 -0.8209 -0.315, 1.6417 -0.8209 -0.1024, 1.6417 -1.2828 0.7638, 1.6417 -1.2906 0.7448, 1.6417 -0.5846 0.7926, 1.6417 -0.601 0.7801, 1.6417 -1.1385 0.7448, 1.6417 -0.6135 0.7638, 1.6417 -1.1589 0.7801, 1.6417 -1.1752 0.7926, 1.6417 0.2815 0.8661, 1.6417 -0.7421 -0.0236, 1.6417 -0.7625 -0.0263, 1.6417 -0.4665 0.4094, 1.6417 -0.4665 0.7244, 1.6417 -0.4692 0.7448, 1.6417 -0.4771 0.7638, 1.6417 -0.4896 0.7801, 1.6417 -1.1942 0.8005, 1.6417 -1.2146 0.8032, 1.6417 -1.2349 0.8005, 1.6417 -0.7815 -0.0342, 1.6417 -0.5059 0.7926, 1.6417 -0.5249 0.8005, 1.6417 -0.5453 0.8032, 1.6417 -1.1464 0.7638, 1.6417 -0.5657 0.8005, 1.6417 -0.6213 0.7448, 1.6417 -0.624 0.7244, 1.6417 -0.624 0.0551, 1.6417 -0.7028 -0.0236, 1.6417 -0.6824 -0.0209, 1.6417 -0.6267 0.0347, 1.6417 -0.6346 0.0157, 1.6417 -0.6471 -0.0006, 1.6417 -0.6634 -0.0131, 1.6417 0.439 -0.315, 1.6417 0.439 0.8661, 1.6417 0.5571 0.8268, 1.6417 0.5571 0.8661, 1.6417 0.7933 -0.3937, 1.6417 0.5177 -0.3937, 1.6417 0.872 -0.315, 1.6417 0.872 0.8268, 1.6739 0.2815 0.164, 1.6116 0.1634 0.1016, 1.6739 -0.4665 0.164, 1.6116 -0.4665 0.1016, 1.537 -0.4665 0.0547, 1.537 0.1634 0.0547, 1.4537 -0.4665 0.0256, 1.4537 0.1634 0.0256, 1.3661 -0.4665 0.0157, 1.3661 0.1634 0.0157, 1.7209 0.2815 0.2386, 1.7209 -0.4665 0.2386, 1.75 0.2815 0.3218, 1.75 -0.4665 0.3218, 1.75 -1.9823 0.3218, 1.75 -1.2933 0.3218, 1.7209 -1.9823 0.2386, 1.7209 -1.2933 0.2386, 1.6739 -1.9823 0.164, 1.6739 -1.2933 0.164, 1.6116 -1.9823 0.1016, 1.6116 -1.2933 0.1016, 1.537 -1.9823 0.0547, 1.537 -1.2933 0.0547, 1.4537 -1.9823 0.0256, 1.4537 -1.2933 0.0256, 1.3661 -1.9823 0.0157, 1.3661 -1.2933 0.0157, 1.3661 -1.2933 0.1339, 1.3661 -1.9823 0.1339, 1.4375 -1.2933 0.1432, 1.4375 -1.9823 0.1432, 1.5039 -1.2933 0.1708, 1.5039 -1.9823 0.1708, 1.561 -1.2933 0.2146, 1.561 -1.9823 0.2146, 1.6048 -1.2933 0.2717, 1.6048 -1.9823 0.2717, 1.6323 -1.2933 0.3381, 1.6323 -1.9823 0.3381, 1.3661 0.1634 0.1339, 1.3661 -0.4665 0.1339, 1.4375 0.1634 0.1432, 1.4375 -0.4665 0.1432, 1.5039 0.1634 0.1708, 1.5039 -0.4665 0.1708, 1.561 0.1634 0.2146, 1.561 -0.4665 0.2146, 1.6048 0.1634 0.2717, 1.6048 -0.4665 0.2717, 1.6323 0.1634 0.3381, 1.6323 -0.4665 0.3381, 0.9724 -0.4927 0.0157, 0.9724 -0.4665 0.0157, 0.9724 -0.4665 0.1339, 0.9724 -1.2933 0.1339, 0.9724 -1.2933 0.0157, 0.9724 -0.9753 0.0157, 0.9724 -0.776 0.0157, 1.1752 -1.2933 0.0157, 1.1752 -0.4665 0.0157, 0.6693 -0.1319 0.0945, 0.6693 -0.0925 0.0945, 0.9055 -0.1319 0.0945, 0.9055 -0.0925 0.0945, 0.9449 -0.2106 0.0157, 0.6299 -0.2106 0.0157, 0.9442 -0.2093 0.0304, 0.6306 -0.2093 0.0304, 0.9434 -0.2076 0.036, 0.6314 -0.2076 0.036, 0.6328 -0.2048 0.0455, 0.942 -0.2048 0.0455, 0.6354 -0.1997 0.0549, 0.9394 -0.1997 0.0549, 0.9377 -0.1962 0.0612, 0.6371 -0.1962 0.0612, 0.9331 -0.1871 0.071, 0.6417 -0.1871 0.071, 0.6444 -0.1817 0.0767, 0.9304 -0.1817 0.0767, 0.6499 -0.1708 0.0831, 0.9249 -0.1708 0.0831, 0.9195 -0.1598 0.0894, 0.6553 -0.1598 0.0894, 0.9156 -0.1521 0.0908, 0.6592 -0.1521 0.0908, 0.9812 -0.1697 0.036, 0.9829 -0.1706 0.0304, 0.9813 -0.1804 0.032, 0.9607 -0.1595 0.071, 0.9698 -0.164 0.0612, 0.9668 -0.171 0.064, 0.9444 -0.1513 0.0831, 0.9553 -0.1568 0.0767, 0.9521 -0.1616 0.0787, 0.9243 -0.1554 0.0905, 0.9219 -0.1576 0.0901, 0.929 -0.1507 0.0905, 0.9267 -0.153 0.0906, 0.9334 -0.1458 0.0894, 0.9312 -0.1483 0.0901, 0.9257 -0.142 0.0908, 0.9352 -0.1785 0.0787, 0.9485 -0.1663 0.0799, 0.9443 -0.1707 0.0803, 0.9399 -0.1748 0.0799, 0.9446 -0.1932 0.064, 0.9626 -0.1776 0.0657, 0.9573 -0.1837 0.0663, 0.9513 -0.189 0.0657, 0.9506 -0.2025 0.0481, 0.9761 -0.177 0.0481, 0.972 -0.1852 0.0498, 0.9661 -0.1925 0.0503, 0.9588 -0.1983 0.0498, 0.9733 -0.1658 0.0549, 0.9784 -0.1683 0.0455, 0.954 -0.2077 0.032, 0.9773 -0.1895 0.0329, 0.9711 -0.1975 0.0333, 0.9632 -0.2036 0.0329, 0.9551 -0.2093 0.0157, 0.9646 -0.2054 0.0157, 0.9727 -0.1991 0.0157, 0.979 -0.1909 0.0157, 0.9829 -0.1815 0.0157, 0.9843 -0.1713 0.0157, 0.6208 -0.2077 0.032, 0.6302 -0.1932 0.064, 0.6396 -0.1785 0.0787, 0.6458 -0.1507 0.0905, 0.6436 -0.1483 0.0901, 0.6505 -0.1554 0.0905, 0.6481 -0.153 0.0906, 0.6529 -0.1576 0.0901, 0.6414 -0.1458 0.0894, 0.6491 -0.142 0.0908, 0.6227 -0.1616 0.0787, 0.6195 -0.1568 0.0767, 0.6304 -0.1513 0.0831, 0.6349 -0.1748 0.0799, 0.6305 -0.1707 0.0803, 0.6264 -0.1663 0.0799, 0.608 -0.171 0.064, 0.605 -0.164 0.0612, 0.6141 -0.1595 0.071, 0.6235 -0.189 0.0657, 0.6175 -0.1837 0.0663, 0.6122 -0.1776 0.0657, 0.5987 -0.177 0.0481, 0.5964 -0.1683 0.0455, 0.6015 -0.1658 0.0549, 0.6242 -0.2025 0.0481, 0.616 -0.1983 0.0498, 0.6087 -0.1925 0.0503, 0.6029 -0.1852 0.0498, 0.5935 -0.1804 0.032, 0.5919 -0.1706 0.0304, 0.5936 -0.1697 0.036, 0.6116 -0.2036 0.0329, 0.6037 -0.1975 0.0333, 0.5975 -0.1895 0.0329, 0.5906 -0.1713 0.0157, 0.5919 -0.1815 0.0157, 0.5958 -0.1909 0.0157, 0.6021 -0.1991 0.0157, 0.6102 -0.2054 0.0157, 0.6197 -0.2093 0.0157, 0.9843 -0.0532 0.0157, 0.9829 -0.0538 0.0304, 0.9812 -0.0547 0.036, 0.9784 -0.0561 0.0455, 0.9733 -0.0586 0.0549, 0.9698 -0.0604 0.0612, 0.9607 -0.0649 0.071, 0.9553 -0.0676 0.0767, 0.9444 -0.0731 0.0831, 0.9334 -0.0786 0.0894, 0.9257 -0.0824 0.0908, 0.6304 -0.0731 0.0831, 0.6414 -0.0786 0.0894, 0.6491 -0.0824 0.0908, 0.6195 -0.0676 0.0767, 0.6141 -0.0649 0.071, 0.605 -0.0604 0.0612, 0.6015 -0.0586 0.0549, 0.5964 -0.0561 0.0455, 0.5936 -0.0547 0.036, 0.5919 -0.0538 0.0304, 0.5906 -0.0532 0.0157, 0.9434 -0.0168 0.036, 0.9442 -0.0152 0.0304, 0.954 -0.0168 0.032, 0.9331 -0.0373 0.071, 0.9377 -0.0282 0.0612, 0.9446 -0.0312 0.064, 0.9249 -0.0537 0.0831, 0.9304 -0.0427 0.0767, 0.9352 -0.0459 0.0787, 0.929 -0.0737 0.0905, 0.9312 -0.0761 0.0901, 0.9243 -0.069 0.0905, 0.9267 -0.0714 0.0906, 0.9195 -0.0646 0.0894, 0.9219 -0.0668 0.0901, 0.9156 -0.0723 0.0908, 0.9521 -0.0628 0.0787, 0.9399 -0.0496 0.0799, 0.9443 -0.0537 0.0803, 0.9485 -0.0582 0.0799, 0.9668 -0.0534 0.064, 0.9513 -0.0354 0.0657, 0.9573 -0.0407 0.0663, 0.9626 -0.0468 0.0657, 0.9761 -0.0474 0.0481, 0.9506 -0.0219 0.0481, 0.9588 -0.0261 0.0498, 0.9661 -0.032 0.0503, 0.972 -0.0392 0.0498, 0.9394 -0.0248 0.0549, 0.942 -0.0196 0.0455, 0.9813 -0.044 0.032, 0.9632 -0.0208 0.0329, 0.9711 -0.0269 0.0333, 0.9773 -0.0349 0.0329, 0.9829 -0.043 0.0157, 0.979 -0.0335 0.0157, 0.9727 -0.0253 0.0157, 0.9646 -0.0191 0.0157, 0.9551 -0.0151 0.0157, 0.9449 -0.0138 0.0157, 0.5935 -0.044 0.032, 0.608 -0.0534 0.064, 0.6227 -0.0628 0.0787, 0.6505 -0.069 0.0905, 0.6529 -0.0668 0.0901, 0.6458 -0.0737 0.0905, 0.6481 -0.0714 0.0906, 0.6436 -0.0761 0.0901, 0.6553 -0.0646 0.0894, 0.6592 -0.0723 0.0908, 0.6396 -0.0459 0.0787, 0.6444 -0.0427 0.0767, 0.6499 -0.0537 0.0831, 0.6264 -0.0582 0.0799, 0.6305 -0.0537 0.0803, 0.6349 -0.0496 0.0799, 0.6302 -0.0312 0.064, 0.6371 -0.0282 0.0612, 0.6417 -0.0373 0.071, 0.6122 -0.0468 0.0657, 0.6175 -0.0407 0.0663, 0.6235 -0.0354 0.0657, 0.6242 -0.0219 0.0481, 0.6328 -0.0196 0.0455, 0.6354 -0.0248 0.0549, 0.5987 -0.0474 0.0481, 0.6029 -0.0392 0.0498, 0.6087 -0.032 0.0503, 0.616 -0.0261 0.0498, 0.6208 -0.0168 0.032, 0.6306 -0.0152 0.0304, 0.6314 -0.0168 0.036, 0.5975 -0.0349 0.0329, 0.6037 -0.0269 0.0333, 0.6116 -0.0208 0.0329, 0.6299 -0.0138 0.0157, 0.6197 -0.0151 0.0157, 0.6102 -0.0191 0.0157, 0.6021 -0.0253 0.0157, 0.5958 -0.0335 0.0157, 0.5919 -0.043 0.0157, 1.5236 0.8717 1.1417, 1.4375 0.5571 1.1323, 1.3661 0.5571 1.1417, 1.6323 0.5571 0.9375, 1.6048 0.5571 1.0039, 1.561 0.5571 1.061, 1.5039 0.5571 1.1048, 1.6417 0.2815 0.9449, 1.6417 0.439 0.9449, 1.6417 0.4363 0.9653, 1.6417 0.4284 0.9843, 1.6417 0.4159 1.0006, 1.6417 0.3806 1.0209, 1.6417 0.3046 1.0006, 1.6417 0.292 0.9843, 1.6417 0.3602 1.0236, 1.6417 0.3399 1.0209, 1.6417 0.3209 1.0131, 1.6417 0.3996 1.0131, 1.6417 0.2842 0.9653, 0.4331 0.5177 1.2598, 0.8661 0.5177 1.2598, 0.4331 0.5177 1.1417, 0.8661 0.5177 1.1417, 0.9055 0.5571 1.2598, 0.9055 0.8327 1.2598, 0.9055 0.5571 1.1417, 0.9055 0.8327 1.1417, 0.3947 0.6054 1.2593, 0.3937 0.872 1.2598, 0.3979 0.6141 1.2574, 0.4033 0.6222 1.2543, 0.4112 0.6292 1.2497, 0.4214 0.6341 1.2438, 0.4331 0.6358 1.2371, 0.6689 0.6512 1.101, 0.6376 0.6358 1.119, 0.6655 0.6474 1.1029, 0.6478 0.6372 1.1131, 0.6573 0.6411 1.1076, 0.674 0.8477 1.098, 0.6717 0.8524 1.0993, 0.6376 0.872 1.119, 0.6717 0.6555 1.0993, 0.674 0.6601 1.098, 0.6757 0.665 1.097, 0.6757 0.8429 1.097, 0.6689 0.8566 1.101, 0.6655 0.8605 1.1029, 0.6478 0.8707 1.1131, 0.6573 0.8668 1.1076, 0.6767 0.6701 1.0965, 0.677 0.6752 1.0963, 0.677 0.8327 1.0963, 0.6767 0.8378 1.0965, 0.677 0.8327 0.9599, 0.677 0.6752 0.9599, 0.3621 0.6358 1.1417, 0.674 0.6601 0.9616, 0.6717 0.6555 0.9629, 0.6376 0.6358 0.9826, 0.6757 0.665 0.9607, 0.6689 0.6512 0.9646, 0.6655 0.6474 0.9665, 0.6478 0.6372 0.9767, 0.6573 0.6411 0.9713, 0.6689 0.8566 0.9646, 0.6376 0.872 0.9826, 0.6655 0.8605 0.9665, 0.6478 0.8707 0.9767, 0.6573 0.8668 0.9713, 0.6717 0.8524 0.9629, 0.674 0.8477 0.9616, 0.6757 0.8429 0.9607, 0.6767 0.6701 0.9601, 0.3621 0.872 1.1417, 0.6767 0.8378 0.9601, 0.4331 0.6358 1.1417, 0.9069 0.8429 1.2598, 0.9069 0.8429 1.1417, 0.9108 0.8524 1.2598, 0.9108 0.8524 1.1417, 0.917 0.8605 1.2598, 0.917 0.8605 1.1417, 0.9252 0.8668 1.2598, 0.9252 0.8668 1.1417, 0.9347 0.8707 1.2598, 0.9347 0.8707 1.1417, 0.9042 0.5469 1.2598, 0.9042 0.5469 1.1417, 0.9002 0.5374 1.2598, 0.9002 0.5374 1.1417, 0.894 0.5292 1.2598, 0.894 0.5292 1.1417, 0.8858 0.523 1.2598, 0.8858 0.523 1.1417, 0.8763 0.5191 1.2598, 0.8763 0.5191 1.1417, 0.394 0.6016 1.2596, 0.395 0.6066 1.1417, 0.395 0.6066 1.2591, 0.3967 0.6115 1.2581, 0.399 0.6161 1.1417, 0.399 0.6161 1.2568, 0.4018 0.6204 1.2551, 0.4052 0.6243 1.1417, 0.4052 0.6243 1.2532, 0.4134 0.6306 1.1417, 0.4134 0.6306 1.2485, 0.4229 0.6345 1.1417, 0.4229 0.6345 1.243, 0.4229 0.5191 1.2598, 0.4229 0.5191 1.1417, 0.4134 0.523 1.2598, 0.4134 0.523 1.1417, 0.4052 0.5292 1.2598, 0.4052 0.5292 1.1417, 0.399 0.5374 1.2598, 0.399 0.5374 1.1417, 0.395 0.5469 1.2598, 0.395 0.5469 1.1417, 0.9055 -0.0925 1.1811, 0.6693 -0.0925 1.1811, 0.9055 -0.1319 1.1811, 0.6693 -0.1319 1.1811, 0.929 -0.1507 1.1851, 0.9312 -0.1483 1.1855, 0.9521 -0.1616 1.1969, 0.9733 -0.1658 1.2207, 0.9698 -0.164 1.2144, 0.9668 -0.171 1.2116, 0.9812 -0.1697 1.2396, 0.9784 -0.1683 1.2301, 0.9761 -0.177 1.2275, 0.954 -0.2077 1.2436, 0.9442 -0.2093 1.2452, 0.9449 -0.2106 1.2598, 0.9843 -0.1713 1.2598, 0.9829 -0.1706 1.2452, 0.9829 -0.1815 1.2598, 0.9813 -0.1804 1.2436, 0.979 -0.1909 1.2598, 0.9727 -0.1991 1.2598, 0.9773 -0.1895 1.2427, 0.972 -0.1852 1.2258, 0.9434 -0.2076 1.2396, 0.9506 -0.2025 1.2275, 0.942 -0.2048 1.2301, 0.9646 -0.2054 1.2598, 0.9711 -0.1975 1.2423, 0.9661 -0.1925 1.2253, 0.9573 -0.1837 1.2093, 0.9551 -0.2093 1.2598, 0.9632 -0.2036 1.2427, 0.9588 -0.1983 1.2258, 0.9513 -0.189 1.2099, 0.9399 -0.1748 1.1957, 0.9446 -0.1932 1.2116, 0.9352 -0.1785 1.1969, 0.9304 -0.1817 1.1989, 0.9331 -0.1871 1.2046, 0.9377 -0.1962 1.2144, 0.9394 -0.1997 1.2207, 0.9334 -0.1458 1.1862, 0.9444 -0.1513 1.1925, 0.9553 -0.1568 1.1989, 0.9607 -0.1595 1.2046, 0.9485 -0.1663 1.1957, 0.9267 -0.153 1.185, 0.9219 -0.1576 1.1855, 0.9257 -0.142 1.1848, 0.9156 -0.1521 1.1848, 0.9195 -0.1598 1.1862, 0.9249 -0.1708 1.1925, 0.9626 -0.1776 1.2099, 0.9443 -0.1707 1.1953, 0.9243 -0.1554 1.1851, 0.6299 -0.2106 1.2598, 0.6306 -0.2093 1.2452, 0.6314 -0.2076 1.2396, 0.6328 -0.2048 1.2301, 0.6354 -0.1997 1.2207, 0.6371 -0.1962 1.2144, 0.6417 -0.1871 1.2046, 0.6444 -0.1817 1.1989, 0.6499 -0.1708 1.1925, 0.6553 -0.1598 1.1862, 0.6592 -0.1521 1.1848, 0.9843 -0.0532 1.2598, 0.9829 -0.0538 1.2452, 0.9812 -0.0547 1.2396, 0.9784 -0.0561 1.2301, 0.9733 -0.0586 1.2207, 0.9698 -0.0604 1.2144, 0.9607 -0.0649 1.2046, 0.9553 -0.0676 1.1989, 0.9444 -0.0731 1.1925, 0.9334 -0.0786 1.1862, 0.9257 -0.0824 1.1848, 0.6505 -0.1554 1.1851, 0.6529 -0.1576 1.1855, 0.6396 -0.1785 1.1969, 0.6302 -0.1932 1.2116, 0.6242 -0.2025 1.2275, 0.5935 -0.1804 1.2436, 0.5919 -0.1706 1.2452, 0.5906 -0.1713 1.2598, 0.6197 -0.2093 1.2598, 0.6208 -0.2077 1.2436, 0.6102 -0.2054 1.2598, 0.6021 -0.1991 1.2598, 0.6116 -0.2036 1.2427, 0.616 -0.1983 1.2258, 0.5936 -0.1697 1.2396, 0.5987 -0.177 1.2275, 0.5964 -0.1683 1.2301, 0.5958 -0.1909 1.2598, 0.6037 -0.1975 1.2423, 0.6087 -0.1925 1.2253, 0.6175 -0.1837 1.2093, 0.5919 -0.1815 1.2598, 0.5975 -0.1895 1.2427, 0.6029 -0.1852 1.2258, 0.6122 -0.1776 1.2099, 0.6264 -0.1663 1.1957, 0.608 -0.171 1.2116, 0.6227 -0.1616 1.1969, 0.6195 -0.1568 1.1989, 0.6141 -0.1595 1.2046, 0.605 -0.164 1.2144, 0.6015 -0.1658 1.2207, 0.6349 -0.1748 1.1957, 0.6481 -0.153 1.185, 0.6436 -0.1483 1.1855, 0.6491 -0.142 1.1848, 0.6414 -0.1458 1.1862, 0.6304 -0.1513 1.1925, 0.6235 -0.189 1.2099, 0.6305 -0.1707 1.1953, 0.6458 -0.1507 1.1851, 0.9243 -0.069 1.1851, 0.9219 -0.0668 1.1855, 0.9352 -0.0459 1.1969, 0.9394 -0.0248 1.2207, 0.9377 -0.0282 1.2144, 0.9446 -0.0312 1.2116, 0.9434 -0.0168 1.2396, 0.942 -0.0196 1.2301, 0.9506 -0.0219 1.2275, 0.9813 -0.044 1.2436, 0.9449 -0.0138 1.2598, 0.9442 -0.0152 1.2452, 0.9551 -0.0151 1.2598, 0.954 -0.0168 1.2436, 0.9646 -0.0191 1.2598, 0.9727 -0.0253 1.2598, 0.9632 -0.0208 1.2427, 0.9588 -0.0261 1.2258, 0.9761 -0.0474 1.2275, 0.979 -0.0335 1.2598, 0.9711 -0.0269 1.2423, 0.9661 -0.032 1.2253, 0.9573 -0.0407 1.2093, 0.9829 -0.043 1.2598, 0.9773 -0.0349 1.2427, 0.972 -0.0392 1.2258, 0.9626 -0.0468 1.2099, 0.9485 -0.0582 1.1957, 0.9668 -0.0534 1.2116, 0.9521 -0.0628 1.1969, 0.9195 -0.0646 1.1862, 0.9249 -0.0537 1.1925, 0.9304 -0.0427 1.1989, 0.9331 -0.0373 1.2046, 0.9399 -0.0496 1.1957, 0.9267 -0.0714 1.185, 0.9312 -0.0761 1.1855, 0.9156 -0.0723 1.1848, 0.9513 -0.0354 1.2099, 0.9443 -0.0537 1.1953, 0.929 -0.0737 1.1851, 0.5906 -0.0532 1.2598, 0.5919 -0.0538 1.2452, 0.5936 -0.0547 1.2396, 0.5964 -0.0561 1.2301, 0.6015 -0.0586 1.2207, 0.605 -0.0604 1.2144, 0.6141 -0.0649 1.2046, 0.6195 -0.0676 1.1989, 0.6304 -0.0731 1.1925, 0.6414 -0.0786 1.1862, 0.6491 -0.0824 1.1848, 0.6417 -0.0373 1.2046, 0.6444 -0.0427 1.1989, 0.6499 -0.0537 1.1925, 0.6553 -0.0646 1.1862, 0.6592 -0.0723 1.1848, 0.6371 -0.0282 1.2144, 0.6354 -0.0248 1.2207, 0.6328 -0.0196 1.2301, 0.6299 -0.0138 1.2598, 0.6306 -0.0152 1.2452, 0.6314 -0.0168 1.2396, 0.6458 -0.0737 1.1851, 0.6436 -0.0761 1.1855, 0.6227 -0.0628 1.1969, 0.608 -0.0534 1.2116, 0.5987 -0.0474 1.2275, 0.6208 -0.0168 1.2436, 0.5919 -0.043 1.2598, 0.5935 -0.044 1.2436, 0.5958 -0.0335 1.2598, 0.6021 -0.0253 1.2598, 0.5975 -0.0349 1.2427, 0.6029 -0.0392 1.2258, 0.6242 -0.0219 1.2275, 0.6102 -0.0191 1.2598, 0.6037 -0.0269 1.2423, 0.6087 -0.032 1.2253, 0.6175 -0.0407 1.2093, 0.6197 -0.0151 1.2598, 0.6116 -0.0208 1.2427, 0.616 -0.0261 1.2258, 0.6235 -0.0354 1.2099, 0.6349 -0.0496 1.1957, 0.6302 -0.0312 1.2116, 0.6396 -0.0459 1.1969, 0.6264 -0.0582 1.1957, 0.6481 -0.0714 1.185, 0.6529 -0.0668 1.1855, 0.6122 -0.0468 1.2099, 0.6305 -0.0537 1.1953, 0.6505 -0.069 1.1851, 1.7402 -2.002 0.8661, 1.7308 -2.002 0.9494, 1.7031 -2.002 1.0284, 1.6586 -2.002 1.0993, 1.5993 -2.002 1.1586, 1.5284 -2.002 1.2031, 1.4494 -2.002 1.2308, 1.3661 -2.002 1.2402, -1.3661 -1.9823 1.2598, -1.3661 -2.002 1.2402, 1.7402 -2.002 0.4094, -1.4537 -1.9823 1.25, -1.4494 -2.002 1.2308, -1.537 -1.9823 1.2209, -1.5284 -2.002 1.2031, -1.6116 -1.9823 1.174, -1.5993 -2.002 1.1586, -1.6739 -1.9823 1.1116, -1.6586 -2.002 1.0993, -1.7209 -1.9823 1.037, -1.7031 -2.002 1.0284, -1.75 -1.9823 0.9537, -1.7308 -2.002 0.9494, -1.7598 -1.9823 0.8661, -1.7402 -2.002 0.8661, 1.3661 -2.002 0.0354, 1.4494 -2.002 0.0448, 1.5284 -2.002 0.0725, 1.5993 -2.002 0.117, 1.6586 -2.002 0.1763, 1.7031 -2.002 0.2472, 1.7308 -2.002 0.3262, -1.7598 -1.9823 0.4094, -1.7402 -2.002 0.4094, -1.3661 -2.002 0.0354, -1.3661 -1.9823 0.0157, -0.4706 -1.9823 0.0157, 0.2615 -1.9823 0.0157, 0.5185 -1.9823 0.0157, 1.1752 -1.9823 0.0157, -0.2414 -1.9823 0.0157, -0.0674 -1.9823 0.0157, 0.0767 -1.9823 0.0157, -1.75 -1.9823 0.3218, -1.7308 -2.002 0.3262, -1.7209 -1.9823 0.2386, -1.7031 -2.002 0.2472, -1.6739 -1.9823 0.164, -1.6586 -2.002 0.1763, -1.6116 -1.9823 0.1016, -1.5993 -2.002 0.117, -1.537 -1.9823 0.0547, -1.5284 -2.002 0.0725, -1.4537 -1.9823 0.0256, -1.4494 -2.002 0.0448, -1.6417 -1.9823 0.8661, -1.6614 -2.002 0.8661, -1.6417 -1.9823 0.4094, -1.6614 -2.002 0.4094, -1.3661 -1.9823 1.1417, -1.3661 -2.002 1.1614, -1.4375 -1.9823 1.1323, -1.4426 -2.002 1.1514, -1.5039 -1.9823 1.1048, -1.5138 -2.002 1.1219, -1.561 -1.9823 1.061, -1.5749 -2.002 1.0749, -1.6048 -1.9823 1.0039, -1.6219 -2.002 1.0138, -1.6323 -1.9823 0.9375, -1.6514 -2.002 0.9426, -1.6323 -1.9823 0.3381, -1.6514 -2.002 0.333, -1.6048 -1.9823 0.2717, -1.6219 -2.002 0.2618, -1.561 -1.9823 0.2146, -1.5749 -2.002 0.2007, -1.5039 -1.9823 0.1708, -1.5138 -2.002 0.1537, -1.4375 -1.9823 0.1432, -1.4426 -2.002 0.1242, -1.3661 -1.9823 0.1339, -1.3661 -2.002 0.1142, 1.3661 -1.9823 1.1417, 1.3661 -2.002 1.1614, 1.3661 -2.002 0.1142, 1.6614 -2.002 0.8661, 1.6323 -1.9823 0.9375, 1.6514 -2.002 0.9426, 1.6048 -1.9823 1.0039, 1.6219 -2.002 1.0138, 1.561 -1.9823 1.061, 1.5749 -2.002 1.0749, 1.5039 -1.9823 1.1048, 1.5138 -2.002 1.1219, 1.4375 -1.9823 1.1323, 1.4426 -2.002 1.1514, 1.4426 -2.002 0.1242, 1.5138 -2.002 0.1537, 1.5749 -2.002 0.2007, 1.6219 -2.002 0.2618, 1.6514 -2.002 0.333, 1.6614 -2.002 0.4094
            ]
        }
        coordIndex [
            0,1,2,-1,2,1,3,-1,4,5,6,-1,6,5,7,-1,8,9,10,-1,10,11,8,-1,8,11,12,-1,8,12,13,-1,13,12,14,-1,7,5,15,-1,15,5,16,-1,15,16,17,-1,17,16,18,-1,17,18,14,-1,14,18,19,-1,14,19,13,-1,20,21,22,-1,22,21,23,-1,22,23,24,-1,24,23,25,-1,25,26,24,-1,24,26,27,-1,24,27,28,-1,29,30,31,-1,31,30,32,-1,31,32,33,-1,33,32,34,-1,31,23,29,-1,29,23,21,-1,29,21,35,-1,36,37,38,-1,38,37,39,-1,38,39,40,-1,35,41,29,-1,29,41,38,-1,29,38,42,-1,42,38,40,-1,36,43,37,-1,37,43,44,-1,37,44,45,-1,46,47,48,-1,48,47,49,-1,48,33,46,-1,46,33,34,-1,47,50,49,-1,49,50,51,-1,52,44,53,-1,53,44,43,-1,53,43,54,-1,54,43,55,-1,55,43,36,-1,55,36,56,-1,56,36,38,-1,56,38,57,-1,57,38,41,-1,57,41,58,-1,58,41,35,-1,58,35,59,-1,59,35,60,-1,60,35,21,-1,60,21,20,-1,30,29,61,-1,61,29,42,-1,61,42,62,-1,62,42,40,-1,62,40,63,-1,63,40,39,-1,63,39,64,-1,64,39,37,-1,64,37,65,-1,45,44,52,-1,52,66,45,-1,45,66,67,-1,45,67,37,-1,37,67,68,-1,37,68,65,-1,69,70,71,-1,71,70,72,-1,71,72,73,-1,73,72,74,-1,73,74,75,-1,75,74,76,-1,75,76,77,-1,77,76,78,-1,77,78,79,-1,79,78,80,-1,79,80,81,-1,81,80,82,-1,83,84,85,-1,85,84,86,-1,85,86,87,-1,87,86,88,-1,87,88,89,-1,89,88,90,-1,89,90,91,-1,91,90,92,-1,91,92,93,-1,93,92,94,-1,93,94,82,-1,82,94,81,-1,95,96,97,-1,97,96,98,-1,97,98,99,-1,99,98,100,-1,99,100,101,-1,101,100,102,-1,101,102,103,-1,103,102,104,-1,103,104,105,-1,105,104,106,-1,105,106,107,-1,107,106,108,-1,107,108,109,-1,109,108,110,-1,109,110,111,-1,111,110,112,-1,111,112,113,-1,113,112,114,-1,113,114,115,-1,115,114,116,-1,115,116,117,-1,117,116,118,-1,117,118,119,-1,119,118,120,-1,121,122,123,-1,123,122,124,-1,125,126,127,-1,127,126,128,-1,129,130,131,-1,129,131,132,-1,133,134,131,-1,131,134,135,-1,131,135,132,-1,136,137,138,-1,139,140,141,-1,139,141,142,-1,140,143,141,-1,141,143,144,-1,141,144,145,-1,145,144,146,-1,147,148,149,-1,149,148,150,-1,149,150,151,-1,147,152,148,-1,148,152,153,-1,148,153,154,-1,138,137,141,-1,141,137,155,-1,141,155,142,-1,154,156,148,-1,148,156,136,-1,148,136,131,-1,131,136,138,-1,131,138,133,-1,157,158,159,-1,159,158,160,-1,159,160,161,-1,162,163,164,-1,157,165,158,-1,158,165,166,-1,158,166,167,-1,162,164,168,-1,163,169,164,-1,164,169,170,-1,164,170,171,-1,171,170,172,-1,167,173,158,-1,158,173,174,-1,158,174,175,-1,175,174,176,-1,176,174,177,-1,176,177,164,-1,164,177,178,-1,164,178,168,-1,138,141,179,-1,179,141,158,-1,179,158,175,-1,180,181,182,-1,180,182,183,-1,183,182,184,-1,183,184,185,-1,185,184,186,-1,185,186,187,-1,187,186,188,-1,187,188,189,-1,189,188,190,-1,189,190,191,-1,191,190,125,-1,191,125,127,-1,121,123,192,-1,192,123,193,-1,192,193,194,-1,194,193,195,-1,194,195,196,-1,196,195,197,-1,196,197,198,-1,198,197,199,-1,198,199,200,-1,200,199,201,-1,200,201,126,-1,126,201,128,-1,138,179,202,-1,138,202,203,-1,203,202,204,-1,203,204,205,-1,205,204,206,-1,205,206,207,-1,207,206,208,-1,208,206,209,-1,208,209,210,-1,210,209,211,-1,211,209,212,-1,211,212,213,-1,213,212,214,-1,214,212,215,-1,214,215,130,-1,216,217,218,-1,218,217,219,-1,218,219,220,-1,220,219,221,-1,220,221,222,-1,222,221,223,-1,222,223,224,-1,224,223,225,-1,224,225,226,-1,226,225,227,-1,226,227,122,-1,122,227,124,-1,228,229,230,-1,230,229,231,-1,231,232,233,-1,233,232,234,-1,235,236,237,-1,238,239,240,-1,241,242,243,-1,244,245,246,-1,246,245,247,-1,246,247,248,-1,249,248,250,-1,250,248,247,-1,250,247,251,-1,242,241,252,-1,252,241,253,-1,252,253,254,-1,255,249,256,-1,256,249,250,-1,256,250,257,-1,257,250,251,-1,257,251,258,-1,259,255,260,-1,260,255,256,-1,260,256,261,-1,261,256,257,-1,261,257,262,-1,262,257,258,-1,262,258,263,-1,264,265,266,-1,266,267,264,-1,264,267,268,-1,264,268,253,-1,253,268,269,-1,253,269,254,-1,270,233,271,-1,271,233,234,-1,271,234,272,-1,272,234,273,-1,236,273,237,-1,237,273,234,-1,237,234,274,-1,274,234,232,-1,274,232,275,-1,275,232,231,-1,243,259,241,-1,241,259,260,-1,241,260,253,-1,253,260,261,-1,253,261,264,-1,264,261,262,-1,264,262,265,-1,265,262,263,-1,265,263,276,-1,270,277,233,-1,233,277,231,-1,231,278,276,-1,276,278,279,-1,276,279,265,-1,265,279,280,-1,265,280,266,-1,245,238,247,-1,247,238,240,-1,247,240,251,-1,251,240,281,-1,251,281,258,-1,258,281,282,-1,258,282,263,-1,263,282,283,-1,263,283,276,-1,276,283,231,-1,239,235,240,-1,240,235,237,-1,240,237,281,-1,281,237,274,-1,281,274,282,-1,282,274,275,-1,282,275,283,-1,283,275,231,-1,231,277,230,-1,230,277,284,-1,284,277,285,-1,285,277,270,-1,285,270,286,-1,235,287,236,-1,236,287,288,-1,236,288,273,-1,273,288,289,-1,273,289,272,-1,272,289,286,-1,272,286,271,-1,271,286,270,-1,244,290,245,-1,245,290,291,-1,245,291,238,-1,238,291,292,-1,238,292,239,-1,239,292,293,-1,239,293,235,-1,235,293,294,-1,235,294,287,-1,295,243,242,-1,295,242,296,-1,296,242,252,-1,296,252,297,-1,297,252,254,-1,297,254,298,-1,298,254,269,-1,298,269,299,-1,299,269,268,-1,299,268,300,-1,300,268,267,-1,300,267,301,-1,301,267,266,-1,301,266,302,-1,302,266,280,-1,302,280,303,-1,303,280,304,-1,304,280,279,-1,304,279,305,-1,279,278,305,-1,305,278,231,-1,305,231,229,-1,230,306,307,-1,307,306,308,-1,309,310,311,-1,312,313,314,-1,315,291,290,-1,316,317,318,-1,318,317,319,-1,318,319,320,-1,321,320,322,-1,322,320,319,-1,322,319,323,-1,291,315,292,-1,292,315,324,-1,292,324,293,-1,325,321,326,-1,326,321,322,-1,326,322,327,-1,327,322,323,-1,327,323,328,-1,329,325,330,-1,330,325,326,-1,330,326,331,-1,331,326,327,-1,331,327,332,-1,332,327,328,-1,332,328,333,-1,334,335,289,-1,289,288,334,-1,334,288,287,-1,334,287,324,-1,324,287,294,-1,324,294,293,-1,336,307,337,-1,337,307,308,-1,337,308,338,-1,338,308,339,-1,310,339,311,-1,311,339,308,-1,311,308,340,-1,340,308,306,-1,340,306,341,-1,341,306,230,-1,290,329,315,-1,315,329,330,-1,315,330,324,-1,324,330,331,-1,324,331,334,-1,334,331,332,-1,334,332,335,-1,335,332,333,-1,335,333,342,-1,336,343,307,-1,307,343,230,-1,230,284,342,-1,342,284,285,-1,342,285,335,-1,335,285,286,-1,335,286,289,-1,317,312,319,-1,319,312,314,-1,319,314,323,-1,323,314,344,-1,323,344,328,-1,328,344,345,-1,328,345,333,-1,333,345,346,-1,333,346,342,-1,342,346,230,-1,313,309,314,-1,314,309,311,-1,314,311,344,-1,344,311,340,-1,344,340,345,-1,345,340,341,-1,345,341,346,-1,346,341,230,-1,229,347,348,-1,348,347,349,-1,299,300,350,-1,297,298,351,-1,352,353,354,-1,295,296,355,-1,355,296,356,-1,355,356,357,-1,358,357,359,-1,359,357,356,-1,359,356,360,-1,353,352,361,-1,361,352,362,-1,361,362,363,-1,364,358,365,-1,365,358,359,-1,365,359,366,-1,366,359,360,-1,366,360,367,-1,368,364,369,-1,369,364,365,-1,369,365,370,-1,370,365,366,-1,370,366,371,-1,371,366,367,-1,371,367,372,-1,373,374,375,-1,375,376,373,-1,373,376,377,-1,373,377,362,-1,362,377,378,-1,362,378,363,-1,304,348,303,-1,303,348,349,-1,303,349,302,-1,302,349,301,-1,300,301,350,-1,350,301,349,-1,350,349,379,-1,379,349,347,-1,379,347,380,-1,380,347,229,-1,354,368,352,-1,352,368,369,-1,352,369,362,-1,362,369,370,-1,362,370,373,-1,373,370,371,-1,373,371,374,-1,374,371,372,-1,374,372,381,-1,304,305,348,-1,348,305,229,-1,229,382,381,-1,381,382,383,-1,381,383,374,-1,374,383,384,-1,374,384,375,-1,296,297,356,-1,356,297,351,-1,356,351,360,-1,360,351,385,-1,360,385,367,-1,367,385,386,-1,367,386,372,-1,372,386,387,-1,372,387,381,-1,381,387,229,-1,298,299,351,-1,351,299,350,-1,351,350,385,-1,385,350,379,-1,385,379,386,-1,386,379,380,-1,386,380,387,-1,387,380,229,-1,316,388,389,-1,316,389,317,-1,317,389,390,-1,317,390,312,-1,312,390,391,-1,312,391,313,-1,313,391,392,-1,313,392,309,-1,309,392,393,-1,309,393,310,-1,310,393,394,-1,310,394,339,-1,339,394,395,-1,339,395,338,-1,338,395,396,-1,338,396,337,-1,337,396,397,-1,337,397,336,-1,336,397,398,-1,336,398,343,-1,343,398,228,-1,343,228,230,-1,399,354,353,-1,399,353,400,-1,400,353,361,-1,400,361,401,-1,401,361,363,-1,401,363,402,-1,402,363,378,-1,402,378,403,-1,403,378,377,-1,403,377,404,-1,404,377,376,-1,404,376,405,-1,405,376,375,-1,405,375,406,-1,406,375,384,-1,406,384,407,-1,407,384,408,-1,408,384,383,-1,408,383,409,-1,383,382,409,-1,409,382,229,-1,409,229,228,-1,228,410,411,-1,411,410,412,-1,403,404,413,-1,401,402,414,-1,415,389,388,-1,399,400,416,-1,416,400,417,-1,416,417,418,-1,419,418,420,-1,420,418,417,-1,420,417,421,-1,389,415,390,-1,390,415,422,-1,390,422,391,-1,423,419,424,-1,424,419,420,-1,424,420,425,-1,425,420,421,-1,425,421,426,-1,427,423,428,-1,428,423,424,-1,428,424,429,-1,429,424,425,-1,429,425,430,-1,430,425,426,-1,430,426,431,-1,432,433,395,-1,395,394,432,-1,432,394,393,-1,432,393,422,-1,422,393,392,-1,422,392,391,-1,408,411,407,-1,407,411,412,-1,407,412,406,-1,406,412,405,-1,404,405,413,-1,413,405,412,-1,413,412,434,-1,434,412,410,-1,434,410,435,-1,435,410,228,-1,388,427,415,-1,415,427,428,-1,415,428,422,-1,422,428,429,-1,422,429,432,-1,432,429,430,-1,432,430,433,-1,433,430,431,-1,433,431,436,-1,408,409,411,-1,411,409,228,-1,228,398,436,-1,436,398,397,-1,436,397,433,-1,433,397,396,-1,433,396,395,-1,400,401,417,-1,417,401,414,-1,417,414,421,-1,421,414,437,-1,421,437,426,-1,426,437,438,-1,426,438,431,-1,431,438,439,-1,431,439,436,-1,436,439,228,-1,402,403,414,-1,414,403,413,-1,414,413,437,-1,437,413,434,-1,437,434,438,-1,438,434,435,-1,438,435,439,-1,439,435,228,-1,440,441,442,-1,442,441,443,-1,444,445,446,-1,446,447,444,-1,444,447,448,-1,444,448,449,-1,450,451,452,-1,453,454,455,-1,455,454,456,-1,455,456,457,-1,457,458,455,-1,455,458,459,-1,455,459,460,-1,461,462,463,-1,464,455,465,-1,465,455,466,-1,464,467,455,-1,455,467,468,-1,455,468,469,-1,469,468,470,-1,470,471,469,-1,469,471,472,-1,469,472,473,-1,474,475,476,-1,476,475,469,-1,476,469,477,-1,477,469,473,-1,478,479,466,-1,466,479,480,-1,466,480,481,-1,462,461,482,-1,452,483,450,-1,450,483,484,-1,450,484,485,-1,485,484,486,-1,485,486,461,-1,461,486,487,-1,461,487,482,-1,460,488,455,-1,455,488,489,-1,455,489,466,-1,466,489,490,-1,466,490,478,-1,491,492,493,-1,493,492,481,-1,493,481,463,-1,463,481,480,-1,463,480,461,-1,494,495,496,-1,496,495,497,-1,493,498,491,-1,491,498,497,-1,491,497,499,-1,499,497,495,-1,500,501,502,-1,502,501,503,-1,504,502,505,-1,505,502,503,-1,505,503,506,-1,506,503,507,-1,508,509,510,-1,511,449,448,-1,512,511,513,-1,513,514,512,-1,512,514,515,-1,512,515,516,-1,517,516,518,-1,518,516,515,-1,518,515,510,-1,510,515,519,-1,510,519,508,-1,520,521,508,-1,521,522,508,-1,508,522,523,-1,508,523,524,-1,524,525,508,-1,508,525,526,-1,508,526,509,-1,509,526,527,-1,509,527,528,-1,528,529,509,-1,509,529,530,-1,509,530,531,-1,531,532,509,-1,509,532,533,-1,509,533,534,-1,501,500,535,-1,535,500,534,-1,535,534,536,-1,536,534,533,-1,537,455,469,-1,469,538,537,-1,537,538,539,-1,537,539,508,-1,508,539,540,-1,508,540,520,-1,511,448,513,-1,513,448,447,-1,513,447,541,-1,542,543,544,-1,545,546,547,-1,548,549,550,-1,550,549,545,-1,551,552,553,-1,553,552,554,-1,553,554,555,-1,556,557,558,-1,558,557,552,-1,558,552,559,-1,559,552,551,-1,547,560,545,-1,545,560,561,-1,545,561,550,-1,562,563,564,-1,564,563,565,-1,566,567,568,-1,569,570,564,-1,542,544,568,-1,568,544,571,-1,568,571,572,-1,572,573,568,-1,568,573,574,-1,568,574,575,-1,567,576,568,-1,568,576,577,-1,568,577,545,-1,545,577,578,-1,545,578,546,-1,564,570,554,-1,554,570,579,-1,554,579,555,-1,575,580,568,-1,568,580,581,-1,568,581,582,-1,566,568,583,-1,583,568,582,-1,583,582,564,-1,564,582,584,-1,564,584,562,-1,565,585,564,-1,564,585,586,-1,564,586,569,-1,569,586,587,-1,569,587,588,-1,588,587,589,-1,590,591,592,-1,590,592,587,-1,587,592,593,-1,587,593,589,-1,594,595,596,-1,596,595,597,-1,598,599,600,-1,600,599,594,-1,600,594,601,-1,601,594,596,-1,543,542,602,-1,603,543,604,-1,604,605,603,-1,603,605,606,-1,603,606,607,-1,607,606,608,-1,607,608,609,-1,609,608,610,-1,609,610,611,-1,543,602,604,-1,604,602,612,-1,604,612,613,-1,613,612,614,-1,613,614,615,-1,615,614,475,-1,615,475,474,-1,504,505,601,-1,601,505,600,-1,454,453,616,-1,454,616,617,-1,617,616,618,-1,617,618,619,-1,619,618,620,-1,619,620,621,-1,621,620,622,-1,621,622,623,-1,623,622,624,-1,623,624,625,-1,625,624,626,-1,625,626,627,-1,627,626,628,-1,627,628,629,-1,630,631,632,-1,632,631,633,-1,632,633,634,-1,634,633,635,-1,634,635,636,-1,636,635,637,-1,636,637,638,-1,638,637,639,-1,638,639,640,-1,640,639,641,-1,640,641,548,-1,548,641,549,-1,642,643,644,-1,644,643,645,-1,644,645,646,-1,646,645,647,-1,646,647,648,-1,648,647,649,-1,648,649,650,-1,650,649,651,-1,650,651,652,-1,652,651,653,-1,652,653,544,-1,544,653,571,-1,654,655,656,-1,657,658,659,-1,657,659,656,-1,656,659,660,-1,656,660,654,-1,638,621,636,-1,636,621,623,-1,636,623,634,-1,634,623,625,-1,634,625,632,-1,632,625,627,-1,632,627,630,-1,550,456,548,-1,548,456,454,-1,548,454,640,-1,640,454,617,-1,640,617,638,-1,638,617,619,-1,638,619,621,-1,658,657,661,-1,661,657,630,-1,661,630,629,-1,629,630,627,-1,643,656,655,-1,649,604,651,-1,651,604,613,-1,651,613,653,-1,653,613,615,-1,653,615,571,-1,571,615,474,-1,571,474,572,-1,572,474,476,-1,655,662,643,-1,643,662,610,-1,643,610,645,-1,645,610,608,-1,645,608,647,-1,647,608,606,-1,647,606,649,-1,649,606,605,-1,649,605,604,-1,557,556,451,-1,451,556,452,-1,450,485,552,-1,552,485,554,-1,484,483,559,-1,559,483,558,-1,663,664,665,-1,665,664,666,-1,498,493,588,-1,588,493,569,-1,587,586,491,-1,491,586,492,-1,667,668,669,-1,669,668,670,-1,669,670,671,-1,670,672,671,-1,671,672,673,-1,671,673,674,-1,674,673,675,-1,674,675,676,-1,676,675,677,-1,677,675,678,-1,677,678,679,-1,678,680,679,-1,679,680,681,-1,679,681,682,-1,682,681,683,-1,682,683,684,-1,684,683,685,-1,685,683,686,-1,685,686,687,-1,686,688,687,-1,687,688,663,-1,687,663,665,-1,689,690,691,-1,692,693,694,-1,695,696,697,-1,698,699,665,-1,700,701,665,-1,702,703,704,-1,704,703,665,-1,700,665,703,-1,685,687,699,-1,699,687,665,-1,701,698,665,-1,695,697,702,-1,705,682,684,-1,702,697,703,-1,703,697,706,-1,703,706,700,-1,700,706,707,-1,700,707,701,-1,701,707,708,-1,701,708,698,-1,698,708,705,-1,698,705,699,-1,699,705,684,-1,699,684,685,-1,692,694,696,-1,709,677,679,-1,696,694,697,-1,697,694,710,-1,697,710,706,-1,706,710,711,-1,706,711,707,-1,707,711,712,-1,707,712,708,-1,708,712,709,-1,708,709,705,-1,705,709,679,-1,705,679,682,-1,713,674,676,-1,693,714,694,-1,694,714,715,-1,694,715,710,-1,710,715,716,-1,710,716,711,-1,711,716,717,-1,711,717,712,-1,712,717,713,-1,712,713,709,-1,709,713,676,-1,709,676,677,-1,693,718,714,-1,714,718,719,-1,714,719,689,-1,720,669,671,-1,689,691,714,-1,714,691,721,-1,714,721,715,-1,715,721,722,-1,715,722,716,-1,716,722,723,-1,716,723,717,-1,717,723,720,-1,717,720,713,-1,713,720,671,-1,713,671,674,-1,667,669,724,-1,724,669,720,-1,724,720,725,-1,725,720,723,-1,725,723,726,-1,726,723,722,-1,726,722,727,-1,727,722,721,-1,727,721,728,-1,728,721,691,-1,728,691,729,-1,729,691,690,-1,672,670,730,-1,680,678,731,-1,683,681,732,-1,733,734,663,-1,735,736,663,-1,686,737,688,-1,688,737,663,-1,735,663,737,-1,738,739,734,-1,734,739,663,-1,736,733,663,-1,683,732,686,-1,740,741,742,-1,686,732,737,-1,737,732,743,-1,737,743,735,-1,735,743,744,-1,735,744,736,-1,736,744,745,-1,736,745,733,-1,733,745,740,-1,733,740,734,-1,734,740,742,-1,734,742,738,-1,680,731,681,-1,746,747,748,-1,681,731,732,-1,732,731,749,-1,732,749,743,-1,743,749,750,-1,743,750,744,-1,744,750,751,-1,744,751,745,-1,745,751,746,-1,745,746,740,-1,740,746,748,-1,740,748,741,-1,752,753,754,-1,678,755,731,-1,731,755,756,-1,731,756,749,-1,749,756,757,-1,749,757,750,-1,750,757,758,-1,750,758,751,-1,751,758,752,-1,751,752,746,-1,746,752,754,-1,746,754,747,-1,678,675,755,-1,755,675,673,-1,755,673,672,-1,759,760,761,-1,672,730,755,-1,755,730,762,-1,755,762,756,-1,756,762,763,-1,756,763,757,-1,757,763,764,-1,757,764,758,-1,758,764,759,-1,758,759,752,-1,752,759,761,-1,752,761,753,-1,765,760,766,-1,766,760,759,-1,766,759,767,-1,767,759,764,-1,767,764,768,-1,768,764,763,-1,768,763,769,-1,769,763,762,-1,769,762,770,-1,770,762,730,-1,770,730,668,-1,668,730,670,-1,771,729,772,-1,772,729,690,-1,772,690,773,-1,690,689,773,-1,773,689,719,-1,773,719,774,-1,774,719,718,-1,774,718,775,-1,775,718,776,-1,776,718,693,-1,776,693,777,-1,777,693,692,-1,777,692,778,-1,778,692,696,-1,778,696,779,-1,779,696,695,-1,779,695,780,-1,780,695,702,-1,780,702,781,-1,702,704,781,-1,781,704,665,-1,781,665,666,-1,742,782,783,-1,742,783,738,-1,738,783,784,-1,738,784,739,-1,739,784,664,-1,739,664,663,-1,782,742,785,-1,785,742,741,-1,785,741,786,-1,786,741,748,-1,786,748,787,-1,787,748,747,-1,787,747,788,-1,788,747,754,-1,788,754,789,-1,789,754,753,-1,789,753,790,-1,753,761,790,-1,790,761,760,-1,790,760,791,-1,791,760,765,-1,791,765,792,-1,793,794,795,-1,796,797,798,-1,799,800,801,-1,802,803,666,-1,804,805,666,-1,806,807,808,-1,808,807,666,-1,804,666,807,-1,780,781,803,-1,803,781,666,-1,805,802,666,-1,799,801,806,-1,809,778,779,-1,806,801,807,-1,807,801,810,-1,807,810,804,-1,804,810,811,-1,804,811,805,-1,805,811,812,-1,805,812,802,-1,802,812,809,-1,802,809,803,-1,803,809,779,-1,803,779,780,-1,796,798,800,-1,813,776,777,-1,800,798,801,-1,801,798,814,-1,801,814,810,-1,810,814,815,-1,810,815,811,-1,811,815,816,-1,811,816,812,-1,812,816,813,-1,812,813,809,-1,809,813,777,-1,809,777,778,-1,817,774,775,-1,797,818,798,-1,798,818,819,-1,798,819,814,-1,814,819,820,-1,814,820,815,-1,815,820,821,-1,815,821,816,-1,816,821,817,-1,816,817,813,-1,813,817,775,-1,813,775,776,-1,797,822,818,-1,818,822,823,-1,818,823,793,-1,824,772,773,-1,793,795,818,-1,818,795,825,-1,818,825,819,-1,819,825,826,-1,819,826,820,-1,820,826,827,-1,820,827,821,-1,821,827,824,-1,821,824,817,-1,817,824,773,-1,817,773,774,-1,771,772,828,-1,828,772,824,-1,828,824,829,-1,829,824,827,-1,829,827,830,-1,830,827,826,-1,830,826,831,-1,831,826,825,-1,831,825,832,-1,832,825,795,-1,832,795,833,-1,833,795,794,-1,790,791,834,-1,786,787,835,-1,782,785,836,-1,837,838,664,-1,839,840,664,-1,783,841,784,-1,784,841,664,-1,839,664,841,-1,842,843,838,-1,838,843,664,-1,840,837,664,-1,782,836,783,-1,844,845,846,-1,783,836,841,-1,841,836,847,-1,841,847,839,-1,839,847,848,-1,839,848,840,-1,840,848,849,-1,840,849,837,-1,837,849,844,-1,837,844,838,-1,838,844,846,-1,838,846,842,-1,786,835,785,-1,850,851,852,-1,785,835,836,-1,836,835,853,-1,836,853,847,-1,847,853,854,-1,847,854,848,-1,848,854,855,-1,848,855,849,-1,849,855,850,-1,849,850,844,-1,844,850,852,-1,844,852,845,-1,856,857,858,-1,787,859,835,-1,835,859,860,-1,835,860,853,-1,853,860,861,-1,853,861,854,-1,854,861,862,-1,854,862,855,-1,855,862,856,-1,855,856,850,-1,850,856,858,-1,850,858,851,-1,787,788,859,-1,859,788,789,-1,859,789,790,-1,863,864,865,-1,790,834,859,-1,859,834,866,-1,859,866,860,-1,860,866,867,-1,860,867,861,-1,861,867,868,-1,861,868,862,-1,862,868,863,-1,862,863,856,-1,856,863,865,-1,856,865,857,-1,869,864,870,-1,870,864,863,-1,870,863,871,-1,871,863,868,-1,871,868,872,-1,872,868,867,-1,872,867,873,-1,873,867,866,-1,873,866,874,-1,874,866,834,-1,874,834,792,-1,792,834,791,-1,869,833,864,-1,864,833,794,-1,864,794,865,-1,865,794,793,-1,865,793,857,-1,857,793,823,-1,857,823,858,-1,858,823,822,-1,858,822,851,-1,851,822,797,-1,851,797,852,-1,797,796,852,-1,852,796,800,-1,852,800,845,-1,845,800,799,-1,845,799,846,-1,846,799,842,-1,842,799,806,-1,842,806,843,-1,806,808,843,-1,843,808,666,-1,843,666,664,-1,875,444,511,-1,511,444,449,-1,502,504,596,-1,596,504,601,-1,876,877,518,-1,502,596,500,-1,500,596,597,-1,500,597,534,-1,534,597,878,-1,534,878,509,-1,509,878,879,-1,509,879,510,-1,510,879,880,-1,510,880,518,-1,518,880,881,-1,518,881,876,-1,882,538,568,-1,568,538,469,-1,568,469,542,-1,542,469,475,-1,614,612,475,-1,475,612,602,-1,475,602,542,-1,594,503,595,-1,595,503,501,-1,595,501,883,-1,883,501,535,-1,568,595,882,-1,882,595,883,-1,883,884,882,-1,882,884,885,-1,882,885,886,-1,887,888,889,-1,887,890,888,-1,888,890,891,-1,888,891,892,-1,886,893,882,-1,882,893,887,-1,882,887,894,-1,894,887,889,-1,506,507,598,-1,598,507,599,-1,594,599,503,-1,503,599,507,-1,505,506,600,-1,600,506,598,-1,538,882,539,-1,539,882,894,-1,539,894,540,-1,540,894,889,-1,540,889,520,-1,520,889,888,-1,520,888,521,-1,521,888,892,-1,521,892,522,-1,891,890,526,-1,526,525,891,-1,891,525,524,-1,891,524,892,-1,892,524,523,-1,892,523,522,-1,526,890,527,-1,527,890,887,-1,527,887,528,-1,528,887,529,-1,529,887,893,-1,529,893,530,-1,530,893,886,-1,530,886,531,-1,531,886,885,-1,531,885,532,-1,532,885,884,-1,532,884,533,-1,533,884,536,-1,536,884,883,-1,536,883,535,-1,489,577,490,-1,490,577,576,-1,490,576,478,-1,478,576,567,-1,478,567,479,-1,479,567,566,-1,479,566,480,-1,480,566,583,-1,480,583,461,-1,461,583,564,-1,461,564,485,-1,485,564,554,-1,577,489,578,-1,578,489,488,-1,578,488,546,-1,546,488,460,-1,546,460,547,-1,547,460,459,-1,547,459,560,-1,560,459,458,-1,560,458,561,-1,561,458,457,-1,561,457,550,-1,550,457,456,-1,468,582,470,-1,470,582,581,-1,470,581,471,-1,471,581,580,-1,471,580,472,-1,472,580,575,-1,472,575,473,-1,473,575,574,-1,473,574,477,-1,477,574,573,-1,477,573,476,-1,476,573,572,-1,492,586,481,-1,481,586,585,-1,481,585,466,-1,466,585,565,-1,466,565,465,-1,465,565,563,-1,465,563,464,-1,464,563,562,-1,464,562,467,-1,467,562,584,-1,467,584,468,-1,468,584,582,-1,895,896,897,-1,897,896,898,-1,899,900,901,-1,901,900,902,-1,443,903,904,-1,904,903,905,-1,904,905,906,-1,906,907,904,-1,904,907,908,-1,904,908,909,-1,910,911,912,-1,912,911,913,-1,912,913,914,-1,915,916,917,-1,910,918,911,-1,911,918,919,-1,911,919,920,-1,915,917,921,-1,916,922,917,-1,917,922,923,-1,917,923,924,-1,924,923,925,-1,920,926,911,-1,911,926,927,-1,911,927,909,-1,909,927,904,-1,904,927,928,-1,904,928,917,-1,917,928,929,-1,917,929,921,-1,930,931,932,-1,933,934,935,-1,933,935,936,-1,934,937,935,-1,935,937,938,-1,935,938,939,-1,939,938,940,-1,941,942,943,-1,943,942,944,-1,943,944,945,-1,941,946,942,-1,942,946,947,-1,942,947,948,-1,932,931,935,-1,935,931,949,-1,935,949,936,-1,932,950,930,-1,930,950,942,-1,930,942,951,-1,951,942,948,-1,911,909,935,-1,935,909,952,-1,935,952,932,-1,902,900,953,-1,902,953,954,-1,954,953,955,-1,954,955,956,-1,956,955,957,-1,956,957,958,-1,958,957,959,-1,958,959,960,-1,960,959,961,-1,960,961,962,-1,962,961,446,-1,962,446,445,-1,899,901,963,-1,963,901,964,-1,963,964,965,-1,965,964,966,-1,965,966,967,-1,967,966,968,-1,967,968,969,-1,969,968,970,-1,969,970,971,-1,971,970,972,-1,971,972,896,-1,896,972,898,-1,443,441,973,-1,973,441,974,-1,973,974,975,-1,975,974,976,-1,976,974,977,-1,976,977,978,-1,978,977,979,-1,979,977,980,-1,979,980,981,-1,981,980,982,-1,981,982,983,-1,983,982,984,-1,983,984,985,-1,985,984,952,-1,985,952,909,-1,895,897,986,-1,986,897,987,-1,986,987,988,-1,988,987,989,-1,988,989,990,-1,990,989,991,-1,990,991,992,-1,992,991,993,-1,992,993,994,-1,994,993,995,-1,994,995,442,-1,442,995,440,-1,996,997,998,-1,998,997,999,-1,998,1000,1001,-1,1001,1000,1002,-1,1003,1004,1005,-1,1006,1007,1008,-1,1009,1010,1011,-1,1012,1013,1014,-1,1014,1013,1015,-1,1014,1015,1016,-1,1017,1016,1018,-1,1018,1016,1015,-1,1018,1015,1019,-1,1010,1009,1020,-1,1020,1009,1021,-1,1020,1021,1022,-1,1023,1017,1024,-1,1024,1017,1018,-1,1024,1018,1025,-1,1025,1018,1019,-1,1025,1019,1026,-1,1027,1023,1028,-1,1028,1023,1024,-1,1028,1024,1029,-1,1029,1024,1025,-1,1029,1025,1030,-1,1030,1025,1026,-1,1030,1026,1031,-1,1032,1033,1034,-1,1034,1035,1032,-1,1032,1035,1036,-1,1032,1036,1021,-1,1021,1036,1037,-1,1021,1037,1022,-1,1038,1001,1039,-1,1039,1001,1002,-1,1039,1002,1040,-1,1040,1002,1041,-1,1004,1041,1005,-1,1005,1041,1002,-1,1005,1002,1042,-1,1042,1002,1000,-1,1042,1000,1043,-1,1043,1000,998,-1,1011,1027,1009,-1,1009,1027,1028,-1,1009,1028,1021,-1,1021,1028,1029,-1,1021,1029,1032,-1,1032,1029,1030,-1,1032,1030,1033,-1,1033,1030,1031,-1,1033,1031,1044,-1,1038,1045,1001,-1,1001,1045,998,-1,998,1046,1044,-1,1044,1046,1047,-1,1044,1047,1033,-1,1033,1047,1048,-1,1033,1048,1034,-1,1013,1006,1015,-1,1015,1006,1008,-1,1015,1008,1019,-1,1019,1008,1049,-1,1019,1049,1026,-1,1026,1049,1050,-1,1026,1050,1031,-1,1031,1050,1051,-1,1031,1051,1044,-1,1044,1051,998,-1,1007,1003,1008,-1,1008,1003,1005,-1,1008,1005,1049,-1,1049,1005,1042,-1,1049,1042,1050,-1,1050,1042,1043,-1,1050,1043,1051,-1,1051,1043,998,-1,1052,1011,1053,-1,1053,1011,1010,-1,1053,1010,1054,-1,1010,1020,1054,-1,1054,1020,1022,-1,1054,1022,1055,-1,1055,1022,1037,-1,1055,1037,1056,-1,1056,1037,1036,-1,1056,1036,1057,-1,1057,1036,1035,-1,1057,1035,1058,-1,1058,1035,1034,-1,1058,1034,1059,-1,1059,1034,1048,-1,1059,1048,1060,-1,1060,1048,1061,-1,1061,1048,1047,-1,1061,1047,1062,-1,1047,1046,1062,-1,1062,1046,998,-1,1062,998,999,-1,1012,1063,1064,-1,1012,1064,1013,-1,1013,1064,1065,-1,1013,1065,1006,-1,1006,1065,1066,-1,1006,1066,1007,-1,1007,1066,1067,-1,1007,1067,1003,-1,1003,1067,1068,-1,1003,1068,1004,-1,1004,1068,1069,-1,1004,1069,1041,-1,1041,1069,1070,-1,1041,1070,1040,-1,1040,1070,1071,-1,1040,1071,1039,-1,1039,1071,1072,-1,1039,1072,1038,-1,1038,1072,1073,-1,1038,1073,1045,-1,1045,1073,996,-1,1045,996,998,-1,999,1074,1075,-1,1075,1074,1076,-1,1056,1057,1077,-1,1054,1055,1078,-1,1079,1080,1081,-1,1052,1053,1082,-1,1082,1053,1083,-1,1082,1083,1084,-1,1085,1084,1086,-1,1086,1084,1083,-1,1086,1083,1087,-1,1080,1079,1088,-1,1088,1079,1089,-1,1088,1089,1090,-1,1091,1085,1092,-1,1092,1085,1086,-1,1092,1086,1093,-1,1093,1086,1087,-1,1093,1087,1094,-1,1095,1091,1096,-1,1096,1091,1092,-1,1096,1092,1097,-1,1097,1092,1093,-1,1097,1093,1098,-1,1098,1093,1094,-1,1098,1094,1099,-1,1100,1101,1102,-1,1102,1103,1100,-1,1100,1103,1104,-1,1100,1104,1089,-1,1089,1104,1105,-1,1089,1105,1090,-1,1061,1075,1060,-1,1060,1075,1076,-1,1060,1076,1059,-1,1059,1076,1058,-1,1057,1058,1077,-1,1077,1058,1076,-1,1077,1076,1106,-1,1106,1076,1074,-1,1106,1074,1107,-1,1107,1074,999,-1,1081,1095,1079,-1,1079,1095,1096,-1,1079,1096,1089,-1,1089,1096,1097,-1,1089,1097,1100,-1,1100,1097,1098,-1,1100,1098,1101,-1,1101,1098,1099,-1,1101,1099,1108,-1,1061,1062,1075,-1,1075,1062,999,-1,999,1109,1108,-1,1108,1109,1110,-1,1108,1110,1101,-1,1101,1110,1111,-1,1101,1111,1102,-1,1053,1054,1083,-1,1083,1054,1078,-1,1083,1078,1087,-1,1087,1078,1112,-1,1087,1112,1094,-1,1094,1112,1113,-1,1094,1113,1099,-1,1099,1113,1114,-1,1099,1114,1108,-1,1108,1114,999,-1,1055,1056,1078,-1,1078,1056,1077,-1,1078,1077,1112,-1,1112,1077,1106,-1,1112,1106,1113,-1,1113,1106,1107,-1,1113,1107,1114,-1,1114,1107,999,-1,996,1115,1116,-1,1116,1115,1117,-1,1118,1119,1120,-1,1121,1122,1123,-1,1124,1064,1063,-1,1125,1126,1127,-1,1127,1126,1128,-1,1127,1128,1129,-1,1130,1129,1131,-1,1131,1129,1128,-1,1131,1128,1132,-1,1064,1124,1065,-1,1065,1124,1133,-1,1065,1133,1066,-1,1134,1130,1135,-1,1135,1130,1131,-1,1135,1131,1136,-1,1136,1131,1132,-1,1136,1132,1137,-1,1138,1134,1139,-1,1139,1134,1135,-1,1139,1135,1140,-1,1140,1135,1136,-1,1140,1136,1141,-1,1141,1136,1137,-1,1141,1137,1142,-1,1143,1144,1070,-1,1070,1069,1143,-1,1143,1069,1068,-1,1143,1068,1133,-1,1133,1068,1067,-1,1133,1067,1066,-1,1145,1116,1146,-1,1146,1116,1117,-1,1146,1117,1147,-1,1147,1117,1148,-1,1119,1148,1120,-1,1120,1148,1117,-1,1120,1117,1149,-1,1149,1117,1115,-1,1149,1115,1150,-1,1150,1115,996,-1,1063,1138,1124,-1,1124,1138,1139,-1,1124,1139,1133,-1,1133,1139,1140,-1,1133,1140,1143,-1,1143,1140,1141,-1,1143,1141,1144,-1,1144,1141,1142,-1,1144,1142,1151,-1,1145,1152,1116,-1,1116,1152,996,-1,996,1073,1151,-1,1151,1073,1072,-1,1151,1072,1144,-1,1144,1072,1071,-1,1144,1071,1070,-1,1126,1121,1128,-1,1128,1121,1123,-1,1128,1123,1132,-1,1132,1123,1153,-1,1132,1153,1137,-1,1137,1153,1154,-1,1137,1154,1142,-1,1142,1154,1155,-1,1142,1155,1151,-1,1151,1155,996,-1,1122,1118,1123,-1,1123,1118,1120,-1,1123,1120,1153,-1,1153,1120,1149,-1,1153,1149,1154,-1,1154,1149,1150,-1,1154,1150,1155,-1,1155,1150,996,-1,1156,1081,1080,-1,1156,1080,1157,-1,1157,1080,1088,-1,1157,1088,1158,-1,1158,1088,1090,-1,1158,1090,1159,-1,1159,1090,1105,-1,1159,1105,1160,-1,1160,1105,1104,-1,1160,1104,1161,-1,1161,1104,1103,-1,1161,1103,1162,-1,1162,1103,1102,-1,1162,1102,1163,-1,1163,1102,1111,-1,1163,1111,1164,-1,1164,1111,1165,-1,1165,1111,1110,-1,1165,1110,1166,-1,1110,1109,1166,-1,1166,1109,999,-1,1166,999,997,-1,1148,1167,1168,-1,1148,1168,1147,-1,1147,1168,1169,-1,1147,1169,1146,-1,1146,1169,1170,-1,1146,1170,1145,-1,1145,1170,1171,-1,1145,1171,1152,-1,1152,1171,997,-1,1152,997,996,-1,1167,1148,1172,-1,1172,1148,1119,-1,1172,1119,1173,-1,1121,1174,1122,-1,1122,1174,1173,-1,1122,1173,1118,-1,1118,1173,1119,-1,1125,1175,1126,-1,1126,1175,1176,-1,1126,1176,1121,-1,1121,1176,1177,-1,1121,1177,1174,-1,997,1178,1179,-1,1179,1178,1180,-1,1160,1161,1181,-1,1158,1159,1182,-1,1183,1176,1175,-1,1156,1157,1184,-1,1184,1157,1185,-1,1184,1185,1186,-1,1187,1186,1188,-1,1188,1186,1185,-1,1188,1185,1189,-1,1176,1183,1177,-1,1177,1183,1190,-1,1177,1190,1174,-1,1191,1187,1192,-1,1192,1187,1188,-1,1192,1188,1193,-1,1193,1188,1189,-1,1193,1189,1194,-1,1195,1191,1196,-1,1196,1191,1192,-1,1196,1192,1197,-1,1197,1192,1193,-1,1197,1193,1198,-1,1198,1193,1194,-1,1198,1194,1199,-1,1200,1201,1168,-1,1168,1167,1200,-1,1200,1167,1172,-1,1200,1172,1190,-1,1190,1172,1173,-1,1190,1173,1174,-1,1165,1179,1164,-1,1164,1179,1180,-1,1164,1180,1163,-1,1163,1180,1162,-1,1161,1162,1181,-1,1181,1162,1180,-1,1181,1180,1202,-1,1202,1180,1178,-1,1202,1178,1203,-1,1203,1178,997,-1,1175,1195,1183,-1,1183,1195,1196,-1,1183,1196,1190,-1,1190,1196,1197,-1,1190,1197,1200,-1,1200,1197,1198,-1,1200,1198,1201,-1,1201,1198,1199,-1,1201,1199,1204,-1,1165,1166,1179,-1,1179,1166,997,-1,997,1171,1204,-1,1204,1171,1170,-1,1204,1170,1201,-1,1201,1170,1169,-1,1201,1169,1168,-1,1157,1158,1185,-1,1185,1158,1182,-1,1185,1182,1189,-1,1189,1182,1205,-1,1189,1205,1194,-1,1194,1205,1206,-1,1194,1206,1199,-1,1199,1206,1207,-1,1199,1207,1204,-1,1204,1207,997,-1,1159,1160,1182,-1,1182,1160,1181,-1,1182,1181,1205,-1,1205,1181,1202,-1,1205,1202,1206,-1,1206,1202,1203,-1,1206,1203,1207,-1,1207,1203,997,-1,931,930,927,-1,927,930,928,-1,137,136,174,-1,174,136,177,-1,1208,455,537,-1,1208,537,1209,-1,1209,537,508,-1,1209,508,1210,-1,1210,508,519,-1,1210,519,1211,-1,1211,519,515,-1,1211,515,1212,-1,1212,515,514,-1,1212,514,1213,-1,1213,514,513,-1,1213,513,1214,-1,1214,513,541,-1,1214,541,1215,-1,1216,1217,541,-1,541,1217,1215,-1,1218,453,1208,-1,1208,453,455,-1,1217,1216,1219,-1,1217,1219,1220,-1,1220,1219,1221,-1,1220,1221,1222,-1,1222,1221,1223,-1,1222,1223,1224,-1,1224,1223,1225,-1,1224,1225,1226,-1,1226,1225,1227,-1,1226,1227,1228,-1,1228,1227,1229,-1,1228,1229,1230,-1,1230,1229,1231,-1,1230,1231,1232,-1,1233,628,626,-1,1233,626,1234,-1,1234,626,624,-1,1234,624,1235,-1,1235,624,622,-1,1235,622,1236,-1,1236,622,620,-1,1236,620,1237,-1,1237,620,618,-1,1237,618,1238,-1,1238,618,616,-1,1238,616,1239,-1,1239,616,453,-1,1239,453,1218,-1,1240,1241,1231,-1,1231,1241,1232,-1,1242,1243,1244,-1,1245,1246,1233,-1,1233,1246,1247,-1,1233,1247,628,-1,1244,1248,1242,-1,1242,1248,1249,-1,1242,1249,1233,-1,1233,1249,1250,-1,1233,1250,1245,-1,1241,1240,1251,-1,1241,1251,1252,-1,1252,1251,1253,-1,1252,1253,1254,-1,1254,1253,1255,-1,1254,1255,1256,-1,1256,1255,1257,-1,1256,1257,1258,-1,1258,1257,1259,-1,1258,1259,1260,-1,1260,1259,1261,-1,1260,1261,1262,-1,1262,1261,1243,-1,1262,1243,1242,-1,1263,1264,1265,-1,1265,1264,1266,-1,1267,1268,1269,-1,1269,1268,1270,-1,1269,1270,1271,-1,1271,1270,1272,-1,1271,1272,1273,-1,1273,1272,1274,-1,1273,1274,1275,-1,1275,1274,1276,-1,1275,1276,1277,-1,1277,1276,1278,-1,1277,1278,1263,-1,1263,1278,1264,-1,1265,1266,1279,-1,1279,1266,1280,-1,1279,1280,1281,-1,1281,1280,1282,-1,1281,1282,1283,-1,1283,1282,1284,-1,1283,1284,1285,-1,1285,1284,1286,-1,1285,1286,1287,-1,1287,1286,1288,-1,1287,1288,1289,-1,1289,1288,1290,-1,1291,1292,1267,-1,1267,1292,1268,-1,1293,631,1290,-1,1290,631,1289,-1,545,1294,1295,-1,1295,1294,1296,-1,1295,1296,1297,-1,1297,1296,1298,-1,1297,1298,1299,-1,1299,1298,1300,-1,1299,1300,1301,-1,1301,1300,1302,-1,1301,1302,1303,-1,1303,1302,1304,-1,1303,1304,1291,-1,1291,1304,1292,-1,631,1293,633,-1,633,1293,1305,-1,633,1305,635,-1,635,1305,1306,-1,635,1306,637,-1,637,1306,1307,-1,637,1307,639,-1,639,1307,1308,-1,639,1308,641,-1,641,1308,1309,-1,641,1309,549,-1,549,1309,1310,-1,549,1310,545,-1,545,1310,1294,-1,
        ]
    }
}
Shape{
    appearance Appearance {
        material  Material 	{
            diffuseColor 0.25098039215686274 0.25098039215686274 0.25098039215686274
            specularColor 0.12549019607843137 0.12549019607843137 0.12549019607843137
            ambientIntensity 0.251
            transparency 0.0
            shininess 0.5
        }
    }
    geometry IndexedFaceSet {
        ccw TRUE
        solid FALSE
        coord DEF co Coordinate {
            point [
                0.3695 -0.9741 0.0161, 0.4464 -0.7772 0.0161, 0.3695 -0.9741 0.0157, 0.4464 -0.7772 0.0157, 0.4175 -0.7772 0.0161, 0.4175 -0.7772 0.0157, 0.3976 -0.8324 0.0161, 0.3976 -0.8324 0.0157, 0.3163 -0.8324 0.0161, 0.3163 -0.8324 0.0157, 0.2975 -0.7772 0.0161, 0.2975 -0.7772 0.0157, 0.2687 -0.7772 0.0161, 0.2687 -0.7772 0.0157, 0.3431 -0.9741 0.0161, 0.3431 -0.9741 0.0157, 0.3229 -0.8541 0.0161, 0.3523 -0.9363 0.0161, 0.3542 -0.9431 0.0161, 0.3555 -0.9501 0.0161, 0.3561 -0.9501 0.0161, 0.3574 -0.9431 0.0161, 0.3888 -0.8541 0.0161, 0.3591 -0.9363 0.0161, 0.3229 -0.8541 0.0157, 0.3888 -0.8541 0.0157, 0.3523 -0.9363 0.0157, 0.3542 -0.9431 0.0157, 0.3555 -0.9501 0.0157, 0.3561 -0.9501 0.0157, 0.3574 -0.9431 0.0157, 0.3591 -0.9363 0.0157, 0.1494 -0.7772 0.0161, 0.0959 -0.7772 0.0161, 0.1494 -0.7772 0.0157, 0.0959 -0.7772 0.0157, 0.0959 -0.9741 0.0161, 0.0959 -0.9741 0.0157, 0.1514 -0.9741 0.0161, 0.1514 -0.9741 0.0157, 0.2543 -0.8781 0.0161, 0.2543 -0.8781 0.0157, 0.2529 -0.8967 0.0157, 0.2529 -0.8967 0.0161, 0.2476 -0.916 0.0157, 0.2476 -0.916 0.0161, 0.2384 -0.933 0.0157, 0.2384 -0.933 0.0161, 0.2245 -0.9484 0.0157, 0.2245 -0.9484 0.0161, 0.2243 -0.9486 0.0157, 0.2243 -0.9486 0.0161, 0.2029 -0.963 0.0157, 0.2029 -0.963 0.0161, 0.1799 -0.971 0.0157, 0.1799 -0.971 0.0161, 0.1737 -0.7794 0.0157, 0.1737 -0.7794 0.0161, 0.1964 -0.7861 0.0157, 0.1964 -0.7861 0.0161, 0.217 -0.7981 0.0157, 0.217 -0.7981 0.0161, 0.2332 -0.8136 0.0157, 0.2332 -0.8136 0.0161, 0.2445 -0.8312 0.0157, 0.2445 -0.8312 0.0161, 0.2515 -0.8518 0.0157, 0.2515 -0.8518 0.0161, 0.2148 -0.9249 0.0161, 0.2052 -0.935 0.0161, 0.1909 -0.9443 0.0161, 0.1746 -0.95 0.0161, 0.1513 -0.9525 0.0161, 0.1223 -0.9525 0.0161, 0.1223 -0.7988 0.0161, 0.1502 -0.7988 0.0161, 0.171 -0.8008 0.0161, 0.1876 -0.8059 0.0161, 0.201 -0.8139 0.0161, 0.212 -0.8248 0.0161, 0.2203 -0.8384 0.0161, 0.2261 -0.8569 0.0161, 0.2279 -0.8776 0.0161, 0.2262 -0.8972 0.0161, 0.2216 -0.9127 0.0161, 0.1513 -0.9525 0.0157, 0.1223 -0.9525 0.0157, 0.1746 -0.95 0.0157, 0.1909 -0.9443 0.0157, 0.2052 -0.935 0.0157, 0.2148 -0.9249 0.0157, 0.2216 -0.9127 0.0157, 0.2262 -0.8972 0.0157, 0.2279 -0.8776 0.0157, 0.2261 -0.8569 0.0157, 0.2203 -0.8384 0.0157, 0.212 -0.8248 0.0157, 0.201 -0.8139 0.0157, 0.1876 -0.8059 0.0157, 0.171 -0.8008 0.0157, 0.1502 -0.7988 0.0157, 0.1223 -0.7988 0.0157, 0.0575 -0.7988 0.0161, 0.0575 -0.7772 0.0161, 0.0575 -0.7988 0.0157, 0.0575 -0.7772 0.0157, -0.0482 -0.7772 0.0161, -0.0482 -0.7772 0.0157, -0.0482 -0.9741 0.0161, -0.0482 -0.9741 0.0157, 0.0527 -0.9741 0.0161, 0.0527 -0.9741 0.0157, 0.0527 -0.9525 0.0161, 0.0527 -0.9525 0.0157, -0.0218 -0.9525 0.0161, -0.0218 -0.9525 0.0157, -0.0218 -0.8877 0.0161, -0.0218 -0.8877 0.0157, 0.0479 -0.8877 0.0161, 0.0479 -0.8877 0.0157, 0.0479 -0.8661 0.0161, 0.0479 -0.8661 0.0157, -0.0218 -0.8661 0.0161, -0.0218 -0.8661 0.0157, -0.0218 -0.7988 0.0161, -0.0218 -0.7988 0.0157, -0.0866 -0.809 0.0161, -0.0866 -0.7874 0.0161, -0.0866 -0.809 0.0157, -0.0866 -0.7874 0.0157, -0.1076 -0.7788 0.0161, -0.1407 -0.7748 0.0161, -0.1407 -0.7748 0.0157, -0.1354 -0.7749 0.0157, -0.1354 -0.7749 0.0161, -0.1275 -0.776 0.0157, -0.1076 -0.7788 0.0157, -0.1523 -0.776 0.0157, -0.165 -0.7773 0.0161, -0.165 -0.7773 0.0157, -0.1841 -0.7839 0.0161, -0.1841 -0.7839 0.0157, -0.1999 -0.794 0.0161, -0.1999 -0.794 0.0157, -0.2147 -0.8096 0.0161, -0.2147 -0.8096 0.0157, -0.2252 -0.8283 0.0161, -0.2252 -0.8283 0.0157, -0.2311 -0.8491 0.0161, -0.2311 -0.8491 0.0157, -0.233 -0.8719 0.0161, -0.233 -0.8719 0.0157, -0.1527 -0.9749 0.0161, -0.1329 -0.9765 0.0161, -0.1476 -0.9753 0.0157, -0.1329 -0.9765 0.0157, -0.1527 -0.9749 0.0157, -0.1746 -0.9685 0.0157, -0.1746 -0.9685 0.0161, -0.1933 -0.9577 0.0157, -0.1933 -0.9577 0.0161, -0.2111 -0.9406 0.0157, -0.2111 -0.9406 0.0161, -0.2226 -0.9222 0.0157, -0.2226 -0.9222 0.0161, -0.2302 -0.8999 0.0157, -0.2302 -0.8999 0.0161, -0.1155 -0.9753 0.0157, -0.1093 -0.9749 0.0161, -0.1093 -0.9749 0.0157, -0.0866 -0.9687 0.0161, -0.0866 -0.9687 0.0157, -0.0866 -0.9423 0.0161, -0.0866 -0.9423 0.0157, -0.1327 -0.9549 0.0161, -0.1327 -0.9549 0.0157, -0.1088 -0.9518 0.0157, -0.1088 -0.9518 0.0161, -0.2066 -0.8736 0.0161, -0.2066 -0.8736 0.0157, -0.2057 -0.8889 0.0157, -0.2057 -0.8889 0.0161, -0.2004 -0.9099 0.0157, -0.2004 -0.9099 0.0161, -0.1923 -0.9251 0.0157, -0.1923 -0.9251 0.0161, -0.1804 -0.9383 0.0157, -0.1804 -0.9383 0.0161, -0.1668 -0.9474 0.0157, -0.1668 -0.9474 0.0161, -0.1521 -0.9527 0.0157, -0.1521 -0.9527 0.0161, -0.1371 -0.7964 0.0161, -0.1371 -0.7964 0.0157, -0.1555 -0.7985 0.0157, -0.1555 -0.7985 0.0161, -0.1698 -0.8038 0.0157, -0.1698 -0.8038 0.0161, -0.1819 -0.8119 0.0157, -0.1819 -0.8119 0.0161, -0.1911 -0.8217 0.0157, -0.1911 -0.8217 0.0161, -0.1993 -0.8353 0.0157, -0.1993 -0.8353 0.0161, -0.2046 -0.8522 0.0157, -0.2046 -0.8522 0.0161, -0.0901 -0.8071 0.0157, -0.0901 -0.8071 0.0161, -0.111 -0.7993 0.0157, -0.111 -0.7993 0.0161, -0.2498 -0.7988 0.0161, -0.2498 -0.7772 0.0161, -0.2498 -0.7988 0.0157, -0.2498 -0.7772 0.0157, -0.3506 -0.7772 0.0161, -0.3506 -0.7772 0.0157, -0.3506 -0.9741 0.0161, -0.3506 -0.9741 0.0157, -0.3242 -0.9741 0.0161, -0.3242 -0.9741 0.0157, -0.3242 -0.7988 0.0161, -0.3242 -0.7988 0.0157
            ]
        }
        coordIndex [
            0,1,2,-1,2,1,3,-1,1,4,3,-1,3,4,5,-1,4,6,5,-1,5,6,7,-1,6,8,7,-1,7,8,9,-1,8,10,9,-1,9,10,11,-1,10,12,11,-1,11,12,13,-1,12,14,13,-1,13,14,15,-1,14,0,15,-1,15,0,2,-1,16,17,14,-1,12,10,8,-1,17,18,14,-1,14,18,19,-1,14,19,0,-1,0,19,20,-1,0,20,21,-1,14,12,16,-1,16,12,8,-1,16,8,22,-1,22,8,6,-1,21,23,0,-1,0,23,22,-1,0,22,1,-1,1,22,6,-1,1,6,4,-1,16,22,24,-1,24,22,25,-1,17,16,26,-1,26,16,24,-1,17,26,27,-1,17,27,18,-1,18,27,28,-1,18,28,19,-1,20,19,29,-1,29,19,28,-1,20,29,30,-1,20,30,21,-1,21,30,31,-1,21,31,23,-1,22,23,25,-1,25,23,31,-1,32,33,34,-1,34,33,35,-1,33,36,35,-1,35,36,37,-1,36,38,37,-1,37,38,39,-1,40,41,42,-1,40,42,43,-1,43,42,44,-1,43,44,45,-1,45,44,46,-1,45,46,47,-1,47,46,48,-1,47,48,49,-1,49,48,50,-1,49,50,51,-1,51,50,52,-1,51,52,53,-1,53,52,54,-1,53,54,55,-1,55,54,39,-1,55,39,38,-1,32,34,56,-1,32,56,57,-1,57,56,58,-1,57,58,59,-1,59,58,60,-1,59,60,61,-1,61,60,62,-1,61,62,63,-1,63,62,64,-1,63,64,65,-1,65,64,66,-1,65,66,67,-1,67,66,41,-1,67,41,40,-1,45,47,68,-1,68,47,49,-1,68,49,69,-1,69,49,51,-1,69,51,70,-1,70,51,53,-1,70,53,71,-1,71,53,55,-1,71,55,72,-1,72,55,38,-1,72,38,73,-1,73,38,36,-1,73,36,74,-1,74,36,33,-1,74,33,75,-1,75,33,32,-1,75,32,76,-1,76,32,57,-1,76,57,77,-1,77,57,59,-1,77,59,78,-1,78,59,61,-1,78,61,79,-1,79,61,63,-1,79,63,80,-1,80,63,65,-1,80,65,81,-1,81,65,67,-1,81,67,82,-1,82,67,40,-1,82,40,83,-1,83,40,43,-1,83,43,84,-1,84,43,45,-1,84,45,68,-1,72,73,85,-1,85,73,86,-1,72,85,87,-1,72,87,71,-1,71,87,88,-1,71,88,70,-1,70,88,89,-1,70,89,69,-1,69,89,90,-1,69,90,68,-1,68,90,91,-1,68,91,84,-1,84,91,92,-1,84,92,83,-1,83,92,93,-1,83,93,82,-1,82,93,94,-1,82,94,81,-1,81,94,95,-1,81,95,80,-1,80,95,96,-1,80,96,79,-1,79,96,97,-1,79,97,78,-1,78,97,98,-1,78,98,77,-1,77,98,99,-1,77,99,76,-1,76,99,100,-1,76,100,75,-1,74,75,101,-1,101,75,100,-1,73,74,86,-1,86,74,101,-1,102,103,104,-1,104,103,105,-1,103,106,105,-1,105,106,107,-1,106,108,107,-1,107,108,109,-1,108,110,109,-1,109,110,111,-1,110,112,111,-1,111,112,113,-1,112,114,113,-1,113,114,115,-1,114,116,115,-1,115,116,117,-1,116,118,117,-1,117,118,119,-1,118,120,119,-1,119,120,121,-1,120,122,121,-1,121,122,123,-1,122,124,123,-1,123,124,125,-1,124,102,125,-1,125,102,104,-1,106,103,102,-1,102,124,106,-1,106,124,122,-1,106,122,108,-1,112,110,114,-1,114,110,108,-1,114,108,116,-1,116,108,122,-1,116,122,118,-1,118,122,120,-1,126,127,128,-1,128,127,129,-1,129,127,130,-1,131,132,133,-1,131,133,134,-1,134,133,135,-1,134,135,130,-1,130,135,136,-1,130,136,129,-1,132,131,137,-1,137,131,138,-1,137,138,139,-1,139,138,140,-1,139,140,141,-1,141,140,142,-1,141,142,143,-1,143,142,144,-1,143,144,145,-1,145,144,146,-1,145,146,147,-1,147,146,148,-1,147,148,149,-1,149,148,150,-1,149,150,151,-1,152,153,154,-1,154,153,155,-1,154,156,152,-1,152,156,157,-1,152,157,158,-1,158,157,159,-1,158,159,160,-1,160,159,161,-1,160,161,162,-1,162,161,163,-1,162,163,164,-1,164,163,165,-1,164,165,166,-1,166,165,151,-1,166,151,150,-1,155,153,167,-1,167,153,168,-1,167,168,169,-1,169,168,170,-1,169,170,171,-1,170,172,171,-1,171,172,173,-1,174,175,176,-1,174,176,177,-1,177,176,173,-1,177,173,172,-1,178,179,180,-1,178,180,181,-1,181,180,182,-1,181,182,183,-1,183,182,184,-1,183,184,185,-1,185,184,186,-1,185,186,187,-1,187,186,188,-1,187,188,189,-1,189,188,190,-1,189,190,191,-1,191,190,175,-1,191,175,174,-1,192,193,194,-1,192,194,195,-1,195,194,196,-1,195,196,197,-1,197,196,198,-1,197,198,199,-1,199,198,200,-1,199,200,201,-1,201,200,202,-1,201,202,203,-1,203,202,204,-1,203,204,205,-1,205,204,179,-1,205,179,178,-1,126,128,206,-1,126,206,207,-1,207,206,208,-1,207,208,209,-1,209,208,193,-1,209,193,192,-1,195,131,192,-1,192,131,134,-1,192,134,209,-1,209,134,130,-1,209,130,207,-1,207,130,127,-1,207,127,126,-1,172,170,177,-1,177,170,168,-1,177,168,174,-1,174,168,153,-1,174,153,191,-1,191,153,152,-1,191,152,189,-1,189,152,158,-1,189,158,187,-1,187,158,160,-1,187,160,185,-1,185,160,162,-1,185,162,183,-1,183,162,164,-1,183,164,181,-1,181,164,166,-1,181,166,178,-1,178,166,150,-1,178,150,205,-1,205,150,148,-1,205,148,203,-1,203,148,146,-1,203,146,201,-1,201,146,144,-1,201,144,199,-1,199,144,142,-1,199,142,197,-1,197,142,140,-1,197,140,195,-1,195,140,138,-1,195,138,131,-1,210,211,212,-1,212,211,213,-1,211,214,213,-1,213,214,215,-1,214,216,215,-1,215,216,217,-1,216,218,217,-1,217,218,219,-1,218,220,219,-1,219,220,221,-1,220,210,221,-1,221,210,212,-1,218,216,220,-1,220,216,214,-1,220,214,210,-1,210,214,211,-1,
        ]
    }
}
Shape{
    appearance Appearance {
        material  Material 	{
            diffuseColor 1.0 1.0 1.0
            specularColor 0.5019607843137255 0.5019607843137255 0.5019607843137255
            ambientIntensity 1.0
            transparency 0.0
            shininess 0.5
        }
    }
    geometry IndexedFaceSet {
        ccw TRUE
        solid FALSE
        coord DEF co Coordinate {
            point [
                0.3229 -0.8541 0.0157, 0.3888 -0.8541 0.0157, 0.3523 -0.9363 0.0157, 0.3591 -0.9363 0.0157, 0.3542 -0.9431 0.0157, 0.3574 -0.9431 0.0157, 0.3555 -0.9501 0.0157, 0.3561 -0.9501 0.0157, 0.1223 -0.9525 0.0157, 0.1223 -0.7988 0.0157, 0.1513 -0.9525 0.0157, 0.1502 -0.7988 0.0157, 0.171 -0.8008 0.0157, 0.2279 -0.8776 0.0157, 0.2262 -0.8972 0.0157, 0.2216 -0.9127 0.0157, 0.1746 -0.95 0.0157, 0.1876 -0.8059 0.0157, 0.201 -0.8139 0.0157, 0.212 -0.8248 0.0157, 0.2203 -0.8384 0.0157, 0.2261 -0.8569 0.0157, 0.2148 -0.9249 0.0157, 0.2052 -0.935 0.0157, 0.1909 -0.9443 0.0157, 1.7598 -1.0571 -0.3937, 1.7598 -1.1358 -0.315, 1.6417 -1.0571 -0.3937, 1.6417 -1.1358 -0.315, 1.7598 -0.8209 -0.315, 1.7598 -0.8996 -0.3937, 1.6417 -0.8209 -0.315, 1.6417 -0.8996 -0.3937, -1.7598 -1.1358 -0.315, -1.7598 -1.0571 -0.3937, -1.6417 -1.1358 -0.315, -1.6417 -1.0571 -0.3937, -1.7598 -0.8996 -0.3937, -1.7598 -0.8209 -0.315, -1.6417 -0.8996 -0.3937, -1.6417 -0.8209 -0.315, 1.6417 -0.624 0.0551, 1.7598 -0.624 0.0551, 1.7598 -0.6267 0.0347, 1.6417 -0.6267 0.0347, 1.7598 -0.6346 0.0157, 1.6417 -0.6346 0.0157, 1.7598 -0.6471 -0.0006, 1.6417 -0.6471 -0.0006, 1.7598 -0.6634 -0.0131, 1.6417 -0.6634 -0.0131, 1.7598 -0.6824 -0.0209, 1.6417 -0.6824 -0.0209, 1.7598 -0.7028 -0.0236, 1.6417 -0.7028 -0.0236, 1.7598 -0.8209 -0.1024, 1.6417 -0.8209 -0.1024, 1.7598 -0.8182 -0.082, 1.6417 -0.8182 -0.082, 1.7598 -0.8103 -0.063, 1.6417 -0.8103 -0.063, 1.7598 -0.7978 -0.0467, 1.6417 -0.7978 -0.0467, 1.7598 -0.7815 -0.0342, 1.6417 -0.7815 -0.0342, 1.7598 -0.7625 -0.0263, 1.6417 -0.7625 -0.0263, 1.7598 -0.7421 -0.0236, 1.6417 -0.7421 -0.0236, -1.6417 -0.7028 -0.0236, -1.7598 -0.7028 -0.0236, -1.7598 -0.6824 -0.0209, -1.6417 -0.6824 -0.0209, -1.7598 -0.6634 -0.0131, -1.6417 -0.6634 -0.0131, -1.7598 -0.6471 -0.0006, -1.6417 -0.6471 -0.0006, -1.7598 -0.6346 0.0157, -1.6417 -0.6346 0.0157, -1.7598 -0.6267 0.0347, -1.6417 -0.6267 0.0347, -1.7598 -0.624 0.0551, -1.6417 -0.624 0.0551, -1.7598 -0.7421 -0.0236, -1.6417 -0.7421 -0.0236, -1.7598 -0.7625 -0.0263, -1.6417 -0.7625 -0.0263, -1.7598 -0.7815 -0.0342, -1.6417 -0.7815 -0.0342, -1.7598 -0.7978 -0.0467, -1.6417 -0.7978 -0.0467, -1.7598 -0.8103 -0.063, -1.6417 -0.8103 -0.063, -1.7598 -0.8182 -0.082, -1.6417 -0.8182 -0.082, -1.7598 -0.8209 -0.1024, -1.6417 -0.8209 -0.1024, -0.6376 0.6358 0.9826, -0.6376 0.6358 1.119, -0.6478 0.6372 1.1131, -0.6478 0.6372 0.9767, -0.6573 0.6411 1.1076, -0.6573 0.6411 0.9713, -0.6655 0.6474 1.1029, -0.6655 0.6474 0.9665, -0.6689 0.6512 1.101, -0.6689 0.6512 0.9646, -0.6717 0.6555 1.0993, -0.6717 0.6555 0.9629, -0.674 0.6601 1.098, -0.674 0.6601 0.9616, -0.6757 0.665 1.097, -0.6757 0.665 0.9607, -0.6767 0.6701 1.0965, -0.6767 0.6701 0.9601, -0.677 0.6752 1.0963, -0.677 0.6752 0.9599, -0.6655 0.8605 0.9665, -0.6573 0.8668 1.1076, -0.6573 0.8668 0.9713, -0.6478 0.8707 1.1131, -0.6478 0.8707 0.9767, -0.6376 0.872 1.119, -0.6376 0.872 0.9826, -0.677 0.8327 0.9599, -0.677 0.8327 1.0963, -0.6767 0.8378 0.9601, -0.6767 0.8378 1.0965, -0.6757 0.8429 0.9607, -0.6757 0.8429 1.097, -0.674 0.8477 0.9616, -0.674 0.8477 1.098, -0.6717 0.8524 0.9629, -0.6717 0.8524 1.0993, -0.6689 0.8566 0.9646, -0.6689 0.8566 1.101, -0.6655 0.8605 1.1029, 0.6655 0.6474 0.9665, 0.6573 0.6411 1.1076, 0.6573 0.6411 0.9713, 0.6478 0.6372 1.1131, 0.6478 0.6372 0.9767, 0.6376 0.6358 1.119, 0.6376 0.6358 0.9826, 0.677 0.6752 0.9599, 0.677 0.6752 1.0963, 0.6767 0.6701 0.9601, 0.6767 0.6701 1.0965, 0.6757 0.665 0.9607, 0.6757 0.665 1.097, 0.674 0.6601 0.9616, 0.674 0.6601 1.098, 0.6717 0.6555 0.9629, 0.6717 0.6555 1.0993, 0.6689 0.6512 0.9646, 0.6689 0.6512 1.101, 0.6655 0.6474 1.1029, 0.677 0.8327 1.0963, 0.677 0.8327 0.9599, 0.6767 0.8378 0.9601, 0.6767 0.8378 1.0965, 0.6757 0.8429 0.9607, 0.6757 0.8429 1.097, 0.674 0.8477 0.9616, 0.674 0.8477 1.098, 0.6717 0.8524 0.9629, 0.6717 0.8524 1.0993, 0.6689 0.8566 0.9646, 0.6689 0.8566 1.101, 0.6655 0.8605 0.9665, 0.6655 0.8605 1.1029, 0.6573 0.8668 0.9713, 0.6573 0.8668 1.1076, 0.6478 0.8707 0.9767, 0.6478 0.8707 1.1131, 0.6376 0.872 0.9826, 0.6376 0.872 1.119
            ]
        }
        coordIndex [
            0,1,2,-1,2,1,3,-1,2,3,4,-1,4,3,5,-1,4,5,6,-1,6,5,7,-1,8,9,10,-1,10,9,11,-1,10,11,12,-1,13,14,10,-1,10,14,15,-1,10,15,16,-1,12,17,10,-1,10,17,18,-1,10,18,19,-1,19,20,10,-1,10,20,21,-1,10,21,13,-1,22,23,15,-1,15,23,24,-1,15,24,16,-1,25,26,27,-1,27,26,28,-1,29,30,31,-1,31,30,32,-1,33,34,35,-1,35,34,36,-1,37,38,39,-1,39,38,40,-1,41,42,43,-1,41,43,44,-1,44,43,45,-1,44,45,46,-1,46,45,47,-1,46,47,48,-1,48,47,49,-1,48,49,50,-1,50,49,51,-1,50,51,52,-1,52,51,53,-1,52,53,54,-1,55,56,57,-1,57,56,58,-1,57,58,59,-1,59,58,60,-1,59,60,61,-1,61,60,62,-1,61,62,63,-1,63,62,64,-1,63,64,65,-1,65,64,66,-1,65,66,67,-1,67,66,68,-1,69,70,71,-1,69,71,72,-1,72,71,73,-1,72,73,74,-1,74,73,75,-1,74,75,76,-1,76,75,77,-1,76,77,78,-1,78,77,79,-1,78,79,80,-1,80,79,81,-1,80,81,82,-1,83,84,85,-1,85,84,86,-1,85,86,87,-1,87,86,88,-1,87,88,89,-1,89,88,90,-1,89,90,91,-1,91,90,92,-1,91,92,93,-1,93,92,94,-1,93,94,95,-1,95,94,96,-1,97,98,99,-1,97,99,100,-1,100,99,101,-1,100,101,102,-1,102,101,103,-1,102,103,104,-1,104,103,105,-1,104,105,106,-1,106,105,107,-1,106,107,108,-1,108,107,109,-1,108,109,110,-1,110,109,111,-1,110,111,112,-1,112,111,113,-1,112,113,114,-1,114,113,115,-1,114,115,116,-1,117,118,119,-1,119,118,120,-1,119,120,121,-1,121,120,122,-1,121,122,123,-1,124,125,126,-1,126,125,127,-1,126,127,128,-1,128,127,129,-1,128,129,130,-1,130,129,131,-1,130,131,132,-1,132,131,133,-1,132,133,134,-1,134,133,135,-1,134,135,117,-1,117,135,136,-1,117,136,118,-1,137,138,139,-1,139,138,140,-1,139,140,141,-1,141,140,142,-1,141,142,143,-1,144,145,146,-1,146,145,147,-1,146,147,148,-1,148,147,149,-1,148,149,150,-1,150,149,151,-1,150,151,152,-1,152,151,153,-1,152,153,154,-1,154,153,155,-1,154,155,137,-1,137,155,156,-1,137,156,138,-1,157,158,159,-1,157,159,160,-1,160,159,161,-1,160,161,162,-1,162,161,163,-1,162,163,164,-1,164,163,165,-1,164,165,166,-1,166,165,167,-1,166,167,168,-1,168,167,169,-1,168,169,170,-1,170,169,171,-1,170,171,172,-1,172,171,173,-1,172,173,174,-1,174,173,175,-1,174,175,176,-1,
        ]
    }
}
Shape{
    appearance Appearance {
        material  Material 	{
            diffuseColor 1.0 1.0 0.5019607843137255
            specularColor 0.5019607843137255 0.5019607843137255 0.25098039215686274
            ambientIntensity 0.9432
            transparency 0.0
            shininess 0.5
        }
    }
    geometry IndexedFaceSet {
        ccw TRUE
        solid FALSE
        coord DEF co Coordinate {
            point [
                -1.2559 0.7303 0.0157, -1.2559 0.6949 0.0157, -1.1614 0.7303 0.0157, -1.1614 0.6949 0.0157, -1.2559 0.7303 0.0118, -1.1614 0.7303 0.0118, -1.2559 1.0492 0.0118, -1.1614 1.0492 0.0118, -1.2559 1.0492 -0.0236, -1.1614 1.0492 -0.0236, -1.2559 0.7146 -0.0236, -1.1614 0.7146 -0.0236, -1.1614 0.7095 -0.023, -1.2559 0.7095 -0.023, -1.1614 0.7047 -0.021, -1.2559 0.7047 -0.021, -1.1614 0.7006 -0.0179, -1.2559 0.7006 -0.0179, -1.1614 0.6975 -0.0138, -1.2559 0.6975 -0.0138, -1.1614 0.6956 -0.009, -1.2559 0.6956 -0.009, -1.1614 0.6949 -0.0039, -1.2559 0.6949 -0.0039, 0.2362 -0.8996 0.5394, 0.3543 -0.8996 0.5394, 0.2362 -0.8996 0.5, 0.3543 -0.8996 0.5, 0.2362 -1.8248 0.5394, 0.2362 -1.8248 0.5, 0.3543 -1.8248 0.5394, 0.3543 -1.8248 0.5, -1.3602 0.7303 0.0157, -1.3602 0.6949 0.0157, -1.2657 0.7303 0.0157, -1.2657 0.6949 0.0157, -1.3602 0.7303 0.0118, -1.2657 0.7303 0.0118, -1.3602 1.0492 0.0118, -1.2657 1.0492 0.0118, -1.3602 1.0492 -0.0236, -1.2657 1.0492 -0.0236, -1.3602 0.7146 -0.0236, -1.2657 0.7146 -0.0236, -1.2657 0.7095 -0.023, -1.3602 0.7095 -0.023, -1.2657 0.7047 -0.021, -1.3602 0.7047 -0.021, -1.2657 0.7006 -0.0179, -1.3602 0.7006 -0.0179, -1.2657 0.6975 -0.0138, -1.3602 0.6975 -0.0138, -1.2657 0.6956 -0.009, -1.3602 0.6956 -0.009, -1.2657 0.6949 -0.0039, -1.3602 0.6949 -0.0039, 1.3602 0.6949 0.0157, 1.3602 0.7303 0.0157, 1.2657 0.6949 0.0157, 1.2657 0.7303 0.0157, 1.3602 0.7303 0.0118, 1.2657 0.7303 0.0118, 1.3602 1.0492 0.0118, 1.2657 1.0492 0.0118, 1.3602 1.0492 -0.0236, 1.2657 1.0492 -0.0236, 1.3602 0.7146 -0.0236, 1.2657 0.7146 -0.0236, 1.3602 0.6949 -0.0039, 1.2657 0.6949 -0.0039, 1.2657 0.6956 -0.009, 1.3602 0.6956 -0.009, 1.2657 0.6975 -0.0138, 1.3602 0.6975 -0.0138, 1.2657 0.7006 -0.0179, 1.3602 0.7006 -0.0179, 1.2657 0.7047 -0.021, 1.3602 0.7047 -0.021, 1.2657 0.7095 -0.023, 1.3602 0.7095 -0.023, -0.9843 -0.998 0.5394, -0.9843 -0.998 0.5, -1.1024 -0.998 0.5394, -1.1024 -0.998 0.5, -0.9843 -1.9232 0.5394, -1.1024 -1.9232 0.5394, -0.9843 -1.9232 0.5, -1.1024 -1.9232 0.5, -0.3543 -1.8642 0.7362, -0.3543 -0.998 0.7362, -0.2362 -1.8642 0.7362, -0.2362 -0.998 0.7362, -0.2362 -0.998 0.7756, -0.3543 -0.998 0.7756, -0.2362 -1.8642 0.7756, -0.3543 -1.8642 0.7756, 1.2559 0.6949 0.0157, 1.2559 0.7303 0.0157, 1.1614 0.6949 0.0157, 1.1614 0.7303 0.0157, 1.2559 0.7303 0.0118, 1.1614 0.7303 0.0118, 1.2559 1.0492 0.0118, 1.1614 1.0492 0.0118, 1.2559 1.0492 -0.0236, 1.1614 1.0492 -0.0236, 1.2559 0.7146 -0.0236, 1.1614 0.7146 -0.0236, 1.2559 0.6949 -0.0039, 1.1614 0.6949 -0.0039, 1.1614 0.6956 -0.009, 1.2559 0.6956 -0.009, 1.1614 0.6975 -0.0138, 1.2559 0.6975 -0.0138, 1.1614 0.7006 -0.0179, 1.2559 0.7006 -0.0179, 1.1614 0.7047 -0.021, 1.2559 0.7047 -0.021, 1.1614 0.7095 -0.023, 1.2559 0.7095 -0.023, 0.4134 -0.8996 0.5394, 0.5315 -0.8996 0.5394, 0.4134 -0.8996 0.5, 0.5315 -0.8996 0.5, 0.4134 -1.8248 0.5394, 0.4134 -1.8248 0.5, 0.5315 -1.8248 0.5394, 0.5315 -1.8248 0.5, -0.9508 0.7303 0.0157, -0.9508 0.7303 0.0118, -1.0453 0.7303 0.0157, -1.0453 0.7303 0.0118, -0.9508 0.6949 0.0157, -1.0453 0.6949 0.0157, -0.9508 0.6949 -0.0039, -1.0453 0.6949 -0.0039, -1.0453 0.6956 -0.009, -0.9508 0.6956 -0.009, -1.0453 0.6975 -0.0138, -0.9508 0.6975 -0.0138, -1.0453 0.7006 -0.0179, -0.9508 0.7006 -0.0179, -1.0453 0.7047 -0.021, -0.9508 0.7047 -0.021, -1.0453 0.7095 -0.023, -0.9508 0.7095 -0.023, -1.0453 0.7146 -0.0236, -0.9508 0.7146 -0.0236, -0.9508 1.0492 -0.0236, -1.0453 1.0492 -0.0236, -0.9508 1.0492 0.0118, -1.0453 1.0492 0.0118, -0.8465 0.7303 0.0157, -0.8465 0.7303 0.0118, -0.9409 0.7303 0.0157, -0.9409 0.7303 0.0118, -0.8465 0.6949 0.0157, -0.9409 0.6949 0.0157, -0.8465 0.6949 -0.0039, -0.9409 0.6949 -0.0039, -0.9409 0.6956 -0.009, -0.8465 0.6956 -0.009, -0.9409 0.6975 -0.0138, -0.8465 0.6975 -0.0138, -0.9409 0.7006 -0.0179, -0.8465 0.7006 -0.0179, -0.9409 0.7047 -0.021, -0.8465 0.7047 -0.021, -0.9409 0.7095 -0.023, -0.8465 0.7095 -0.023, -0.9409 0.7146 -0.0236, -0.8465 0.7146 -0.0236, -0.8465 1.0492 -0.0236, -0.9409 1.0492 -0.0236, -0.8465 1.0492 0.0118, -0.9409 1.0492 0.0118, -0.4134 -0.8996 0.5394, -0.4134 -0.8996 0.5, -0.5315 -0.8996 0.5394, -0.5315 -0.8996 0.5, -0.4134 -1.8248 0.5394, -0.5315 -1.8248 0.5394, -0.4134 -1.8248 0.5, -0.5315 -1.8248 0.5, 0.9843 -0.8996 0.5394, 1.1024 -0.8996 0.5394, 0.9843 -0.8996 0.5, 1.1024 -0.8996 0.5, 0.9843 -1.8248 0.5394, 0.9843 -1.8248 0.5, 1.1024 -1.8248 0.5394, 1.1024 -1.8248 0.5, 0.8465 0.7303 0.0118, 0.8465 0.7303 0.0157, 0.9409 0.7303 0.0118, 0.9409 0.7303 0.0157, 0.8465 0.6949 0.0157, 0.9409 0.6949 0.0157, 0.8465 0.6949 -0.0039, 0.9409 0.6949 -0.0039, 0.8465 0.7146 -0.0236, 0.9409 0.7146 -0.0236, 0.9409 0.7095 -0.023, 0.8465 0.7095 -0.023, 0.9409 0.7047 -0.021, 0.8465 0.7047 -0.021, 0.9409 0.7006 -0.0179, 0.8465 0.7006 -0.0179, 0.9409 0.6975 -0.0138, 0.8465 0.6975 -0.0138, 0.9409 0.6956 -0.009, 0.8465 0.6956 -0.009, 0.8465 1.0492 -0.0236, 0.9409 1.0492 -0.0236, 0.8465 1.0492 0.0118, 0.9409 1.0492 0.0118, 0.1378 0.7303 0.0118, 0.1378 1.0492 0.0118, 0.0591 0.7303 0.0118, 0.0591 1.0492 0.0118, 0.1378 1.0492 -0.0236, 0.0591 1.0492 -0.0236, 0.1378 0.7146 -0.0236, 0.0591 0.7146 -0.0236, 0.1378 0.6949 -0.0039, 0.0591 0.6949 -0.0039, 0.0591 0.6956 -0.009, 0.1378 0.6956 -0.009, 0.0591 0.6975 -0.0138, 0.1378 0.6975 -0.0138, 0.0591 0.7006 -0.0179, 0.1378 0.7006 -0.0179, 0.0591 0.7047 -0.021, 0.1378 0.7047 -0.021, 0.0591 0.7095 -0.023, 0.1378 0.7095 -0.023, 0.1378 0.6949 0.0157, 0.0591 0.6949 0.0157, 0.1378 0.7303 0.0157, 0.0591 0.7303 0.0157, -0.2362 -0.8996 0.5394, -0.2362 -0.8996 0.5, -0.3543 -0.8996 0.5394, -0.3543 -0.8996 0.5, -0.2362 -1.8248 0.5394, -0.3543 -1.8248 0.5394, -0.2362 -1.8248 0.5, -0.3543 -1.8248 0.5, 0.9508 0.7303 0.0118, 0.9508 0.7303 0.0157, 1.0453 0.7303 0.0118, 1.0453 0.7303 0.0157, 0.9508 0.6949 0.0157, 1.0453 0.6949 0.0157, 0.9508 0.6949 -0.0039, 1.0453 0.6949 -0.0039, 0.9508 0.7146 -0.0236, 1.0453 0.7146 -0.0236, 1.0453 0.7095 -0.023, 0.9508 0.7095 -0.023, 1.0453 0.7047 -0.021, 0.9508 0.7047 -0.021, 1.0453 0.7006 -0.0179, 0.9508 0.7006 -0.0179, 1.0453 0.6975 -0.0138, 0.9508 0.6975 -0.0138, 1.0453 0.6956 -0.009, 0.9508 0.6956 -0.009, 0.9508 1.0492 -0.0236, 1.0453 1.0492 -0.0236, 0.9508 1.0492 0.0118, 1.0453 1.0492 0.0118, -0.7283 1.0492 0.0118, -0.7283 0.7303 0.0118, -0.6496 1.0492 0.0118, -0.6496 0.7303 0.0118, -0.7283 1.0492 -0.0236, -0.6496 1.0492 -0.0236, -0.7283 0.7146 -0.0236, -0.6496 0.7146 -0.0236, -0.6496 0.7095 -0.023, -0.7283 0.7095 -0.023, -0.6496 0.7047 -0.021, -0.7283 0.7047 -0.021, -0.6496 0.7006 -0.0179, -0.7283 0.7006 -0.0179, -0.6496 0.6975 -0.0138, -0.7283 0.6975 -0.0138, -0.6496 0.6956 -0.009, -0.7283 0.6956 -0.009, -0.6496 0.6949 -0.0039, -0.7283 0.6949 -0.0039, -0.7283 0.6949 0.0157, -0.6496 0.6949 0.0157, -0.7283 0.7303 0.0157, -0.6496 0.7303 0.0157, 0.7283 0.7303 0.0118, 0.7283 1.0492 0.0118, 0.6496 0.7303 0.0118, 0.6496 1.0492 0.0118, 0.7283 1.0492 -0.0236, 0.6496 1.0492 -0.0236, 0.7283 0.7146 -0.0236, 0.6496 0.7146 -0.0236, 0.7283 0.6949 -0.0039, 0.6496 0.6949 -0.0039, 0.6496 0.6956 -0.009, 0.7283 0.6956 -0.009, 0.6496 0.6975 -0.0138, 0.7283 0.6975 -0.0138, 0.6496 0.7006 -0.0179, 0.7283 0.7006 -0.0179, 0.6496 0.7047 -0.021, 0.7283 0.7047 -0.021, 0.6496 0.7095 -0.023, 0.7283 0.7095 -0.023, 0.7283 0.6949 0.0157, 0.6496 0.6949 0.0157, 0.7283 0.7303 0.0157, 0.6496 0.7303 0.0157, 0.5315 0.7303 0.0118, 0.5315 1.0492 0.0118, 0.4528 0.7303 0.0118, 0.4528 1.0492 0.0118, 0.5315 1.0492 -0.0236, 0.4528 1.0492 -0.0236, 0.5315 0.7146 -0.0236, 0.4528 0.7146 -0.0236, 0.5315 0.6949 -0.0039, 0.4528 0.6949 -0.0039, 0.4528 0.6956 -0.009, 0.5315 0.6956 -0.009, 0.4528 0.6975 -0.0138, 0.5315 0.6975 -0.0138, 0.4528 0.7006 -0.0179, 0.5315 0.7006 -0.0179, 0.4528 0.7047 -0.021, 0.5315 0.7047 -0.021, 0.4528 0.7095 -0.023, 0.5315 0.7095 -0.023, 0.5315 0.6949 0.0157, 0.4528 0.6949 0.0157, 0.5315 0.7303 0.0157, 0.4528 0.7303 0.0157, -0.1772 -1.8642 0.7362, -0.1772 -0.998 0.7362, -0.0591 -1.8642 0.7362, -0.0591 -0.998 0.7362, -0.0591 -0.998 0.7756, -0.1772 -0.998 0.7756, -0.0591 -1.8642 0.7756, -0.1772 -1.8642 0.7756, -0.0591 -0.8996 0.5394, -0.0591 -0.8996 0.5, -0.1772 -0.8996 0.5394, -0.1772 -0.8996 0.5, -0.0591 -1.8248 0.5394, -0.1772 -1.8248 0.5394, -0.0591 -1.8248 0.5, -0.1772 -1.8248 0.5, -0.1378 1.0492 0.0118, -0.1378 0.7303 0.0118, -0.0591 1.0492 0.0118, -0.0591 0.7303 0.0118, -0.1378 1.0492 -0.0236, -0.0591 1.0492 -0.0236, -0.1378 0.7146 -0.0236, -0.0591 0.7146 -0.0236, -0.0591 0.7095 -0.023, -0.1378 0.7095 -0.023, -0.0591 0.7047 -0.021, -0.1378 0.7047 -0.021, -0.0591 0.7006 -0.0179, -0.1378 0.7006 -0.0179, -0.0591 0.6975 -0.0138, -0.1378 0.6975 -0.0138, -0.0591 0.6956 -0.009, -0.1378 0.6956 -0.009, -0.0591 0.6949 -0.0039, -0.1378 0.6949 -0.0039, -0.1378 0.6949 0.0157, -0.0591 0.6949 0.0157, -0.1378 0.7303 0.0157, -0.0591 0.7303 0.0157, -0.5315 1.0492 0.0118, -0.5315 0.7303 0.0118, -0.4528 1.0492 0.0118, -0.4528 0.7303 0.0118, -0.5315 1.0492 -0.0236, -0.4528 1.0492 -0.0236, -0.5315 0.7146 -0.0236, -0.4528 0.7146 -0.0236, -0.4528 0.7095 -0.023, -0.5315 0.7095 -0.023, -0.4528 0.7047 -0.021, -0.5315 0.7047 -0.021, -0.4528 0.7006 -0.0179, -0.5315 0.7006 -0.0179, -0.4528 0.6975 -0.0138, -0.5315 0.6975 -0.0138, -0.4528 0.6956 -0.009, -0.5315 0.6956 -0.009, -0.4528 0.6949 -0.0039, -0.5315 0.6949 -0.0039, -0.5315 0.6949 0.0157, -0.4528 0.6949 0.0157, -0.5315 0.7303 0.0157, -0.4528 0.7303 0.0157, 0.3346 0.7303 0.0118, 0.3346 1.0492 0.0118, 0.2559 0.7303 0.0118, 0.2559 1.0492 0.0118, 0.3346 1.0492 -0.0236, 0.2559 1.0492 -0.0236, 0.3346 0.7146 -0.0236, 0.2559 0.7146 -0.0236, 0.3346 0.6949 -0.0039, 0.2559 0.6949 -0.0039, 0.2559 0.6956 -0.009, 0.3346 0.6956 -0.009, 0.2559 0.6975 -0.0138, 0.3346 0.6975 -0.0138, 0.2559 0.7006 -0.0179, 0.3346 0.7006 -0.0179, 0.2559 0.7047 -0.021, 0.3346 0.7047 -0.021, 0.2559 0.7095 -0.023, 0.3346 0.7095 -0.023, 0.3346 0.6949 0.0157, 0.2559 0.6949 0.0157, 0.3346 0.7303 0.0157, 0.2559 0.7303 0.0157, 0.1772 -0.8996 0.5, 0.0591 -0.8996 0.5, 0.1772 -0.8996 0.5394, 0.0591 -0.8996 0.5394, 0.1772 -1.8248 0.5, 0.1772 -1.8248 0.5394, 0.0591 -1.8248 0.5, 0.0591 -1.8248 0.5394
            ]
        }
        coordIndex [
            0,1,2,-1,2,1,3,-1,4,0,5,-1,5,0,2,-1,6,4,7,-1,7,4,5,-1,8,6,9,-1,9,6,7,-1,10,8,11,-1,11,8,9,-1,10,11,12,-1,10,12,13,-1,13,12,14,-1,13,14,15,-1,15,14,16,-1,15,16,17,-1,17,16,18,-1,17,18,19,-1,19,18,20,-1,19,20,21,-1,21,20,22,-1,21,22,23,-1,1,23,3,-1,3,23,22,-1,1,0,23,-1,23,0,4,-1,6,8,4,-1,4,8,10,-1,17,19,4,-1,4,19,21,-1,4,21,23,-1,10,13,4,-1,4,13,15,-1,4,15,17,-1,5,16,14,-1,2,3,5,-1,5,3,22,-1,9,7,11,-1,11,7,5,-1,11,5,12,-1,12,5,14,-1,22,20,5,-1,5,20,18,-1,5,18,16,-1,24,25,26,-1,26,25,27,-1,28,24,29,-1,29,24,26,-1,30,25,28,-1,28,25,24,-1,31,27,30,-1,30,27,25,-1,29,26,31,-1,31,26,27,-1,28,29,30,-1,30,29,31,-1,32,33,34,-1,34,33,35,-1,36,32,37,-1,37,32,34,-1,38,36,39,-1,39,36,37,-1,40,38,41,-1,41,38,39,-1,42,40,43,-1,43,40,41,-1,42,43,44,-1,42,44,45,-1,45,44,46,-1,45,46,47,-1,47,46,48,-1,47,48,49,-1,49,48,50,-1,49,50,51,-1,51,50,52,-1,51,52,53,-1,53,52,54,-1,53,54,55,-1,33,55,35,-1,35,55,54,-1,33,32,55,-1,55,32,36,-1,38,40,36,-1,36,40,42,-1,49,51,36,-1,36,51,53,-1,36,53,55,-1,42,45,36,-1,36,45,47,-1,36,47,49,-1,37,48,46,-1,34,35,37,-1,37,35,54,-1,41,39,43,-1,43,39,37,-1,43,37,44,-1,44,37,46,-1,54,52,37,-1,37,52,50,-1,37,50,48,-1,56,57,58,-1,58,57,59,-1,57,60,59,-1,59,60,61,-1,60,62,61,-1,61,62,63,-1,62,64,63,-1,63,64,65,-1,64,66,65,-1,65,66,67,-1,68,69,70,-1,68,70,71,-1,71,70,72,-1,71,72,73,-1,73,72,74,-1,73,74,75,-1,75,74,76,-1,75,76,77,-1,77,76,78,-1,77,78,79,-1,79,78,67,-1,79,67,66,-1,68,56,69,-1,69,56,58,-1,60,75,77,-1,57,56,60,-1,60,56,68,-1,64,62,66,-1,66,62,60,-1,66,60,79,-1,79,60,77,-1,68,71,60,-1,60,71,73,-1,60,73,75,-1,58,59,69,-1,69,59,61,-1,63,65,61,-1,61,65,67,-1,74,72,61,-1,61,72,70,-1,61,70,69,-1,67,78,61,-1,61,78,76,-1,61,76,74,-1,80,81,82,-1,82,81,83,-1,84,80,85,-1,85,80,82,-1,86,81,84,-1,84,81,80,-1,87,83,86,-1,86,83,81,-1,85,82,87,-1,87,82,83,-1,84,85,86,-1,86,85,87,-1,88,89,90,-1,90,89,91,-1,92,93,94,-1,94,93,95,-1,89,93,91,-1,91,93,92,-1,95,93,88,-1,88,93,89,-1,91,92,90,-1,90,92,94,-1,95,88,94,-1,94,88,90,-1,96,97,98,-1,98,97,99,-1,97,100,99,-1,99,100,101,-1,100,102,101,-1,101,102,103,-1,102,104,103,-1,103,104,105,-1,104,106,105,-1,105,106,107,-1,108,109,110,-1,108,110,111,-1,111,110,112,-1,111,112,113,-1,113,112,114,-1,113,114,115,-1,115,114,116,-1,115,116,117,-1,117,116,118,-1,117,118,119,-1,119,118,107,-1,119,107,106,-1,108,96,109,-1,109,96,98,-1,100,115,117,-1,97,96,100,-1,100,96,108,-1,104,102,106,-1,106,102,100,-1,106,100,119,-1,119,100,117,-1,108,111,100,-1,100,111,113,-1,100,113,115,-1,98,99,109,-1,109,99,101,-1,103,105,101,-1,101,105,107,-1,114,112,101,-1,101,112,110,-1,101,110,109,-1,107,118,101,-1,101,118,116,-1,101,116,114,-1,120,121,122,-1,122,121,123,-1,124,120,125,-1,125,120,122,-1,126,121,124,-1,124,121,120,-1,127,123,126,-1,126,123,121,-1,125,122,127,-1,127,122,123,-1,124,125,126,-1,126,125,127,-1,128,129,130,-1,130,129,131,-1,132,128,133,-1,133,128,130,-1,134,132,135,-1,135,132,133,-1,134,135,136,-1,134,136,137,-1,137,136,138,-1,137,138,139,-1,139,138,140,-1,139,140,141,-1,141,140,142,-1,141,142,143,-1,143,142,144,-1,143,144,145,-1,145,144,146,-1,145,146,147,-1,148,147,149,-1,149,147,146,-1,150,148,151,-1,151,148,149,-1,129,150,131,-1,131,150,151,-1,129,141,143,-1,128,132,129,-1,129,132,134,-1,148,150,147,-1,147,150,129,-1,147,129,145,-1,145,129,143,-1,134,137,129,-1,129,137,139,-1,129,139,141,-1,133,130,135,-1,135,130,131,-1,151,149,131,-1,131,149,146,-1,140,138,131,-1,131,138,136,-1,131,136,135,-1,146,144,131,-1,131,144,142,-1,131,142,140,-1,152,153,154,-1,154,153,155,-1,156,152,157,-1,157,152,154,-1,158,156,159,-1,159,156,157,-1,158,159,160,-1,158,160,161,-1,161,160,162,-1,161,162,163,-1,163,162,164,-1,163,164,165,-1,165,164,166,-1,165,166,167,-1,167,166,168,-1,167,168,169,-1,169,168,170,-1,169,170,171,-1,172,171,173,-1,173,171,170,-1,174,172,175,-1,175,172,173,-1,153,174,155,-1,155,174,175,-1,153,165,167,-1,152,156,153,-1,153,156,158,-1,172,174,171,-1,171,174,153,-1,171,153,169,-1,169,153,167,-1,158,161,153,-1,153,161,163,-1,153,163,165,-1,155,164,162,-1,175,173,155,-1,155,173,170,-1,157,154,159,-1,159,154,155,-1,159,155,160,-1,160,155,162,-1,170,168,155,-1,155,168,166,-1,155,166,164,-1,176,177,178,-1,178,177,179,-1,180,176,181,-1,181,176,178,-1,182,177,180,-1,180,177,176,-1,183,179,182,-1,182,179,177,-1,181,178,183,-1,183,178,179,-1,180,181,182,-1,182,181,183,-1,184,185,186,-1,186,185,187,-1,188,184,189,-1,189,184,186,-1,190,185,188,-1,188,185,184,-1,191,187,190,-1,190,187,185,-1,189,186,191,-1,191,186,187,-1,188,189,190,-1,190,189,191,-1,192,193,194,-1,194,193,195,-1,193,196,195,-1,195,196,197,-1,196,198,197,-1,197,198,199,-1,200,201,202,-1,200,202,203,-1,203,202,204,-1,203,204,205,-1,205,204,206,-1,205,206,207,-1,207,206,208,-1,207,208,209,-1,209,208,210,-1,209,210,211,-1,211,210,199,-1,211,199,198,-1,200,212,201,-1,201,212,213,-1,212,214,213,-1,213,214,215,-1,214,192,215,-1,215,192,194,-1,196,193,198,-1,198,193,192,-1,214,212,192,-1,192,212,200,-1,207,209,192,-1,192,209,211,-1,192,211,198,-1,200,203,192,-1,192,203,205,-1,192,205,207,-1,194,206,204,-1,195,197,194,-1,194,197,199,-1,213,215,201,-1,201,215,194,-1,201,194,202,-1,202,194,204,-1,199,210,194,-1,194,210,208,-1,194,208,206,-1,216,217,218,-1,218,217,219,-1,217,220,219,-1,219,220,221,-1,220,222,221,-1,221,222,223,-1,224,225,226,-1,224,226,227,-1,227,226,228,-1,227,228,229,-1,229,228,230,-1,229,230,231,-1,231,230,232,-1,231,232,233,-1,233,232,234,-1,233,234,235,-1,235,234,223,-1,235,223,222,-1,224,236,225,-1,225,236,237,-1,236,238,237,-1,237,238,239,-1,238,216,239,-1,239,216,218,-1,216,231,233,-1,238,236,216,-1,216,236,224,-1,220,217,222,-1,222,217,216,-1,222,216,235,-1,235,216,233,-1,224,227,216,-1,216,227,229,-1,216,229,231,-1,237,239,225,-1,225,239,218,-1,219,221,218,-1,218,221,223,-1,230,228,218,-1,218,228,226,-1,218,226,225,-1,223,234,218,-1,218,234,232,-1,218,232,230,-1,240,241,242,-1,242,241,243,-1,244,240,245,-1,245,240,242,-1,246,241,244,-1,244,241,240,-1,247,243,246,-1,246,243,241,-1,245,242,247,-1,247,242,243,-1,244,245,246,-1,246,245,247,-1,248,249,250,-1,250,249,251,-1,249,252,251,-1,251,252,253,-1,252,254,253,-1,253,254,255,-1,256,257,258,-1,256,258,259,-1,259,258,260,-1,259,260,261,-1,261,260,262,-1,261,262,263,-1,263,262,264,-1,263,264,265,-1,265,264,266,-1,265,266,267,-1,267,266,255,-1,267,255,254,-1,256,268,257,-1,257,268,269,-1,268,270,269,-1,269,270,271,-1,270,248,271,-1,271,248,250,-1,252,249,254,-1,254,249,248,-1,270,268,248,-1,248,268,256,-1,263,265,248,-1,248,265,267,-1,248,267,254,-1,256,259,248,-1,248,259,261,-1,248,261,263,-1,250,262,260,-1,251,253,250,-1,250,253,255,-1,269,271,257,-1,257,271,250,-1,257,250,258,-1,258,250,260,-1,255,266,250,-1,250,266,264,-1,250,264,262,-1,272,273,274,-1,274,273,275,-1,276,272,277,-1,277,272,274,-1,278,276,279,-1,279,276,277,-1,278,279,280,-1,278,280,281,-1,281,280,282,-1,281,282,283,-1,283,282,284,-1,283,284,285,-1,285,284,286,-1,285,286,287,-1,287,286,288,-1,287,288,289,-1,289,288,290,-1,289,290,291,-1,292,291,293,-1,293,291,290,-1,294,292,295,-1,295,292,293,-1,273,294,275,-1,275,294,295,-1,292,294,291,-1,291,294,273,-1,272,276,273,-1,273,276,278,-1,285,287,273,-1,273,287,289,-1,273,289,291,-1,278,281,273,-1,273,281,283,-1,273,283,285,-1,275,284,282,-1,295,293,275,-1,275,293,290,-1,277,274,279,-1,279,274,275,-1,279,275,280,-1,280,275,282,-1,290,288,275,-1,275,288,286,-1,275,286,284,-1,296,297,298,-1,298,297,299,-1,297,300,299,-1,299,300,301,-1,300,302,301,-1,301,302,303,-1,304,305,306,-1,304,306,307,-1,307,306,308,-1,307,308,309,-1,309,308,310,-1,309,310,311,-1,311,310,312,-1,311,312,313,-1,313,312,314,-1,313,314,315,-1,315,314,303,-1,315,303,302,-1,304,316,305,-1,305,316,317,-1,316,318,317,-1,317,318,319,-1,318,296,319,-1,319,296,298,-1,296,311,313,-1,318,316,296,-1,296,316,304,-1,300,297,302,-1,302,297,296,-1,302,296,315,-1,315,296,313,-1,304,307,296,-1,296,307,309,-1,296,309,311,-1,317,319,305,-1,305,319,298,-1,299,301,298,-1,298,301,303,-1,310,308,298,-1,298,308,306,-1,298,306,305,-1,303,314,298,-1,298,314,312,-1,298,312,310,-1,320,321,322,-1,322,321,323,-1,321,324,323,-1,323,324,325,-1,324,326,325,-1,325,326,327,-1,328,329,330,-1,328,330,331,-1,331,330,332,-1,331,332,333,-1,333,332,334,-1,333,334,335,-1,335,334,336,-1,335,336,337,-1,337,336,338,-1,337,338,339,-1,339,338,327,-1,339,327,326,-1,328,340,329,-1,329,340,341,-1,340,342,341,-1,341,342,343,-1,342,320,343,-1,343,320,322,-1,320,335,337,-1,342,340,320,-1,320,340,328,-1,324,321,326,-1,326,321,320,-1,326,320,339,-1,339,320,337,-1,328,331,320,-1,320,331,333,-1,320,333,335,-1,341,343,329,-1,329,343,322,-1,323,325,322,-1,322,325,327,-1,334,332,322,-1,322,332,330,-1,322,330,329,-1,327,338,322,-1,322,338,336,-1,322,336,334,-1,344,345,346,-1,346,345,347,-1,348,349,350,-1,350,349,351,-1,345,349,347,-1,347,349,348,-1,351,349,344,-1,344,349,345,-1,347,348,346,-1,346,348,350,-1,351,344,350,-1,350,344,346,-1,352,353,354,-1,354,353,355,-1,356,352,357,-1,357,352,354,-1,358,353,356,-1,356,353,352,-1,359,355,358,-1,358,355,353,-1,357,354,359,-1,359,354,355,-1,356,357,358,-1,358,357,359,-1,360,361,362,-1,362,361,363,-1,364,360,365,-1,365,360,362,-1,366,364,367,-1,367,364,365,-1,366,367,368,-1,366,368,369,-1,369,368,370,-1,369,370,371,-1,371,370,372,-1,371,372,373,-1,373,372,374,-1,373,374,375,-1,375,374,376,-1,375,376,377,-1,377,376,378,-1,377,378,379,-1,380,379,381,-1,381,379,378,-1,382,380,383,-1,383,380,381,-1,361,382,363,-1,363,382,383,-1,380,382,379,-1,379,382,361,-1,360,364,361,-1,361,364,366,-1,373,375,361,-1,361,375,377,-1,361,377,379,-1,366,369,361,-1,361,369,371,-1,361,371,373,-1,363,372,370,-1,383,381,363,-1,363,381,378,-1,365,362,367,-1,367,362,363,-1,367,363,368,-1,368,363,370,-1,378,376,363,-1,363,376,374,-1,363,374,372,-1,384,385,386,-1,386,385,387,-1,388,384,389,-1,389,384,386,-1,390,388,391,-1,391,388,389,-1,390,391,392,-1,390,392,393,-1,393,392,394,-1,393,394,395,-1,395,394,396,-1,395,396,397,-1,397,396,398,-1,397,398,399,-1,399,398,400,-1,399,400,401,-1,401,400,402,-1,401,402,403,-1,404,403,405,-1,405,403,402,-1,406,404,407,-1,407,404,405,-1,385,406,387,-1,387,406,407,-1,404,406,403,-1,403,406,385,-1,384,388,385,-1,385,388,390,-1,397,399,385,-1,385,399,401,-1,385,401,403,-1,390,393,385,-1,385,393,395,-1,385,395,397,-1,387,396,394,-1,407,405,387,-1,387,405,402,-1,389,386,391,-1,391,386,387,-1,391,387,392,-1,392,387,394,-1,402,400,387,-1,387,400,398,-1,387,398,396,-1,408,409,410,-1,410,409,411,-1,409,412,411,-1,411,412,413,-1,412,414,413,-1,413,414,415,-1,416,417,418,-1,416,418,419,-1,419,418,420,-1,419,420,421,-1,421,420,422,-1,421,422,423,-1,423,422,424,-1,423,424,425,-1,425,424,426,-1,425,426,427,-1,427,426,415,-1,427,415,414,-1,416,428,417,-1,417,428,429,-1,428,430,429,-1,429,430,431,-1,430,408,431,-1,431,408,410,-1,408,423,425,-1,430,428,408,-1,408,428,416,-1,412,409,414,-1,414,409,408,-1,414,408,427,-1,427,408,425,-1,416,419,408,-1,408,419,421,-1,408,421,423,-1,429,431,417,-1,417,431,410,-1,411,413,410,-1,410,413,415,-1,422,420,410,-1,410,420,418,-1,410,418,417,-1,415,426,410,-1,410,426,424,-1,410,424,422,-1,432,433,434,-1,434,433,435,-1,436,432,437,-1,437,432,434,-1,438,433,436,-1,436,433,432,-1,439,435,438,-1,438,435,433,-1,437,434,439,-1,439,434,435,-1,436,437,438,-1,438,437,439,-1,
        ]
    }
}